directory_id,company,contact_name,contact_role,email,phone,website,state,category,institutional_vs_broker,fit_status,capital_status,priority_score,loan_min,loan_max,reported_fund_size,reported_private_fund_gav,average_investment,email_source_url,phone_source_url,source_name,source_url,retrieved_at,notes
CF-8F23AFA3A8C7,1187 Lending Company,,,nick@1187lending.com,1-817-646-4200,https://www.1187lending.com/,,working_capital,mandate_and_direct_funding_status_unconfirmed,potential_revenue_underwriting,published_program_capacity_not_liquidity,90,,500000,,,,,,Company website public contacts and product pages,https://www.1187lending.com/,2026-09-30,Advertises up to $500K working capital.
CF-BCF3ECDCE2A9,18 Sierra Financial,,,info@18sierrafinancial.com,1-719-600-2210,https://18sierrafinancial.com/,,unsecured_business,mandate_and_direct_funding_status_unconfirmed,potential_revenue_underwriting,published_program_capacity_not_liquidity,90,100000,500000,,,,,,Company website public contacts and product pages,https://18sierrafinancial.com/,2026-09-30,"Established businesses and revenue history required.
Public directory listing. Lender/broker role, available cash, unsecured fulfillment eligibility and equity willingness need direct confirmation. Directory description: COLORADO SPRINGS, CO A leading provider of alternative funding solutions. Our financial experts can help you find a financing option"
CF-5452A5E53C04,Alpha Commercial Capital,,,info@alphacommercialcapital.com,1-201-913-4358,https://alphacommercialcapital.com/,TX,unsecured_business,mandate_and_direct_funding_status_unconfirmed,potential_revenue_underwriting,published_program_capacity_not_liquidity,90,,500000,,,,,,Company-published contact page,https://alphacommercialcapital.com/,2026-09-30,At least $1M established annual revenue indicated.
CF-23CBADE91E8D,American Direct Funding,,,info@americandirectfunding.com,1-855-955-4921,https://americandirectfunding.com/,,working_capital,mandate_and_direct_funding_status_unconfirmed,potential_revenue_underwriting,published_program_capacity_not_liquidity,90,5000,500000,,,,,,Company website public contacts and product pages,https://americandirectfunding.com/,2026-09-30,Published working-capital range $5K-$500K.
CF-B6C76A387E6E,American Funding Association,,,info@americanfundingassociation.com,1-855-910-1500,https://americanfundingassociation.com/,,revenue_based,mandate_and_direct_funding_status_unconfirmed,potential_revenue_underwriting,published_program_capacity_not_liquidity,90,50000,5000000,,,,,,Company website public contacts and product pages,https://americanfundingassociation.com/,2026-09-30,Advertises $50K-$5M subject to business qualifications.
CF-2766FF9E4D4E,AMZA Capital,,,info@amzacapital.com,1-888-858-3241,https://amzacapital.com/,,unsecured_business,mandate_and_direct_funding_status_unconfirmed,potential_revenue_underwriting,published_program_capacity_not_liquidity,90,100000,500000,,,,,,Company website public contacts and product pages,https://amzacapital.com/,2026-09-30,Established business and verified annual revenue over $1M indicated.
CF-410825CAF16C,Anchor Funding,,,info@anchorfundingllc.com,1-210-400-1841,https://anchorfundingllc.com/,,unsecured_business,mandate_and_direct_funding_status_unconfirmed,potential_revenue_underwriting,published_program_capacity_not_liquidity,90,,500000,,,,,,Company website public contacts and product pages,https://anchorfundingllc.com/,2026-09-30,Established annual revenue/creditworthiness required.
CF-A98EE3F36ED0,Andij Capital Consulting,Alex E. Tatem III,,info@andijcapital.com,1-757-705-7206,https://andijcapital.com/,VA,unsecured_business,mandate_and_direct_funding_status_unconfirmed,potential_revenue_underwriting,published_program_capacity_not_liquidity,90,,500000,,,,,,Company-published contact footer,https://andijcapital.com/,2026-09-30,Established revenues $1M-$10M indicated.
CF-C176C7F50185,Angle Financial Services,,,info@anglefinancialservices.com,1-302-735-7526,https://www.anglefinancialservices.com/,,unsecured_business,mandate_and_direct_funding_status_unconfirmed,potential_credit_underwriting,published_program_capacity_not_liquidity,90,10000,500000,,,,,,Company website public contacts and product pages,https://www.anglefinancialservices.com/,2026-09-30,"Startup and established businesses; credit-based program, published $500K total maximum."
CF-67FCE1BCDFA8,ARF Financial,Steve Glenn,,funding@arffinancial.com,1-866-702-4430,https://www.arffinancial.com/,,unsecured_business,mandate_and_direct_funding_status_unconfirmed,potential_revenue_underwriting,published_program_capacity_not_liquidity,90,,500000,,,,,,Company website public contacts and product pages,https://www.arffinancial.com/,2026-09-30,"Single-entity limit up to $500K; multi-location program up to $750K; operating revenue underwriting.
Anonymously accessible public AACFB funding directory Show all list, association member claim as funding source. Public named funding contact, phone and email; current liquid cash >=$500K, fulfillment mandate, real estate mandate and equity willingness not verified. Directory includes equipment and business finance firms, so collateral/mandate fit must be confirmed. No account/login used.
Public directory listing. Lender/broker role, available cash, unsecured fulfillment eligibility and equity willingness need direct confirmation. Directory description: LOS ANGELES, CA BRIDGE LENDER As the leading financial services company for tens of thousands of businesses across the country,"
CF-C9A429BAB9E6,BCK Financial,,,info@bckfinance.com,1-248-925-8339,https://www.bckfinance.com/,,working_capital,mandate_and_direct_funding_status_unconfirmed,potential_revenue_underwriting,published_program_capacity_not_liquidity,90,,500000,,,,,,Company website public contacts and product pages,https://www.bckfinance.com/,2026-09-30,Advertises up to $500K working-capital loans.
CF-A5EE1CAF9BDF,Brent Funding Partners,,,info@brentfundingpartners.com,1-678-692-7994,https://brentfundingpartners.com/,,contract_finance_advisor,mandate_and_direct_funding_status_unconfirmed,potential_contract_review,capacity_unverified,90,,,,,,,,Company website public contacts and product pages,https://brentfundingpartners.com/,2026-09-30,"No borrower approval or available cash verified. Any published borrowing limits are marketing capacity, not verified liquidity."
CF-8AA83D282DCD,Byzfunder,,,info@byzfunder.com,1-888-476-0755,https://byzfunder.com/,,revenue_based,mandate_and_direct_funding_status_unconfirmed,potential_revenue_underwriting,published_program_capacity_not_liquidity,90,25000,500000,,,,,,Company website public contacts and product pages,https://byzfunder.com/,2026-09-30,"No borrower approval or available cash verified. Any published borrowing limits are marketing capacity, not verified liquidity.
Public directory listing; contact ownership, lender/broker role, present operations, deployable $500K cash and unsecured/equity appetite remain unverified. NEW YORK CITY, NY PRIVATE LENDER We understand the financial needs of a small-medium businesses and created the solution to help you grow."
CF-867A72BEA7A6,CFG Merchant Solutions,,,info@cfgms.com,1-844-662-3467,https://cfgmerchantsolutions.com/,,revenue_based,mandate_and_direct_funding_status_unconfirmed,potential_revenue_underwriting,published_program_capacity_not_liquidity,90,10000,500000,,,,,,Company website public contacts and product pages,https://cfgmerchantsolutions.com/,2026-09-30,"No borrower approval or available cash verified. Any published borrowing limits are marketing capacity, not verified liquidity."
CF-759831086F8A,Clear Skies Capital,,,info@clearskiescapital.com,1-800-230-9822,https://www.clearskiescapital.com/,,revenue_based,mandate_and_direct_funding_status_unconfirmed,potential_revenue_underwriting,published_program_capacity_not_liquidity,90,,2000000,,,,,,Company website public contacts and product pages,https://www.clearskiescapital.com/,2026-09-30,"Published $1M/$2M capacity differs by page; max $2M marketing evidence, not approval.
Public directory listing. Lender/broker role, available cash, unsecured fulfillment eligibility and equity willingness need direct confirmation. Directory description: SAN DIEGO, CA PRIVATE LENDER We’re committed to offering a seamless lending experience while developing a financing partnership for the"
CF-66E715DD5ABA,Credibly,,,customerservice@credibly.com,1-888-664-1444,https://www.credibly.com/,,revenue_based,mandate_and_direct_funding_status_unconfirmed,potential_revenue_underwriting,published_program_capacity_not_liquidity,90,25000,600000,,,,,,Official company contact page,https://www.credibly.com/,2026-09-30,"Published program eligibility requires underwriting; available cash and borrower approval unverified.
Customer-service routing address; funding sales email not exposed unmasked."
CF-E9F2C05F0AEA,Credit Capital,,,info@creditcapinc.com,1-212-301-2454,https://www.creditcapinc.com/,,working_capital,mandate_and_direct_funding_status_unconfirmed,potential_contract_review,published_program_capacity_not_liquidity,90,,500000,,,,,,Company website public contacts and product pages,https://www.creditcapinc.com/,2026-09-30,"July 2025 primary announcement of $500K construction working-capital funding through lender network; broker role, not verified available cash."
CF-F1A90D6F9AC7,Crestmont Capital,,,info@crestmontcapital.com,1-800-949-0401,https://www.crestmontcapital.com/,CA,unsecured_real_estate_business,mandate_and_direct_funding_status_unconfirmed,potential_revenue_underwriting,capacity_unverified,90,,,,,,,,"Company-published terms, contact section 24",https://www.crestmontcapital.com/,2026-09-30,Advertised business financing capability only; no borrower approval or minimum available cash verified.
CF-C83D46A07E62,Doriscar Capital Group,,,info@doriscarcapital.com,1-561-467-5117,https://doriscarcapital.com/,,unsecured_business,mandate_and_direct_funding_status_unconfirmed,potential_revenue_underwriting,published_program_capacity_not_liquidity,90,,500000,,,,,,Company website public contacts and product pages,https://doriscarcapital.com/,2026-09-30,Income verification indicated for $500K line.
CF-D8D26D4E516B,Everest Business Funding,,,info@everestbusinessfunding.com,1-800-619-2943,https://everestbusinessfunding.com/,,revenue_based,mandate_and_direct_funding_status_unconfirmed,potential_revenue_underwriting,capacity_unverified,90,,,,,,,,Company website public contacts and product pages,https://everestbusinessfunding.com/,2026-09-30,"No borrower approval or available cash verified. Any published borrowing limits are marketing capacity, not verified liquidity."
CF-B500333CC64B,Expansion Capital Group,,,queries@ecg.com,1-877-204-9203,https://www.ecg.com/,,working_capital,mandate_and_direct_funding_status_unconfirmed,potential_revenue_underwriting,capacity_unverified,90,,,,,,,,Company website public contacts and product pages,https://www.ecg.com/,2026-09-30,"Current site claims $1.5B+ historical funding, not present available cash. Current published per-borrower limit not verified."
CF-D49253E80BB7,Financial Capital Solutions,,,info@financialcapitalsolutions.com,1-561-866-8182,https://financialcapitalsolutions.com/,,unsecured_business,mandate_and_direct_funding_status_unconfirmed,potential_revenue_underwriting,published_program_capacity_not_liquidity,90,,500000,,,,,,Company website public contacts and product pages,https://financialcapitalsolutions.com/,2026-09-30,Also offers property loans; proposed fit restricted to unsecured business products.
CF-F0661BD3FCCF,Fora Financial,Kajsa Garrett,,sales@forafinancial.com,1-888-221-6031,https://www.forafinancial.com/,,revenue_based,mandate_and_direct_funding_status_unconfirmed,potential_revenue_underwriting,published_program_capacity_not_liquidity,90,5000,1500000,,,,,,Company website public contacts and product pages,https://www.forafinancial.com/,2026-09-30,"Published program eligibility requires underwriting; available cash and borrower approval unverified.
Equipment finance funding source association member; direct capital source classification FS. FS < $50MM is an annual originations category, not liquid cash. Business working capital and contract fee finance eligibility unconfirmed.
Collateral assessment: equipment_collateral_mismatch"
CF-18B9C3CD5C87,Forward Financing,,,info@forwardfinancing.com,1-888-244-9099,https://www.forwardfinancing.com/,,revenue_based,mandate_and_direct_funding_status_unconfirmed,potential_revenue_underwriting,published_program_capacity_not_liquidity,90,5000,500000,,,,,,Company website public contacts and product pages,https://www.forwardfinancing.com/,2026-09-30,US business at least one year and $10K monthly revenue; Wyoming among available loan states.
CF-C7E8AD0C8704,Forwardfy Capital,,,info@forwardfy.com,1-855-393-7449,https://forwardfycapital.com/,,revenue_based,mandate_and_direct_funding_status_unconfirmed,potential_revenue_underwriting,published_program_capacity_not_liquidity,90,10000,6000000,,,,,,Company website public contacts and product pages,https://forwardfycapital.com/,2026-09-30,"Funding sized to prior four months' bank statements, rather than projections."
CF-0DBA36A79FF4,Funding Pilot,,,support@fundingpilot.com,1-888-860-2844,https://www.fundingpilot.com/,,unsecured_real_estate_business,mandate_and_direct_funding_status_unconfirmed,potential_credit_underwriting,published_program_capacity_not_liquidity,90,10000,500000,,,,,,Company website public contacts and product pages,https://www.fundingpilot.com/,2026-09-30,"Credit-based program, no income verification advertised; individual credit and guarantees must be checked.
Public directory listing. Lender/broker role, available cash, unsecured fulfillment eligibility and equity willingness need direct confirmation. Directory description: HOBOKEN, NJ ASSET BASED LENDER Here at FundingPilot we make sure to go above and beyond the traditional lending criteria."
CF-E3E1501C8ED9,FundKite,,,apply@fundkite.com,1-877-502-5003,https://fundkite.com/,,revenue_based,mandate_and_direct_funding_status_unconfirmed,potential_revenue_underwriting,published_program_capacity_not_liquidity,90,,2000000,,,,,,Company website public contacts and product pages,https://fundkite.com/,2026-09-30,Company says revenue receipts purchase with remittances tied to cash flow; not blanket factoring eligibility for contingent fees.
CF-96C4DD2E008E,GoKapital,,,info@gokapital.com,1-866-257-2973,https://www.gokapital.com/,,unsecured_business,mandate_and_direct_funding_status_unconfirmed,potential_revenue_underwriting,capacity_unverified,90,,,,,,,,Company website public contacts and product pages,https://www.gokapital.com/,2026-09-30,"No borrower approval or available cash verified. Any published borrowing limits are marketing capacity, not verified liquidity.
Directory profile describes property loans. Unsecured fulfillment financing/equity participation not verified. Published loan limits do not verify cash on hand."
CF-BE834DF364C6,Gold Card Capital,,,m_adelberg@goldcardcapital.com,1-855-479-9380,https://www.goldcardcapital.com/,,contract_financing,mandate_and_direct_funding_status_unconfirmed,potential_contract_review,capacity_unverified,90,,,,,,,,Company website public contacts and product pages,https://www.goldcardcapital.com/,2026-09-30,Short-term advances for completion of one or multiple commercial contracts.
CF-F5784B8B2299,Gold Funding Group,,,info@goldfundinggroup.com,1-800-818-1321,https://goldfundinggroup.com/,,working_capital,mandate_and_direct_funding_status_unconfirmed,potential_revenue_underwriting,published_program_capacity_not_liquidity,90,,1000000,,,,,,Company website public contacts and product pages,https://goldfundinggroup.com/,2026-09-30,Published program eligibility requires underwriting; available cash and borrower approval unverified.
CF-52325D80C096,Good Funding,,,info@goodfunding.com,1-888-908-8101,https://www.goodfunding.com/,,working_capital,mandate_and_direct_funding_status_unconfirmed,potential_revenue_underwriting,published_program_capacity_not_liquidity,90,,500000,,,,,,Company website public contacts and product pages,https://www.goodfunding.com/,2026-09-30,Advertises short-term working-capital funding up to $500K.
CF-F4E6DD1E00ED,Greenbox Capital,,,info@greenboxcapital.com,1-855-442-3423,https://www.greenboxcapital.com/,,working_capital,mandate_and_direct_funding_status_unconfirmed,potential_revenue_underwriting,published_program_capacity_not_liquidity,90,3000,500000,,,,,,Company website public contacts and product pages,https://www.greenboxcapital.com/,2026-09-30,"Published program eligibility requires underwriting; available cash and borrower approval unverified.
Public directory listing. Lender/broker role, available cash, unsecured fulfillment eligibility and equity willingness need direct confirmation. Directory description: MIAMI, FL PRIVATE LENDER Greenbox Capital is a direct funder in the merchant cash advance industry providing small businesses access"
CF-0B32EDC53140,Greenvest Funding,,,info@greenvestfunding.com,1-516-987-3686,https://www.greenvestfunding.com/,,working_capital,mandate_and_direct_funding_status_unconfirmed,potential_revenue_underwriting,published_program_capacity_not_liquidity,90,100000,5000000,,,,,,Company website public contacts and product pages,https://www.greenvestfunding.com/,2026-09-30,Published program eligibility requires underwriting; available cash and borrower approval unverified.
CF-7DBDA0507B13,Greenwood Capital Advisors,,,info@greenwoodcapital.net,1-202-973-0164,https://www.greenwoodcapital.net/,,unsecured_business,mandate_and_direct_funding_status_unconfirmed,potential_revenue_underwriting,published_program_capacity_not_liquidity,90,,500000,,,,,,Company website public contacts and product pages,https://www.greenwoodcapital.net/,2026-09-30,Published program eligibility requires underwriting; available cash and borrower approval unverified.
CF-6EF0E0ADA829,Hawthorne Corporate Credit,,,info@gohawthorne.com,1-646-568-9140,https://www.hawthornecorporatecredit.com/,,revenue_based,mandate_and_direct_funding_status_unconfirmed,potential_revenue_underwriting,published_program_capacity_not_liquidity,90,15000,1500000,,,,,,Company website public contacts and product pages,https://www.hawthornecorporatecredit.com/,2026-09-30,Public funding limits advertised; actual liquidity and 101XVC approval not verified.
CF-10F924E72951,Home Run Capital,,,info@homeruncapital.com,1-888-441-5010,https://homeruncapital.com/,,unsecured_business,mandate_and_direct_funding_status_unconfirmed,potential_revenue_underwriting,published_program_capacity_not_liquidity,90,,1000000,,,,,,Company website public contacts and product pages,https://homeruncapital.com/,2026-09-30,Published program eligibility requires underwriting; available cash and borrower approval unverified.
CF-2C287CF9DD89,Inter Capital Network,,,info@intercapitalnetwork.com,1-844-938-6333,https://intercapitalnetwork.com/,,contract_financing,mandate_and_direct_funding_status_unconfirmed,potential_contract_review,capacity_unverified,90,,,,,,,,Company website public contacts and product pages,https://intercapitalnetwork.com/,2026-09-30,Commercial contract financing advertised; conditional fees from future property closings are not automatically eligible contracts or invoices.
CF-144CDA903A2E,Kapitus,Ben Johnston,,info@kapitus.com,1-800-780-7133,https://kapitus.com/,,revenue_based,mandate_and_direct_funding_status_unconfirmed,potential_revenue_underwriting,published_program_capacity_not_liquidity,90,5000,5000000,,,,,,Company-published financing checklist,https://kapitus.com/,2026-09-30,"Published program eligibility requires underwriting; available cash and borrower approval unverified.
Published email in company PDF; dated 2019 source, revalidate before outreach.
Equipment finance funding source association member; direct capital source classification FS. FS < $50MM is an annual originations category, not liquid cash. Business working capital and contract fee finance eligibility unconfirmed.
Collateral assessment: equipment_collateral_mismatch"
CF-59D864C3F113,Leading Edge Commercial Capital,,,info@leadingedgecc.com,1-720-926-1680,https://leadingedgecc.com/,,unsecured_business,mandate_and_direct_funding_status_unconfirmed,potential_revenue_underwriting,published_program_capacity_not_liquidity,90,100000,500000,,,,,,Company website public contacts and product pages,https://leadingedgecc.com/,2026-09-30,"Established annual revenues over $1M indicated.
Business Loans & Commercial Financing | Leading Edge Commercial Capital Home SBA Financing Solutions SBA 7(a) SBA 504 SBA Express Commercial Real Estate Financing Construction & Development Financing Working Capital & Speciality Financing Referral Partner Industries Insights Financing Spotlights Select Page WHERE CAPITAL MEETS STRATEGY. Customized Financing Solutions. Helping business owners, commercial real estate investors, developers, and builders make informed capital decisions through strategic guidance and customized financing solutions. Access to banks, non-bank lenders, private credit, and specialty finance solutions. SCHEDULE A CONSULTATION EXPLORE FINANCING SOLUTIONS 21+Years of Financial Services Experience $250K- $50MFinancing Solutions Bank & Non-BankCapital Sources OneTrusted Advisor From Strategy Through Closing MORE THAN FINANCING. Strategic Capital Guidance. Every financing decision has long-term implications. Our role is to understand your objectives, evaluate financing options, structure the right capital solution, and guide you through the process from strategy to closing. By leveraging relationships with banks, SBA lenders, commercial real estate lenders, private credit providers, and specialty finance companies, we deliver customized financing solutions tailored to your business–not to a single lender's products. LEARN MORE ABOUT OUR APPROACH OUR AREAS OF EXPERTISE Financing Solutions for Every Stage of Growth SBA Financing Business acquisitions, owner buyouts, real estate, equipment purchases, refinancing and working capital. Learn More → Commercial Real Estate Acquisition, refinance, bridge financing, construction, investment properties and owner-occupied properties. Learn More → Construction & Development Ground-up construction, renovation,
Collateral assessment: unknown"
CF-45395B9E8CDC,Lendon Capital,,,info@lendoncapital.com,1-844-902-3080,https://lendoncapital.com/,,unsecured_business,mandate_and_direct_funding_status_unconfirmed,potential_revenue_underwriting,capacity_unverified,90,,,,,,,,Company website public contacts and product pages,https://lendoncapital.com/,2026-09-30,Advertised business financing capability only; no borrower approval or minimum available cash verified.
CF-A80D3DE93543,Lendr,,,support@lendr.online,1-312-878-5118,https://lendr.online/,,revenue_based,mandate_and_direct_funding_status_unconfirmed,potential_revenue_underwriting,capacity_unverified,90,,,,,,,,Company website public contacts and product pages,https://lendr.online/,2026-09-30,"No borrower approval or available cash verified. Any published borrowing limits are marketing capacity, not verified liquidity."
CF-70A544F2C167,Libertas Funding,,,customer.service@libertasfunding.com,1-800-704-8675,https://libertasfunding.com/,,revenue_based,mandate_and_direct_funding_status_unconfirmed,potential_revenue_underwriting,capacity_unverified,90,,,,,,,,Company website public contacts and product pages,https://libertasfunding.com/,2026-09-30,"No borrower approval or available cash verified. Any published borrowing limits are marketing capacity, not verified liquidity."
CF-E23C708DFEC5,MACO Financial,,,info@macofinancial.com,1-414-600-0123,https://www.macofinancial.com/,,unsecured_business,mandate_and_direct_funding_status_unconfirmed,potential_credit_underwriting,published_program_capacity_not_liquidity,90,20000,500000,,,,,,Company website public contacts and product pages,https://www.macofinancial.com/,2026-09-30,Business-gap financing as distinct from real estate lien products.
CF-9784DB7A2A95,Muth Capital,,,info@muthcapital.com,1-914-999-2855,https://www.muthcapital.com/,,unsecured_business,mandate_and_direct_funding_status_unconfirmed,potential_revenue_underwriting,published_program_capacity_not_liquidity,90,100000,500000,,,,,,Company website public contacts and product pages,https://www.muthcapital.com/,2026-09-30,Published program eligibility requires underwriting; available cash and borrower approval unverified.
CF-6E447103F4C1,National Funding,,,apply@nationalfunding.com,1-888-733-2383,https://www.nationalfunding.com/,,working_capital,mandate_and_direct_funding_status_unconfirmed,potential_revenue_underwriting,published_program_capacity_not_liquidity,90,6000,500000,,,,,,Company website public contacts and product pages,https://www.nationalfunding.com/,2026-09-30,Published program eligibility requires underwriting; available cash and borrower approval unverified.
CF-6791C72BADFB,Oxygen Working Capital,,,info@oxygenworkingcapital.com,1-833-784-0997,https://www.oxygenworkingcapital.com/,,working_capital,mandate_and_direct_funding_status_unconfirmed,potential_revenue_underwriting,capacity_unverified,90,,,,,,,,Company website public contacts and product pages,https://www.oxygenworkingcapital.com/,2026-09-30,Contact page accepts $500K-$1M+ funding requests; request menu is not capacity evidence.
CF-4637B3B69943,Polaris Commercial Financing Group,,,info@polariscfg.com,1-817-200-7811,https://polariscfg.com/,,unsecured_business,mandate_and_direct_funding_status_unconfirmed,potential_revenue_underwriting,published_program_capacity_not_liquidity,90,,500000,,,,,,Company website public contacts and product pages,https://polariscfg.com/,2026-09-30,"Credit history, business size and revenue determine eligibility."
CF-E5950E0B8027,Preferred Funding Group,,,info@preferredfundinggroup.com,1-800-249-2106,https://preferredfundinggroup.com/,,unsecured_business,mandate_and_direct_funding_status_unconfirmed,potential_credit_underwriting,published_program_capacity_not_liquidity,90,50000,500000,,,,,,Company website public contacts and product pages,https://preferredfundinggroup.com/,2026-09-30,Credit-based funding with published executive contact; finance intermediary role to confirm.
CF-0BB79D429CE0,QuickBridge,,,info@quickbridge.com,1-888-233-9085,https://www.quickbridge.com/,,working_capital,mandate_and_direct_funding_status_unconfirmed,potential_revenue_underwriting,published_program_capacity_not_liquidity,90,,500000,,,,,,"Company Terms and Conditions, support contact",https://www.quickbridge.com/,2026-09-30,Published program eligibility requires underwriting; available cash and borrower approval unverified.
CF-2C4D1675F57C,Rapid Finance,,,sales@rapidfinance.com,1-800-664-0173,https://www.rapidfinance.com/,,working_capital,mandate_and_direct_funding_status_unconfirmed,potential_revenue_underwriting,published_program_capacity_not_liquidity,90,5001,1000000,,,,,,Company website public contacts and product pages,https://www.rapidfinance.com/,2026-09-30,Published program eligibility requires underwriting; available cash and borrower approval unverified.
CF-07179DF12023,RBF Capital,,,info@rbfcap.com,1-888-835-1315,https://rbfcap.com/,,revenue_based,mandate_and_direct_funding_status_unconfirmed,potential_revenue_underwriting,published_program_capacity_not_liquidity,90,5000,2000000,,,,,,Company website public contacts and product pages,https://rbfcap.com/,2026-09-30,US businesses; term/LOC/SBA/revenue financing advertised $5K-$2M.
CF-476AB615FBAB,Reliant Funding,,,info@reliantfunding.com,1-855-305-4453,https://www.reliantfunding.com/,,working_capital,mandate_and_direct_funding_status_unconfirmed,potential_revenue_underwriting,capacity_unverified,90,,,,,,,,Company website public contacts and product pages,https://www.reliantfunding.com/,2026-09-30,Official site relaunched. Published current per-borrower limit not verified; similarly named personal-loan sites are excluded.
CF-47BCB50FAF47,Rodino and Associates,,,info@rodino.com,1-516-268-0350,https://www.rodino.com/,,unsecured_business,mandate_and_direct_funding_status_unconfirmed,potential_revenue_underwriting,published_program_capacity_not_liquidity,90,100000,500000,,,,,,Company website public contacts and product pages,https://www.rodino.com/,2026-09-30,Published program eligibility requires underwriting; available cash and borrower approval unverified.
CF-32359295A9F6,SBG Funding,,,info@sbgfunding.com,1-844-284-2725,https://sbgfunding.com/,,working_capital,mandate_and_direct_funding_status_unconfirmed,potential_revenue_underwriting,published_program_capacity_not_liquidity,90,5000,10000000,,,,,,Company website public contacts and product pages,https://sbgfunding.com/,2026-09-30,Published 3-24 month working-capital repayment range.
CF-02D48B3437E0,Simplified Capital,,,info@simplifiedcapital.com,1-866-810-1305,https://www.simplifiedcapital.com/,,contract_financing,mandate_and_direct_funding_status_unconfirmed,potential_contract_review,capacity_unverified,90,,,,,,,,Company website public contacts and product pages,https://www.simplifiedcapital.com/,2026-09-30,"Contract financing advertised, including completing new contracts and growth."
CF-F18519E1DEAA,SouthStar Capital,Jon Shane,,info@southstar.com,1-800-763-3021,https://www.southstarcapital.com/,,contract_and_receivables,mandate_and_direct_funding_status_unconfirmed,conditional_receivables_only,capacity_unverified,90,,,,,,,,Company website public contacts and product pages,https://www.southstarcapital.com/,2026-09-30,"Supplier/order funding and factoring. Fee estimates contingent on future closings are not currently eligible invoices.
Anonymously accessible public AACFB funding directory Show all list, association member claim as funding source. Public named funding contact, phone and email; current liquid cash >=$500K, fulfillment mandate, real estate mandate and equity willingness not verified. Directory includes equipment and business finance firms, so collateral/mandate fit must be confirmed. No account/login used."
CF-4609ECC56D72,Spartan Capital Group,,,hello@spartancapitalgroup.com,1-855-532-1969,https://www.spartancapitalgroup.com/,,revenue_based,mandate_and_direct_funding_status_unconfirmed,potential_revenue_underwriting,published_program_capacity_not_liquidity,90,5000,500000,,,,,,Company website public contacts and product pages,https://www.spartancapitalgroup.com/,2026-09-30,"No borrower approval or available cash verified. Any published borrowing limits are marketing capacity, not verified liquidity."
CF-E7FDEC86D585,Spirit Funding,,,info@spiritfundingllc.com,1-877-378-0042,https://spiritfundingllc.com/,,unsecured_business,mandate_and_direct_funding_status_unconfirmed,potential_revenue_underwriting,published_program_capacity_not_liquidity,90,,1000000,,,,,,Official company homepage public contacts,https://spiritfundingllc.com/,2026-09-30,Published program eligibility requires underwriting; available cash and borrower approval unverified.
CF-14EF895C1644,Strategic Capital Solutions Group,,,info@scsolutionsgroup.com,1-984-333-0608,https://www.scsolutionsgroup.com/,,unsecured_business,mandate_and_direct_funding_status_unconfirmed,potential_revenue_underwriting,published_program_capacity_not_liquidity,90,,500000,,,,,,Company website public contacts and product pages,https://www.scsolutionsgroup.com/,2026-09-30,Published program eligibility requires underwriting; available cash and borrower approval unverified.
CF-6B52BBE01F36,SunBiz Funding,,,info@sunbizfunding.com,1-754-212-7833,https://www.sunbizfunding.com/,,unsecured_business,mandate_and_direct_funding_status_unconfirmed,potential_revenue_underwriting,published_program_capacity_not_liquidity,90,5000,1000000,,,,,,Official company contact page,https://www.sunbizfunding.com/,2026-09-30,Published program eligibility requires underwriting; available cash and borrower approval unverified.
CF-9CA7DB33B060,The Capital Lenders,,,info@thecapitallenders.com,1-973-577-4226,https://www.thecapitallenders.com/,,contract_financing,mandate_and_direct_funding_status_unconfirmed,potential_contract_review,capacity_unverified,90,,,,,,,,Company website public contacts and product pages,https://www.thecapitallenders.com/,2026-09-30,Commercial contract finance advertised; no borrower approval or cash confirmation.
CF-37836A045639,TransCapital,,,shannon@transcapservices.com,1-858-486-8800,https://transcapservices.com/,,contract_financing,mandate_and_direct_funding_status_unconfirmed,potential_contract_review,capacity_unverified,90,,,,,,,,Company website public contacts and product pages,https://transcapservices.com/,2026-09-30,Pre-invoice government/commercial contract financing for payroll and subcontractors advertised.
CF-8238F3D3B847,TripleCapital Commercial Finance Group,,,triplecapital@usa.com,1-800-277-5777,https://www.triplecapitalgroup.com/,,unsecured_business,mandate_and_direct_funding_status_unconfirmed,potential_revenue_underwriting,published_program_capacity_not_liquidity,90,50000,500000,,,,,,Company website public contacts and product pages,https://www.triplecapitalgroup.com/,2026-09-30,Established revenue $1M-$10M and financial statements indicated.
CF-FED796F3BC16,Vantage Point Commercial Capital,,,info@vpc.capital,1-888-439-1322,https://vpc.capital/,,unsecured_business,mandate_and_direct_funding_status_unconfirmed,potential_revenue_underwriting,published_program_capacity_not_liquidity,90,100000,500000,,,,,,Company website public contacts and product pages,https://vpc.capital/,2026-09-30,Established revenue over $1M indicated.
CF-8EC818473462,Velocity Capital Group,,,info@velocitycg.com,1-833-824-3863,https://www.velocitycg.com/,,revenue_based,mandate_and_direct_funding_status_unconfirmed,potential_revenue_underwriting,published_program_capacity_not_liquidity,90,,2000000,,,,,,Company website public contacts and product pages,https://www.velocitycg.com/,2026-09-30,Published same-day working capital up to $2M; existing revenue needed.
CF-E394E703D964,Verdant Heights Global,,,info@verdantheightsglobal.com,1-833-608-4344,https://verdantheightsglobal.com/,,contract_financing,mandate_and_direct_funding_status_unconfirmed,potential_contract_review,capacity_unverified,90,,,,,,,,Company website public contacts and product pages,https://verdantheightsglobal.com/,2026-09-30,Existing/pending contract monetization advertised.
CF-4CE3928B7AEE,VIP Capital Funding,,,info@vipcapitalfunding.com,1-800-735-7754,https://vipcapitalfunding.com/,,working_capital,mandate_and_direct_funding_status_unconfirmed,potential_revenue_underwriting,published_program_capacity_not_liquidity,90,10000,15000000,,,,,,Company website public contacts and product pages,https://vipcapitalfunding.com/,2026-09-30,Published loan capacity; current cash and approval unverified.
CF-4338E21CE1AF,Bitty Advance,,,,,https://bittyadvance.com/,,revenue_based,mandate_and_direct_funding_status_unconfirmed,potential_revenue_underwriting,capacity_unverified,80,,,,,,,,Company website public contacts and product pages,https://bittyadvance.com/,2026-09-30,"No borrower approval or available cash verified. Any published borrowing limits are marketing capacity, not verified liquidity."
CF-A6538F189CB4,Custom Capital Advisors,,,info@customcapitaladvisors.com,,https://www.customcapitaladvisors.com/,,unsecured_business,mandate_and_direct_funding_status_unconfirmed,potential_revenue_underwriting,capacity_unverified,80,,,,,,,,Company website public contacts and product pages,https://www.customcapitaladvisors.com/,2026-09-30,Advertised business financing capability only; no borrower approval or minimum available cash verified.
CF-FF21CCD70AEC,Decathlon Capital Partners,,,,,https://decathloncapital.com/,,revenue_based,mandate_and_direct_funding_status_unconfirmed,potential_revenue_underwriting,published_program_capacity_not_liquidity,80,500000,15000000,,,,,,Company website public contacts and product pages,https://decathloncapital.com/,2026-09-30,Advertised business financing capability only; no borrower approval or minimum available cash verified.
CF-FD2E22E99E27,Entrepreneur Capital Corporation,,,,,https://entrepreneurcapitalcorp.com/,,unsecured_business,mandate_and_direct_funding_status_unconfirmed,potential_credit_underwriting,published_program_capacity_not_liquidity,80,,1000000,,,,,,Company website public contacts and product pages,https://entrepreneurcapitalcorp.com/,2026-09-30,CEO public profile advertises pre-revenue startup debt; verify product terms and direct funding vs referral.
CF-E0804E68CE62,Evergreen Working Capital,,,,,https://evergreenworkingcapital.com/,,working_capital,mandate_and_direct_funding_status_unconfirmed,potential_revenue_underwriting,capacity_unverified,80,,,,,,,,Company website public contacts and product pages,https://evergreenworkingcapital.com/,2026-09-30,"No borrower approval or available cash verified. Any published borrowing limits are marketing capacity, not verified liquidity."
CF-6EF590ADDF4A,Financely,,,supportdesk@financely-group.com,,https://www.financely.io/,,contract_finance_advisor,mandate_and_direct_funding_status_unconfirmed,potential_contract_review,capacity_unverified,80,,,,,,,,Company website public contacts and product pages,https://www.financely.io/,2026-09-30,"No borrower approval or available cash verified. Any published borrowing limits are marketing capacity, not verified liquidity."
CF-72AAE59E5662,GNC Capital,,,,,https://gnccapital.com/,,working_capital,mandate_and_direct_funding_status_unconfirmed,potential_revenue_underwriting,capacity_unverified,80,,,,,,,,Company website public contacts and product pages,https://gnccapital.com/,2026-09-30,"No borrower approval or available cash verified. Any published borrowing limits are marketing capacity, not verified liquidity."
CF-3C6B89703B5F,One Park Financial,,,,1-866-215-3581,https://www.oneparkfinancial.com/,,working_capital,mandate_and_direct_funding_status_unconfirmed,potential_revenue_underwriting,capacity_unverified,80,,,,,,,,Company website public contacts and product pages,https://www.oneparkfinancial.com/,2026-09-30,"No borrower approval or available cash verified. Any published borrowing limits are marketing capacity, not verified liquidity.
HR, employment, webmaster, privacy, legal or press-only inbox is not a financing inquiry contact."
CF-55B013750075,Optive Commercial Capital,,,,1-303-885-9701,https://optivecommercialcapital.com/,,unsecured_business,mandate_and_direct_funding_status_unconfirmed,potential_revenue_underwriting,published_program_capacity_not_liquidity,80,100000,500000,,,,,,Company website public contacts and product pages,https://optivecommercialcapital.com/,2026-09-30,$1M-$10M established annual revenue requirement.
CF-7CDE2139ADA6,Pay Trust Corp,,,,,https://paytrustcorp.com/,,revenue_based,mandate_and_direct_funding_status_unconfirmed,potential_revenue_underwriting,published_program_capacity_not_liquidity,80,10000,2000000,,,,,,Company website public contacts and product pages,https://paytrustcorp.com/,2026-09-30,Publishes $10K-$2M revenue-based financing and LOC up to $500K.
CF-C7F1C7C7B68F,Prime Pinnacle,,,,1-407-752-5996,https://primepinnacle.com/,,unsecured_business,mandate_and_direct_funding_status_unconfirmed,potential_revenue_underwriting,published_program_capacity_not_liquidity,80,50000,500000,,,,,,Company website public contacts and product pages,https://primepinnacle.com/,2026-09-30,Published program eligibility requires underwriting; available cash and borrower approval unverified.
CF-BD988F3C0F65,Solvic Capital,,,funding@solviccapital.com,,https://www.solviccapital.com/,,unsecured_business,mandate_and_direct_funding_status_unconfirmed,potential_revenue_underwriting,published_program_capacity_not_liquidity,80,10000,2000000,,,,,,Company website public contacts and product pages,https://www.solviccapital.com/,2026-09-30,"Revenue underwriting; published program range $10K-$2M, not available cash."
CF-06526A587CD8,ACS Factors,,,info@acsfactors.com,1-909-946-5599,https://acsfactors.com/,,factoring_receivables,mandate_and_direct_funding_status_unconfirmed,receivables_eligibility_unconfirmed,published_credit_facility_500k_plus_not_cash,75,,,,,,https://acsfactors.com/,https://acsfactors.com/,FactoringClub public factoring directory,https://factoringclub.com/factoring-company/acs-factors/,2026-09-30,"Home - ACS Factors - Advanced Capital Solutions Skip to content Hablamos Español 909-946-5599Apply NowPortal LoginFacebook page opens in new windowX page opens in new windowYouTube page opens in new windowLinkedin page opens in new windowInstagram page opens in new window ACS Factors – Advanced Capital Solutions Upland | Ontario | Riverside Home About IndustriesTrucking Services Manufacturing Wholesale and Distribution Client Resources Affiliate Programs MediaBlog Videos Contact Home About IndustriesTrucking Services Manufacturing Wholesale and Distribution Client Resources Affiliate Programs MediaBlog Videos Contact Invoice FactoringProviding SolutionsWe are able to advance cash on accounts receivable (freight bills) for companies anywhere in the US. We are located in Upland, CA., and have many clients in the distribution corridor which includes Ontario, Riverside, Fontana, Jurupa Valley and Moreno Valley.Call Us: 909-946-5599Contact Us Does this seem all too familiar to you? Sales Volume & Accounts Receivable Cash in the Bank & Working Capital Solution: Turn your Accounts Receivable into CASH! Factor your invoices and have CASH Today!! Same day funding on invoices! ADVANCING THE CAPITAL YOU NEED TO MOVE YOUR BUSINESS FORWARD >>Getting Started | ACS FactorsINDUSTRIES SERVEDHere are some of the Benefits to Turning Your Invoices into IMMEDIATE CASH!!!Trucking Pay for Fuel Pay for Repairs Pay for Insurance Payroll Learn MoreServices Take on Large Jobs Add More Employees Pay Suppliers Run More Shifts Work with Major Accounts Learn MoreManufacturing Buy Raw Materials Meet Seasonal Demand Hire More Employees Get Quick Pay Discounts Increase Productivity Learn MoreWholesale Book Large or Seasonal Orders Buy Inventory in Bulk Get Better Prices from Vendors Increase Margins Pay
Collateral assessment: no_property_collateral_mandate_unconfirmed"
CF-CE74708A963A,American Prudential Capital,,,info@americanprudentialcapital.com,1-713-352-7088,https://www.americanprudentialcapital.com/community-guidelines/,,factoring_receivables,mandate_and_direct_funding_status_unconfirmed,business_receivables_mandate_unconfirmed,unverified,75,,,,,,https://www.americanprudentialcapital.com/community-guidelines/,https://www.americanprudentialcapital.com/community-guidelines/,Official public commercial finance website,https://www.americanprudentialcapital.com/community-guidelines/,2026-09-30,"Community Guidelines | American Prudential Capital, Inc. Skip to main content Skip to primary sidebar Skip to footer American Prudential Capital, Inc. Funding Your B2B Startup/Acquisition/Growth TODAY Home Industries Construction Distribution Environmental Government IT Services Manufacturing Oil Field Services Pipe Inspection Staffing Services Acquisition Funding Growth Funding Invoice Factoring Invoice Funding Purchase Order Financing Startup Funding Working Capital Funding FAQ About Us Directory Request Info Apply Today Community Guidelines American Prudential Capital may share anything you post on our social media accounts, including but not limited to Facebook, Instagram, Twitter, YouTube, Pinterest, LinkedIn, Yelp and Google+. We can do so because information and photos posted by the public on our social media accounts are not “protected legal information”. They are not protected by the U.S. legal privacy laws. So before posting or sharing information about other people, secure his or her permission and ensure accuracy of information. American Prudential Capital wants to provide a friendly, engaging and informative community for users of our social media channels. This includes our blogs, Facebook, Pinterest, Twitter, YouTube and Google+ pages. We encourage you to be courteous and respectful when commenting or sharing your opinions and stories. Community Moderation To maintain a supportive, respectful and courteous environment, the following types of comments and posts are prohibited: Illegal content or that which violates the right of any person or entity including intellectual property, publicity or privacy rights Language or content that is vulgar, obscene, profane, pornographic, indecent, threatening, abusive, intimidating, defamatory, embarrassing or harassin
Collateral assessment: no_property_collateral_mandate_unconfirmed"
CF-44CCB0E96E3B,CapFlow Funding Group,,,info@capflowfunding.com,1-201-842-7725,https://capflowfunding.com/,,factoring_receivables,mandate_and_direct_funding_status_unconfirmed,receivables_eligibility_unconfirmed,published_credit_facility_500k_plus_not_cash,75,,,,,,https://capflowfunding.com/,https://capflowfunding.com/,FactoringClub public factoring directory,https://factoringclub.com/factoring-company/capflow-funding-group/,2026-09-30,"Home - Сapflow Funding Supporting USA & Canada Based Businesses info@capflowfunding.com (201) 842 - 7725 HomeAboutSell your invoices to CapFlow for working capital todayApply NowAbout CapFlowOffice LocationsCareersNew YorkNew JerseyVirginiaTexasCaliforniaMore StatesServicesSell your invoices to CapFlow for working capital todayApply NowInvoice FactoringSecond Position FactoringFactorLOC: Factoring Line of CreditRevenue-Based FinancingmFactor®: Micro-FactoringCredit Card AdvanceFactorOne – Spot FactoringPartnerConvert more deals with CapFlow’s Flexible factoring productsPartner ApplicationPartner ApplicationmFactor® For BrokersInvoice Factoring For BrokersSpot Factoring For BrokersFactorLoc For BrokersResourcesSell your invoices to CapFlow for working capital todayApply NowFactoring CalculatorTerms GlossaryWorking Capital Formula CalculatorBlogsFAQContact HomeAboutSell your invoices to CapFlow for working capital todayApply NowAbout CapFlowOffice LocationsCareersNew YorkNew JerseyVirginiaTexasCaliforniaMore StatesServicesSell your invoices to CapFlow for working capital todayApply NowInvoice FactoringSecond Position FactoringFactorLOC: Factoring Line of CreditRevenue-Based FinancingmFactor®: Micro-FactoringCredit Card AdvanceFactorOne – Spot FactoringPartnerConvert more deals with CapFlow’s Flexible factoring productsPartner ApplicationPartner ApplicationmFactor® For BrokersInvoice Factoring For BrokersSpot Factoring For BrokersFactorLoc For BrokersResourcesSell your invoices to CapFlow for working capital todayApply NowFactoring CalculatorTerms GlossaryWorking Capital Formula CalculatorBlogsFAQContact Supporting USA & Canada Based Businesses info@capflowfunding.com (201) 842 - 7725 Funding Application On-demand working capital Is Just a Few Clicks AwayCapFlow Funding Gr
Collateral assessment: no_property_collateral_mandate_unconfirmed"
CF-DDE5ECD9D0C5,Catalyst Financial Company,,,info@catfinco.com,1-281-870-9182,https://www.catfinco.com/contact/,,factoring_receivables,mandate_and_direct_funding_status_unconfirmed,business_receivables_mandate_unconfirmed,unverified,75,,,,,,https://www.catfinco.com/contact/,https://www.catfinco.com/contact/,Official public commercial finance website,https://www.catfinco.com/contact/,2026-09-30,"CONTACT CATALYST FINANCIAL COMPANY – Catalyst Financial Company Skip to content Call us: 281-870-9182 Equipment Financing Contact Client Login ABOUT FACTORING INDUSTRIES Oil and Gas Staffing Manufacturing Wholesale and Distribution Freight RESOURCES REFERRALS ABOUT FACTORING INDUSTRIES Oil and Gas Staffing Manufacturing Wholesale and Distribution Freight RESOURCES REFERRALS HOME ABOUT FACTORING RESOURCES REFERRALS EQUIPMENT FINANCING CONTACT CLIENT LOGIN GET STARTED HOME ABOUT FACTORING RESOURCES REFERRALS EQUIPMENT FINANCING CONTACT CLIENT LOGIN GET STARTED GET STARTED IMPROVING YOUR CASHFLOW IS A PHONE CALL AWAY 281-870-9182 | Office Phone 866-764-5443 | Toll Free [email protected] Name * Email Address * Phone Your Message 0 / 180 Apply Now Headquarters 1136 N. Kirkwood Houston, TX 77043 281-870-9182 866-764-5443 TOLL-FREE 1136 N. Kirkwood, Houston, TX 77043 [email protected] © 2026 Catalyst Financial Company. All Rights Reserved. | Privacy Policy
Collateral assessment: no_property_collateral_mandate_unconfirmed"
CF-9856207963BB,Charter Capital Holdings,,,clientsupport@charcap.com,1-877-960-1818,https://www.charcap.com/contact-us/,,factoring_receivables,mandate_and_direct_funding_status_unconfirmed,business_receivables_mandate_unconfirmed,unverified,75,,,,,,https://www.charcap.com/contact-us/,https://www.charcap.com/contact-us/,Official public commercial finance website,https://www.charcap.com/contact-us/,2026-09-30,"Charter Capital - Invoice Factoring Company in Houston Charter Capital Factoring Company, Houston, TEXAS Factoring Industries Insights Referrals About Contact Resources Skip to content Factoring Factoring – Main Get a Rate Quote Facts About Factoring Companies Alternative Financing: Commercial Loan vs. Invoice Factoring Small Business Factoring How Much Does Factoring Cost? Cash Flow Management Account Receivable Factoring Company Factoring FAQ Factoring Application Industries Industries – Main Trucking & Freight Services Freight Broker Factoring Oil and Gas Services Staffing Agencies Manufacturing Security Firms Service Providers Insights Insights – Main News Case Studies Press Releases Infographics Referrals Referral Program – Main Submit a Referral About About – Main Reputation Locations FAQ Get Charter Capital Insights & Your Free Cash Flow Guide Contact Resources 1-877-960-1818 Get a Rate Quote Home Contact Us Contact Us Ready to grow? Contact the hands-on factoring company. Headquartered in Houston, Texas, Charter Capital has been recognized as one of the most trusted and hardest working factoring companies and independent providers of related financial services for small to middle market businesses. We are here to make your financing easy and your growth exponential. We take the extra step to mentor businesses and act as a trusted advisor when you have a financial question you can’t solve.. Tell us the funding challenge you’re facing and we’ll work with you to solve it. Contact us today to find out more about our Invoice Factoring Services . Please fill out the following form and a Charter Capital representative will be in contact with you very soon. All fields are required Your information is safe with us 100% privacy guaranteed 6750 West Loop South, Suite 1010,
Collateral assessment: no_property_collateral_mandate_unconfirmed"
CF-7FE8588DA38A,CJET Capital,,,funding@cjetcapital.com,1-432-634-1137,https://www.cjetcapital.com,,factoring_receivables,mandate_and_direct_funding_status_unconfirmed,receivables_eligibility_unconfirmed,published_credit_facility_500k_plus_not_cash,75,,,,,,https://www.Cjetcapital.com/contact.php,https://www.Cjetcapital.com/contact.php,FactoringClub public factoring directory,https://factoringclub.com/factoring-company/cjet-capital/,2026-09-30,"CJET Capital || Invoice Factoring Service in the Permian Basin Login 432-634-1137 Home About Factoring Credit Application Industries Served Oil & Gas Staffing Services Transportation Manufacturing Contact Home About Factoring Industries Served Contact Credit Application Login (432) 634-1137 Oil & Gas Staffing Services Transportation Manufacturing CJET Capital provides capital solutions to keep your business moving into the future. Located in Midland, Texas, CJET Capital specializes in invoice factoring. Factoring is a way to utilize the funds from your invoices before your customer issues payment. Like many companies, you may need to pay suppliers, payroll, fuel, sub-contractors, and other expenses before you receive payment from your customer. Or, maybe you are looking for extra capital to expand your business, accept new projects, or purchase additional equipment without taking out loans. Find Out More > Unparalleled Service CJET Capital is a Local Factoring company in the Permian Basin. We provide dynamic and vital financial services to companies helping them manage their cash flows effectively and grow their business. We offer same day funding and a no minimum invoice requirement. You choose which invoices you want to factor. Here at CJET, we provide personalized service to fit your capital needs including invoice purchasing, factoring, and accounts receivable financing. Find Out More > Custom Factoring Solutions If you are a new or growing business, you typically cannot wait 30-90 days for payment after providing services. You have payroll demands, equipment costs, and other operating expenses that are likely due now. We help fill the gap and get you cash as soon as your invoice is generated. Find Out More > © Copyright Cjet Capital 2024 All Rights Reserved Home Ab
Collateral assessment: no_property_collateral_mandate_unconfirmed"
CF-F1A2AF89B578,CSI Factoring,,,info@csifactoring.com,1-303-373-1000,http://www.csifactoring.com,,factoring_receivables,mandate_and_direct_funding_status_unconfirmed,receivables_eligibility_unconfirmed,published_credit_facility_500k_plus_not_cash,75,,,,,,http://www.csifactoring.com,http://www.csifactoring.com,FactoringClub public factoring directory,https://factoringclub.com/factoring-company/csi-factoring/,2026-09-30,"Invoice Factoring Companies | Accounts Receivable Factoring | Denver Colorado Home Our Services About Us Brokers Client Login Apply Now 303-373-1000 | info@csifactoring.com Fast Quote Your message was sent successfully. What is Your Factor for Success? Small business owners seeking stability or expansion in this economy need a lending resource to foster their financial success. Banks aren’t lending and money still doesn’t grow on trees. CSI Factoring can be the bridge you need to reach business success. We Finance Business Success If your business is experiencing or projecting a cash shortfall, let CSI Factoring help you sidestep a potential cash crisis. Our company is a safe and secure funding alternative. We are well equipped to finance your company’s Accounts Receivable to provide your business with immediate financial relief. The CSI Advantage Business owners are already stretched for time and resources. Applying for a financial service, like invoice factoring, should be a straightforward process. And with CSI Factoring, it is. Companies looking for a factoring service should consider all the advantages associated with CSI Factoring: • Up to 90% cash advances and competitive rates • No minimum volume or hidden fees • Fast quotes • Free application • No long-term contracts or exit fee Our Services About Us Brokers Apply Now Business Receivables & Factoring Benefits | Factoring Simplified | 5 Reasons to Factor | Industries Served Our Business | (303) 373-1000 | info@csifactoring.com Broker Agreement Application | Contact ©2026 CSI Factoring LLC | Privacy Policy
Collateral assessment: no_property_collateral_mandate_unconfirmed"
CF-18CCEF9676D1,Eagle Business Credit,,,info@eaglebusinesscredit.com,1-855-420-8318,http://eaglebusinesscredit.com,,factoring_receivables,mandate_and_direct_funding_status_unconfirmed,receivables_eligibility_unconfirmed,published_credit_facility_500k_plus_not_cash,75,,,,,,http://eaglebusinesscredit.com,https://eaglebusinesscredit.com/contact-us/,FactoringClub public factoring directory,https://factoringclub.com/factoring-company/eagle-business-credit/,2026-09-30,"Industry Leading Invoice Factoring Services Company - Eagle Business Credit Skip to content Let Your Business Soar APPLY NOW Referral Partners Make a Payment Your Account Referral Partners Make a Payment Your Account Services Invoice Factoring Purchase Order Finance Export Finance Freight Bill Factoring Selective Factoring Express Funding DIP Financing Solutions Money for Your Business Get Paid Quicker Receivables Management Start Up Funding Fast and Easy Approvals Working Capital When Banks Say No Industries Staffing Janitorial Manufacturing Transportation Apparel Government Receivables Other Industries About About Us Our Team How It Works Why Choose Us FAQ Our Blog Pricing Contact Us Services Invoice Factoring Purchase Order Finance Export Finance Freight Bill Factoring Selective Factoring Express Funding DIP Financing Solutions Money for Your Business Get Paid Quicker Receivables Management Start Up Funding Fast and Easy Approvals Working Capital When Banks Say No Industries Staffing Janitorial Manufacturing Transportation Apparel Government Receivables Other Industries About About Us Our Team How It Works Why Choose Us FAQ Our Blog Pricing Contact Us Get Money for Your Invoices Now. Eagle Business Credit - The Best Factoring Service for Your Company FAST. FLEXIBLE. FUNDING. CALL 855-420-8318 APPLY NOW NO COST TO APPLY! EASY TO QUALIFY! GET MONEY FOR YOUR INVOICES FUNDING LINES $1,000 TO $5,000,000 RATES AS LOW AS 1% GET MONEY IN 24 HOURS! WHAT COULD YOU USE THE MONEY FOR? Purchase Inventory Getting your customers the goods they want as quickly... Offer Credit Terms Not able to allow your customers credit terms... Hire More Staff Does worrying about making payroll keep you awake... Open New Locations Still running a business from your home or a tiny office... Get Ven
Collateral assessment: no_property_collateral_mandate_unconfirmed"
CF-2EC25DE2FB2A,FirstLine Funding Group,,,info.ffg@firstlinefundinggroup.com,1-877-609-6717,http://www.firstlinefundinggroup.com,,factoring_receivables,mandate_and_direct_funding_status_unconfirmed,receivables_eligibility_unconfirmed,published_credit_facility_500k_plus_not_cash,75,,,,,,https://www.bankeasy.com/firstlinefunding-group/about-us/contact-us,http://www.firstlinefundinggroup.com/firstlinefunding-group/about-us/contact-us,FactoringClub public factoring directory,https://factoringclub.com/factoring-company/firstline-funding-group/,2026-09-30,"FirstLine Funding Group | A Division of First Bank & Trust HomeSkip to main contentSkip to footerDownload Acrobat Reader X or higher to view .pdf files.First Bank & Trust Toggle Menu Close MenuEnter search terms Start Site Search Go Back Quick Quote Get Started I Want To Factor Invoices Finance Accounts Receivable Obtain a Fuel Card Finance Equipment Request a Fuel Advance Check Credit Make a Referral Do Something Else Factor Invoices Transportation General Industries & Asset-Based Lending Fund & Protect Equipment Financing Fuel Card Fuel Advance About Us Who We Are Mobile App Contact Us Toggle Search Login×Access Your Logins← All LoginsClient LoginFFG PortalFirst Bank & TrustContact Back to the top Close Alert Here for the long haul When you need reliable cash flow, trust us to provide you with a line of products designed to help you operate smoothly and efficiently, without any hassle. Get Started Here for the long haul When you need reliable cash flow, trust us to provide you with a line of products designed to help you operate smoothly and efficiently, without any hassle. Get Started Here for the long haul When you need reliable cash flow, trust us to provide you with a line of products designed to help you operate smoothly and efficiently, without any hassle. Get Started We are your answer to cash flow challenges, offering a variety of solutions aimed at independent commercial industries like staffing, land development, light manufacturing and industrial, government contractors, small business ventures, and transportation. Cash advances, easy financing and fuel advances are common solutions for businesses that need access to flexible operational cash. What We Do Factor Invoices Finance Accounts Receivable Request a Fuel Advance Obtain a Fuel Card Finance Equipment
Collateral assessment: no_property_collateral_mandate_unconfirmed"
CF-E727E6A53EEF,Flash Funding,,,info@flash-funding.com,1-713-694-5920,https://flash-funding.com/,,factoring_receivables,mandate_and_direct_funding_status_unconfirmed,receivables_eligibility_unconfirmed,published_credit_facility_500k_plus_not_cash,75,,,,,,https://flash-funding.com/,https://flash-funding.com/,FactoringClub public factoring directory,https://factoringclub.com/factoring-company/flash-funding/,2026-09-30,"Flash Funding | Home | Invoice Factoring Services Skip to content Client LoginCredit Check Search for: HomeGet StartedAbout Us Meet Our TeamOur ServicesCareersContact UsReferral Partner 713-694-5920 Working Capital In A Flash Invoice Factoring Made Easy Access Working Capital Today Learn More On How To Get Started Ready To Get Started? Complete the form for a Free Consultation. Full Name * Company Name * Email * Phone * ZIP / Postal Code * × HOMEAdminCM2024-02-14T06:56:05-11:00 About Flash Funding Flash Funding is based in Houston, Texas. We are a family owned and operated company, led by experienced factoring professionals. Turn Invoices Into Working Capital In A Flash We know that your company can’t wait 30, 60 or 90 days to be paid for services provided. We provide funding for your business by purchasing accounts receivable, turning invoices that may be paid sometime in the future into fast cash today. Flash Funding provides factoring services for companies anywhere in the USA, helping you maintain cash flow by giving you immediate payment on your invoices. Factoring gives business owners financial security, giving you the freedom to expand, meet payroll and explore new opportunities. Our Process Are Summarized As Follows: Apply With Us 1 We Review Customer Credit 2 We Buy Your Invoices 3 We Transfer Funds Directly To You 4 Factoring Services We deposit funds directly into your account! Flash Funding provides factoring services by purchasing accounts receivable for ready cash, freeing businesses from having to wait to receive payment for their invoices. Fax or email us your invoices, and we will deposit funds directly into your account the same day. We have customized programs based on your monthly volume where we offer discounts for special services. EnglishSpanishE
Collateral assessment: no_property_collateral_mandate_unconfirmed"
CF-1312359A3805,Front Range Factoring,,,info@frontrangefactoring.com,1-303-219-3914,https://frontrangefactoring.com/,,factoring_receivables,mandate_and_direct_funding_status_unconfirmed,business_receivables_mandate_unconfirmed,unverified,75,,,,,,https://frontrangefactoring.com/,https://frontrangefactoring.com/,Official public commercial finance website,https://frontrangefactoring.com/,2026-09-30,"Front Range Factoring | Factoring Service | Financing | Small Business Skip to content (303) 219 3914 info@frontrangefactoring.com Home Services Referrals About Contact Menu Home Services Referrals About Contact (303) 219-3914 Front Range Factoring | Factoring Service | Financing | Small Business Growth capital for your business If you serve corporations that pay on terms and want to grow your business at a faster pace, we can help. Call us today to learn more. Start Conversation When your business pays expenses before your customers pay you... ...Engage us to inject growth capital into it.​ Client Testimonials “Working with Rodrigo and the team at Front Range Factoring has really helped our business scale by giving us additional cash flow to grow and expand our business. They really care about helping your business run smoothly."" Marketing Co., MI “We have developed a great partnership with Front Range Factoring since the inception of our company.  We would have not have enjoyed our continued growth year over year without Rod and his team.  They removed a lot of the financial stress for a new business and allowed us to focus on customer service, operations and quality.  Rod has always been willing to go the extra mile in assisting us with future projections and strategic planning sessions as a value added benefit at no additional cost.” Logistics Co., SC “Having partnered with Front Range Factoring soon after starting our company allowed us to grow within a few short years to far exceed our ambitious plans. In addition to capital, they also provided valuable advice during critical moments in our growth and for that, we are very thankful.” Technology Co., IL “We experience very long payment terms from our corporate customers and Front Range Factoring has done a fantasti
Collateral assessment: no_property_collateral_mandate_unconfirmed"
CF-67810FCFD390,Gibraltar Business Capital,,,info@gibraltarbc.com,1-847-272-9618,http://gibraltarbc.com,,factoring_receivables,mandate_and_direct_funding_status_unconfirmed,receivables_eligibility_unconfirmed,published_credit_facility_500k_plus_not_cash,75,,,,,,http://gibraltarbc.com,http://gibraltarbc.com,FactoringClub public factoring directory,https://factoringclub.com/factoring-company/gibraltar-business-capital/,2026-09-30,"Gibraltar Business Capital | Asset Based Lending | Business Financing CloseSearch this websiteMENUMENUAbout LeadershipSales TeamCredit TeamOperations TeamFinance Team Asset-Based Lending Financing Guidelines Partnerships Company BorrowersFinancial SponsorsOther Advisors Case StudiesBlogContactMobile Menu 847-272-9618 Login Menu Skip to right header navigation Skip to main content Skip to footerBefore Header 224-235-4551 Login Asset Based Lending | Business FinancingMENUMENUAbout LeadershipSales TeamCredit TeamOperations TeamFinance Team Asset-Based Lending Financing Guidelines Partnerships Company BorrowersFinancial SponsorsOther Advisors Case StudiesBlogContact Your Asset-Based Lending Partner Gibraltar Business Capital provides stability during periods of transformation for lower mid-market businesses. Get Started Asset-Based Financing Helps Sponsor-Backed Food Manufacturer Grow Healthy Read Case Study Asset-Based Loans from $10-100MM Delivering quick access to working capital, we partner with businesses when banks and other funding sources are limited or too restrictive. Products: ABL Revolvers & Term Loans FILO & Stretch Facilities Split Lien & Unitranche Facilities Collateral: Accounts Receivable Inventory Machinery & Equipment Real Estate Intellectual Property Learn More Why Gibraltar Business Capital? DEEP EXPERIENCE CREATIVE SOLUTIONS RELIABLE CAPITAL We help business owners and their advisors execute on their plans, at their pace, no matter what the circumstance. Meet Our Team Our Partnerships with Financial Sponsors Robin Oertel from our team and Michael Sullivan of Kinzie Capital discuss a recent asset based financing partnership and how it specifically demonstrates Gibraltar’s creativity in structuring financing solutions. Learn More We are very pleased with
Collateral assessment: no_property_collateral_mandate_unconfirmed"
CF-B6A93362AAF4,Harper Partners,,,sales@joinharper.com,1-310-817-0376,https://www.joinharper.com/,,factoring_receivables,mandate_and_direct_funding_status_unconfirmed,business_receivables_mandate_unconfirmed,unverified,75,,,,,,https://www.joinharper.com/,https://www.joinharper.com/,Official public commercial finance website,https://www.joinharper.com/,2026-09-30,"Invoice Factoring & AR Financing – Harper Partners FACTORING Solutions Factoring Basics How Factoring Works How We Compare Working With Us OTHER LENDING Venture Debt SaaS Lending Business Loans for Bad Credit RESOURCES FAQ BLOG Advertising Digital Media Cash Flow Collections Entrepreneurship Fundraising Hardware Startups Harper Partners Industry Trends Invoice Factoring Resources Small Business Loans Small Business Tips Software Startup Factoring Startup Business Loans Taxes ABOUT US (310) 817-0376 Get Started FACTORING Solutions Factoring Basics How Factoring Works How We Compare Working With Us OTHER LENDING Venture Debt SaaS Lending Business Loans for Bad Credit RESOURCES FAQ BLOG Advertising Digital Media Cash Flow Collections Entrepreneurship Fundraising Hardware Startups Harper Partners Industry Trends Invoice Factoring Resources Small Business Loans Small Business Tips Software Startup Factoring Startup Business Loans Taxes ABOUT US (310) 817-0376 Get Started Loading... TAKE THE WORK OUT OF WORKING CAPITAL. REQUEST A QUOTE TODAY Invoice Factoring & AR Financing joinharper 2017-06-12T09:32:58-07:00 FUNDING FROM $25K to $5MM FACTORING RATES STARTING AT 1.0% APPROVAL WITHIN 48 HOURS Harper Partners is a financial partner to startups and small businesses. We provide accounts receivable financing and business lending solutions for all types of companies. Our flexible products can help businesses in every stage of growth. FREE YOUR CASH Get Paid Immediately for Outstanding Receivables FOCUS ON GROWTH Expand Your Team and Accelerate Revenue BUSINESS AS USUAL Keep Operations Running Smoothly STAY IN CONTROL Extend Cash Runway without Equity Dilution We partner with businesses across many different industries. Media and Advertising Hardware Technology Consumer Products B2
Collateral assessment: no_property_collateral_mandate_unconfirmed"
CF-B86E0DA58DC4,Integra Funding Solutions,,,sales@integrafunding.com,1-866-552-8536,http://www.integrafunding.com,,factoring_receivables,mandate_and_direct_funding_status_unconfirmed,receivables_eligibility_unconfirmed,published_credit_facility_500k_plus_not_cash,75,,,,,,http://www.integrafunding.com,http://www.integrafunding.com/contact-us/,FactoringClub public factoring directory,https://factoringclub.com/factoring-company/integra-funding-solutions/,2026-09-30,"Invoice Factoring & Working Capital Solutions | Integra Funding Skip to contentIntegra Funding Solutions (866) 552-8536 – Speak to a live human (Mon-Fri) Invoice FactoringFreight FactoringIndustriesTransportationOil & Gas ServiceStaffingAerospaceConsumer Packaged GoodsLight IndustrialManufacturingMediaMiningTelecomHow It WorksPartnersAccountantsAffiliatesBankersBusiness ConsultantsCommercial Loan BrokersDispatchersFinancial AdvisorsFreight BrokersX Login Invoice FactoringFreight FactoringIndustriesTransportationOil & Gas ServiceStaffingAerospaceConsumer Packaged GoodsLight IndustrialManufacturingMediaMiningTelecomHow It WorksPartnersAccountantsAffiliatesBankersBusiness ConsultantsCommercial Loan BrokersDispatchersFinancial AdvisorsFreight BrokersX Login A division of T Bank, N.A. · Member FDIC · Fort Worth, TexasYou did the work. You shouldn't have to wait to get paid.Integra advances cash on the invoices your customers haven’t paid yet — so you can make payroll, take on the next load, and run your business without waiting on Net 30, 45, or 60. Get Same Day Funding 1 PMCT cutoffOne of the best in the industryIFACertified memberInternational Factoring AssociationA+BBB accreditedBetter Business Bureau★★★★★Five-star ratingGoogle customer reviewsThe Integra DifferenceNo call centers. No bots. Just bank-backed people who answer the phone.Most factoring companies are independent finance shops with broker-style pricing and overseas support. Integra is a division of T Bank, N.A. — held to the same regulatory standards as any FDIC-insured bank, run by a team you can call directly in Fort Worth.01Bank-grade stability A division of T Bank, N.A. — FDIC-insured, federally regulated, and capitalized to fund your largest seasons without pulling lines mid-cycle.02One transparent rate N
Collateral assessment: no_property_collateral_mandate_unconfirmed"
CF-C82A10D4F108,Marco Capital,,,contacto@marcofi.com,1-469-480-7389,https://www.marcofi.com/,,factoring_receivables,mandate_and_direct_funding_status_unconfirmed,receivables_eligibility_unconfirmed,published_credit_facility_500k_plus_not_cash,75,,,,,,https://www.marcofi.com/contact#form,https://factoringclub.com/factoring-company/marco-capital/,FactoringClub public factoring directory,https://factoringclub.com/factoring-company/marco-capital/,2026-09-30,"Marco | Infraestructura Financiera Cross-Border para Empresas LatAm ProductosSolucionesEmpresaRecursosAccesoAccesoSistema Operativo Financiero para Empresas Cross-BorderSistema Operativo Financiero para Empresas Cross-BorderTu operación cross-border merece una infraestructura a la altura. Centraliza cobros en USD, FX, pagos a proveedores y liquidez en una sola plataforma. Diseñado para empresas con operación real entre LatAm y EE.UU.Crea tu cuentaCrea tu cuentaAgenda demoAgenda demoDavid C.ADAna D.ADAna D.Super Exporter LLCInicioCuentasConversionesTransferenciasTarjetasComplianceFacturaciónReportesContactoNotificacionesJuan MartinHola, JuanAgregar fondosTransferirConvertirCrear facturaTransaccionesFechaCuentaTipoMontoMar 2USDConversión-10.000 USDFeb 23MXNTransferencia36.04 MXNFeb 20USDTransferencia-500 USDFeb 15USDDeposito1,000 USDFeb 10USDTransferencia-10,000 USDFeb 10USDTransferencia-10,000 USDBalance$12,345.00$USD5,550.00$MXN429,662.00€EUR429,662.00Línea de CréditoActiva$3,756.00**9862ComplianceLa solución para gestionar tus finanzas en EE. UU.SeguroProtege tu mercancía yasegura el cobroFormationsCrea tu propia sociedad en Estados Unidos.Super Exporter LLCInicioCuentasConversionesTransferenciasTarjetasComplianceFacturaciónReportesContactoNotificacionesJuan MartinHola, JuanAgregar fondosTransferirConvertirCrear facturaTransaccionesFechaCuentaTipoMontoMar 2USDConversión-10.000 USDFeb 23MXNTransferencia36.04 MXNFeb 20USDTransferencia-500 USDFeb 15USDDeposito1,000 USDFeb 10USDTransferencia-10,000 USDFeb 10USDTransferencia-10,000 USDBalance$12,345.00$USD5,550.00$MXN429,662.00€EUR429,662.00Línea de CréditoActiva$3,756.00**9862ComplianceLa solución para gestionar tus finanzas en EE. UU.SeguroProtege tu mercancía yasegura el cobroFormationsCrea tu propia sociedad en Estados
Collateral assessment: no_property_collateral_mandate_unconfirmed"
CF-50A321867378,Mazon Associates,,,info@mazon.com,1-972-554-6967,https://mazon.com,,factoring_receivables,mandate_and_direct_funding_status_unconfirmed,receivables_eligibility_unconfirmed,published_credit_facility_500k_plus_not_cash,75,,,,,,https://mazon.com,https://mazon.com,FactoringClub public factoring directory,https://factoringclub.com/factoring-company/mazon-associates/,2026-09-30,"Factoring Company - Accounts Receivable Financing - Mazon Associates About Us Our Team Our Story Dallas Factoring Midland Factoring Texas Factoring Services Factoring Services Business Factoring Oil and Gas Factoring Staffing Factoring Public Infrastructure Factoring Resources FAQ Insights Application Referral Program Client Login Contact Us Client Login About Us Our Team Our Story Dallas Factoring Midland Factoring Texas Factoring Services Factoring Services Business Factoring Oil and Gas Factoring Staffing Factoring Public Infrastructure Factoring Resources FAQ Insights Application Referral Program Client Login Contact Us Client Login Apply Now Apply Now Factoring services Funding you forward. Mazon Associates has been providing factoring services for 50 years. We’ve helped thousands of businesses achieve their financial goals and keep their dream alive. We consistently provide a first-class experience in accounts receivable financing. You can depend on Mazon Associates for your cash flow needs. Get Started short term funds. long term impact. Investing in you since 1976. As one of the oldest and most prestigious factoring companies in Texas, Mazon Associates has proven industry leadership. Since 1976, Mazon Associates has served clients in industries including construction, staffing, transportation, oilfield and business services. Our outstanding service has been awarded Best Factoring Company for the past 5 years.We genuinely care about our clients and believe they should have the opportunity to prosper. This is why we are on a mission to equip businesses and see them expand their legacy to future generations. Get Started our services Fast funds for faster growth. Cash Advances We provide same-day cash advances for your invoices, so you can fund your payroll, invento
Collateral assessment: no_property_collateral_mandate_unconfirmed"
CF-6F6EAEE2E421,New Century Financial,,,info@newcenturyfinancial.com,1-800-805-8380,https://www.newcenturyfinancial.com/contact-us/,,factoring_receivables,mandate_and_direct_funding_status_unconfirmed,business_receivables_mandate_unconfirmed,unverified,75,,,,,,https://www.newcenturyfinancial.com/contact-us/,https://www.newcenturyfinancial.com/contact-us/,Official public commercial finance website,https://www.newcenturyfinancial.com/contact-us/,2026-09-30,Collateral assessment: no_property_collateral_mandate_unconfirmed
CF-4E483162B604,Ocean Capital Factors,,,newbusiness@afincen.com,1-818-981-1034,https://afincen.com/,,factoring_receivables,mandate_and_direct_funding_status_unconfirmed,receivables_eligibility_unconfirmed,published_credit_facility_500k_plus_not_cash,75,,,,,,https://afincen.com/,https://afincen.com/,FactoringClub public factoring directory,https://factoringclub.com/factoring-company/ocean-capital-factors/,2026-09-30,"Business Lending Solutions | AFCI 14930 Ventura Blvd. Suite 320, Sherman Oaks, California 91403American financial center, inc.American financial center, inc.American financial center, inc.American financial center, inc.(818) 981-1034HomeAbout UsServices Merchant Cash AdvanceInvoice Factoring MoreHomeAbout UsServices Merchant Cash AdvanceInvoice Factoring American financial center, inc.American financial center, inc.American financial center, inc.American financial center, inc.(818) 981-1034HomeAbout UsServices Merchant Cash AdvanceInvoice Factoring AFCI is investing in your tomorrow, todayAFCI is investing in your tomorrow, todayAFCI is investing in your tomorrow, todayAFCI is investing in your tomorrow, todayCONTACT US AFCI is investing in your tomorrow, todayAFCI is investing in your tomorrow, todayAFCI is investing in your tomorrow, todayAFCI is investing in your tomorrow, todayCONTACT US what we offer Merchant Cash AdvanceMerchant Cash AdvanceMerchant Cash AdvanceA Merchant Cash Advance (MCA) is a type of financing option designed for your business for quick and accessible funding. Our straightforward terms and pricing ensure you always know what to expect for fast funds. How it Works: Once approved by AFCI, your business receives a lump sum of working capital. You are free to use it for any businShow MoreA Merchant Cash Advance (MCA) is a type of financing option designed for your business for quick and accessible funding. Our straightforward terms and pricing ensure you always know what to expect for fast funds. How it Works: Once approved by AFCI, your business receives a lump sum of working capital. You are free to use it for any business need. Your repayment is based on a specified percentage of daily future receipts. Show LessInvoice FactoringMerchant Cash Adv
Collateral assessment: no_property_collateral_mandate_unconfirmed"
CF-4B00215DFA9D,Orange Commercial Credit,"Tina Cawthorn, CLFP",,sales@occfactor.com,1-800-231-3878,https://www.occfactor.com/aboutus,,factoring_receivables,mandate_and_direct_funding_status_unconfirmed,business_receivables_mandate_unconfirmed,unverified,75,,,,,,https://www.occfactor.com/aboutus,https://www.occfactor.com/aboutus,Official public commercial finance website,https://www.occfactor.com/aboutus,2026-09-30,"You Should Talk To These Guys — Invoice Factoring Company Since 1979 800-231-3878 • 🔒 Client Login Helping Businesses Since 1979 We’ve been turning invoices into cash for over 45 years —with a service built on trust, experience, and lasting relationships. At Orange Commercial Credit, we keep funding simple and straightforward: no phone trees, no confusion, no waiting. You send the invoice for work you’ve already done; we send the money so you have the cash when the bills are due. Through recessions, slow seasons, and industry shifts, one thing hasn’t changed—your bills don’t stop, and neither do we. Our team brings decades of experience with personal service you can count on. Most clients hear about us through referrals because our approach works: real people, fast answers, and steady funding you can count on. That’s what makes us different, and why so many businesses—from trucking fleets to staffing firms to manufacturers—have trusted Orange Commercial Credit’s invoice factoring since 1979. Why People Trust Us Facts over fluff: here’s why so many businesses have trusted Orange Commercial Credit since 1979. 225 Google reviews, 5.0 average 6,000+ companies funded 50+ industries served Over half of clients stay 5+ years Clients in all 48 Continental States and Hawaii On average, team members have been with us for over 13 years Member, International Factoring Association (since 2003) “Like a Partner"" “Been working with them for over four and a half years with no problems or complications whatsoever.” —Vitaliy Trucking, Oregon A Recap of How It Works: The advance is up to 98% depending on industry. You choose which invoices to factor. Use it when you need it; skip it when you don't. The Basic Steps: Customer approved (credit-checked). You send the invoice for completed work
Collateral assessment: no_property_collateral_mandate_unconfirmed
Anonymously accessible public AACFB funding directory Show all list, association member claim as funding source. Public named funding contact, phone and email; current liquid cash >=$500K, fulfillment mandate, real estate mandate and equity willingness not verified. Directory includes equipment and business finance firms, so collateral/mandate fit must be confirmed. No account/login used."
CF-AD4D0377DB31,Oxford Commercial Finance,,,ocfinfo@oxfordbank.bank,1-877-692-2650,https://www.oxfordcommercialfinance.com,,factoring_receivables,mandate_and_direct_funding_status_unconfirmed,receivables_eligibility_unconfirmed,published_credit_facility_500k_plus_not_cash,75,,,,,,https://www.oxfordcommercialfinance.com,https://www.oxfordcommercialfinance.com/applications/questions.html,FactoringClub public factoring directory,https://factoringclub.com/factoring-company/oxford-commercial-finance/,2026-09-30,"Oxford Commercial Finance | Lending Solutions for Businesses Client LoginOxford Bank[email protected]LinkedInFacebookInstagramSearch Menu(602) 535-5984 LoginServicesAccounts Receivable FinancingAsset Based LendingTerm LoansPurchase Order FinancingIndustriesIndustriesCase StudiesStartupsGrowing BusinessesRefinanceReferralsBroker ReferralsAboutAbout Oxford Commercial FinanceMeet Our TeamNews & Press ReleasesFAQs(877) 662-0068Get StartedClient LoginFactorSoft Sign InABLSoft Sign InWhat can we help you find?Search Working Capital Solutions That Work Better for You and Your Business You work hard to build your business, but various financial challenges can make it tough to get ahead or keep pace. At Oxford Commercial Finance (OCF), we specialize in flexible working capital solutions to help you overcome these obstacles. Learn how we can help support and fuel your success at every stage of business. Get to know us Cover All The Bases for Business Financing Get funding or tackle invoice challenges. Accounts Receivable Financing Generate immediate cash flow from your accounts receivable. Asset Based Lending Unlock the cash you have tied up in your accounts receivable, inventory & equipment. Term Loans Access flexible funds to help grow your business. Purchase Order Financing Fulfill orders when otherwise not able to due to cash or credit availability. Why Oxford Commercial FinanceWe offer solutions, not obstacles. Oxford Bank Backed 140+ years of service FDIC Insured Strong, liquid balance sheet Personalized, best-in-class service Stability, Flexibility, & Liquidity Flexible programs Creative solutions Innovative problem-solving Relationship focused Case StudiesSee the solutions, read the results. Startups Get the financial foundation you need to kick off a business idea right
Collateral assessment: no_property_collateral_mandate_unconfirmed"
CF-4EA8EFC6C957,PayMeFaster,,,info@paymefaster.com,1-760-390-4884,https://paymefaster.com,,factoring_receivables,mandate_and_direct_funding_status_unconfirmed,receivables_eligibility_unconfirmed,published_credit_facility_500k_plus_not_cash,75,,,,,,https://paymefaster.com,https://paymefaster.com,FactoringClub public factoring directory,https://factoringclub.com/factoring-company/paymefaster/,2026-09-30,"Supplier Factoring (Cash Flow Adder), Receivables Factoring, Purchase Order Finance - PO Finance 0 Skip to Content Company Receivables Finance | PO Finance | Factoring Our Team Contact Open Menu Close Menu Company Receivables Finance | PO Finance | Factoring Our Team Contact Open Menu Close Menu Company Receivables Finance | PO Finance | Factoring Our Team Contact Are you looking for Invoice Finance, Receivables Finance, Factoring, or Purchase Order Finance? We are a National Lender to suppliers of Amazon, Shopify, Walmart, Costco, Target, Knowde, or selling on RangeMe Finance, Kickfurther Finance, Kickstarter Finance, providing business loans, small business loans, and Working Capital. PO Factoring and Purchase Order FinanceWe help companies get paid fast, or fund their purchase orders from large buyers with options like:PO Finance Factoring - USA / Canada / Mexico / InternationalPurchase Order Finance | Invoice Finance | Vendor Quick PayFactoring Receivables | Receivables Finance | AR FinancingAmazon and Shopify Sellers | TikTok Sellers | Walmart Suppliers | Costco Suppliers US GOVERNMENT and Defense Contractor Financing (760) 390 4884 info@PayMeFaster.com PO Finance / Factoring / Los Angeles B2G - Business-to-Government - .GOV / SAM.GOV - Chicago Defense Contractor Supplier Invoice and Receivables Finance - New York Inventory Finance / Work in Progress Funding Recent WorkPMF works with Suppliers and Vendors in RETAIL and SAM.GOV / .GOV and provides PO Factoring / Purchase Order Financing, Invoice Finance / Factoring / Receivables Finance, QuickPay/Quick Pay, Fast Pay/FastPay in and between the USA, India, Mexico, Vietnam, and China. Compete with and partner with LSQ, Primary Funding, Amerifactors. Purchase Order + Invoice FinancePlease contact us with questions or if
Collateral assessment: no_property_collateral_mandate_unconfirmed"
CF-4B0F9B42327B,Porter Capital,,,team@portercap.com,1-205-445-9445,https://www.portercap.com/,,factoring_receivables,mandate_and_direct_funding_status_unconfirmed,receivables_eligibility_unconfirmed,published_credit_facility_500k_plus_not_cash,75,,,,,,https://portercap.com/contact-2024/,https://portercap.com/contact-2024/,FactoringClub public factoring directory,https://factoringclub.com/factoring-company/porter-capital/,2026-09-30,"Porter Capital | Invoice Factoring and Financing Company Skip to content Client LoginSubmit a Referral1-205-445-9445 ServicesInvoice FactoringAccounts Receivable FinancingNon-Recourse FactoringAsset Based LendingIndustriesConsumer Packaged GoodsDistributionGovernment ContractorsManufacturingOil & GasService CompaniesStaffingTechnologyTransportationPartnerBecome a PartnerBanksBusiness AdvisorsInvestment FirmsSpecialty LendersAbout UsThe Porter TeamPressReviewsLocationsEventsContact UsOur ProcessCareersBlogResourcesAccounts Receivable Financing GuideBusiness Health CheckCase StudiesDownloadable ResourcesFAQFinancial CalculatorsFinancial GlossaryInsightsGet a Free Quote Search for: ServicesInvoice FactoringAccounts Receivable FinancingNon-Recourse FactoringAsset Based LendingIndustriesConsumer Packaged GoodsDistributionGovernment ContractorsManufacturingOil & GasService CompaniesStaffingTechnologyTransportationPartnerBecome a PartnerBanksBusiness AdvisorsInvestment FirmsSpecialty LendersAbout UsThe Porter TeamPressReviewsLocationsEventsContact UsOur ProcessCareersBlogResourcesAccounts Receivable Financing GuideBusiness Health CheckCase StudiesDownloadable ResourcesFAQFinancial CalculatorsFinancial GlossaryInsightsGet a Free Quote Search for: HomeServicesInvoice FactoringAccounts Receivable FinancingAsset Based LendingIndustriesStaffingManufacturingDistributionConsumer Packaged GoodsService CompaniesOil & GasTransportationTechnologyBecome a PartnerAbout UsContact UsPressEventsLocationsBlogResourcesAccounts Receivable Financing GuideCase StudiesDOWNLOADABLE RESOURCESFAQFinancial CalculatorsFinancial GlossaryRequest A Quote Porter Capital | Invoice Factoring and Financing CompanyWeaver Ellard2026-09-08T10:34:50-05:00 Rates as low as 0.4% and financing in as little as 24 hours
Collateral assessment: no_property_collateral_mandate_unconfirmed"
CF-9106741E489E,Quasar Capital Partners,,,success@quasarcapitalpartners.com,1-737-301-1811,https://www.quasarcapitalpartners.com/,,factoring_receivables,mandate_and_direct_funding_status_unconfirmed,receivables_eligibility_unconfirmed,published_credit_facility_500k_plus_not_cash,75,,,,,,https://www.quasarcapitalpartners.com/contact,https://www.quasarcapitalpartners.com/contact,FactoringClub public factoring directory,https://factoringclub.com/factoring-company/quasar-capital-partners/,2026-09-30,"Best Invoice Factoring | Quasar Capital | Texas top of pageOur BeliefsOur SolutionsOur TeamBrian CenterJohn CenterSam TorkKarol GuerreroRob HydemanJosh BeauvaisTeri HaynesRobert CenterEduardo HernandezMargaret KeihaniAna AlvaradoDustin GreenSarah CenterTanya FontenotSuroush KeihaniMoreUse tab to navigate through the menu items.Talk to us today! Client Login Making Businesses Better, One Cash Flow Solution at a TimeGet the funding you need to grow. A great team and real solutions that actually work. See How It Works Our MissionWe put our clients and our team at the heart of our business. Every financial solution we create is built on trust, authenticity, and a genuine commitment to making your business better. ​ Our approach starts with listening, not paperwork. Every solution is built around your specific situation.Turn Waiting Into Working CapitalAnd get the financial flexibility you need to thrive. We help you unlock your business potential with invoice factoring. ​ Your customers pay when they pay – but your business can't wait We buy your invoices so you can focus on growth, not collections Built on trust: we take the time to understand your customer relationships Start Today! Unlock the Value You've Already BuiltOur Asset-Based lending solutions provide flexible financing secured by your assets, such as inventory and equipment. This allows you to access larger funding amounts and lower interest rates. Your equipment, inventory, and assets represent years of hard work We help you access that value while keeping what makes your business run Flexible solutions that grow with your business Start Today! Start Today! Bridge Today's Needs with Tomorrow's PotentialOur cash flow lending solutions provide your small business with the financial agility it needs. Access quick
Collateral assessment: no_property_collateral_mandate_unconfirmed"
CF-8CBF5200FE91,"Rosenthal & Rosenthal, Inc.","Mr. Sahil Sharma, CLFP",,ssharma@rosenthalinc.com,1-469-480-7389,https://www.rosenthalinc.com/,,factoring_receivables,mandate_and_direct_funding_status_unconfirmed,receivables_eligibility_unconfirmed,published_credit_facility_500k_plus_not_cash,75,,,,,,https://www.nefassociation.org/wp-content/uploads/2025/06/Q2-2025-Membership-Directory.pdf,https://factoringclub.com/factoring-company/rosenthal-rosenthal/,FactoringClub public factoring directory,https://factoringclub.com/factoring-company/rosenthal-rosenthal/,2026-09-30,Collateral assessment: no_property_collateral_mandate_unconfirmed
CF-9E0F8B22A9FD,Sallyport Commercial Finance,,,inquiries@sallyportcf.com,1-832-939-9450,http://www.sallyportcf.com,,factoring_receivables,mandate_and_direct_funding_status_unconfirmed,receivables_eligibility_unconfirmed,published_credit_facility_500k_plus_not_cash,75,,,,,,http://www.sallyportcf.com,http://www.sallyportcf.com,FactoringClub public factoring directory,https://factoringclub.com/factoring-company/sallyport-commercial-finance/,2026-09-30,"Home | Sallyport Commercial Finance | Factoring Company Skip to content Main Sales Inquiries Client Login Apply Now Pay Now HomeServicesIndustriesProcessNewsArticles & VideosLocationsAboutContact Email UsDrop us a line!! Get in touch! 1 (832) 939-9450 (832) 939-9450 1 (832) 939-9500 (832) 939-9500 PAY NOW CLIENT LOGIN APPLY NOW Funding Entrepreneurs' Hopes and Dreams. It’s What We Do. SALLYPORT commercial finance Working Capital for Growth through factoring, accounts receivable and asset-based lending. Supporting Entrepreneurs Across North America. Learn More Funded! Funding Client Successes “Thank you for helping us get through the learning curve with flexibility and kind understanding – you have been consummately delightful as we worked through it all to get us to this day”—CEO of a Commercial General Contracting company “We are thankful to find a company that shares the same ideals on customer satisfaction and service, as does National Corset. We are looking forward to a long lasting profitable relationship”—Kirk Schlobohm Vice President National Corset Supply House “We value our partnership, you have allowed us to grow and it is starting to show!”—Chard Corsini President Wear Ovation L.L.C. “Thank you very much for doing that for us. It speaks volumes about your attitude towards your customers. So very refreshing!”—Food and Beverage Company Ready to Join Them?We're Ready to Help Get Cash in Days Not Weeks Don’t miss payments, payroll or miss out on purchase orders. Funding is available in as little as 7 to 10 days. Learn More Apply Online—Receive an Offer within 24 Hours—Get Paid APPLY NOW Row concave Shape Decorative svg added to bottom Funding Solutions as Unique as Your Dreams Sallyport works with entrepreneurial business owners to help you get access to the capi
Collateral assessment: no_property_collateral_mandate_unconfirmed"
CF-2837C8354F0D,Security Business Capital,Victor Salazar,,vsalazar@mysbcapital.com,1-844-620-6500,http://www.mysbcapital.com,,factoring_receivables,mandate_and_direct_funding_status_unconfirmed,receivables_eligibility_unconfirmed,published_credit_facility_500k_plus_not_cash,75,,,,,,https://www.mysbcapital.com/contact-us/,https://www.mysbcapital.com/contact-us/,FactoringClub public factoring directory,https://factoringclub.com/factoring-company/security-business-capital/,2026-09-30,"Invoice Factoring Company Midland, TX | Security Business Capital Home page CLIENT PORTAL download application menu Home Contact Us 844-620-6500Our SolutionsInvoice FactoringSpot FactoringIndustries We ServeOil and Gas FactoringTransportation FactoringTemp StaffingManufacturing FactoringBusiness Services FactoringGovernment FactoringDon’t See Your Industry?What Is Invoice Factoring?Factoring TermsFAQAbout UsOur TeamCareersGetting StartedBlog / NewsOur SolutionsInvoice FactoringSpot FactoringIndustries We ServeOil and Gas FactoringTransportation FactoringTemp StaffingManufacturing FactoringBusiness Services FactoringGovernment FactoringDon’t See Your Industry?What Is Invoice Factoring?Factoring TermsFAQAbout UsOur TeamCareersGetting StartedBlog / NewsINVOICE FACTORINGAs a Factoring Company, Security Business Capital Can Help You Meet Your Business Financing NeedsGet Started!Your Trusted Invoice Factoring CompanyIndustries We Serve oil and gas transportation temp staffing Manufacturing / Distribution business services government Don’t see your industry? Call Us Today! Ready to Get Started Contact UsSecurity Business Capital Invoice Factoring ServicesAt Security Business Capital, we continue to refine our quality, expand our capabilities, increase our efficiency, and elevate the superior level of customer service we now provide to heighten the standard of excellence we continue to set as one of the best invoice factoring companies. Contact Security Business Capital today for a free consultation! We offer our customers the best possible service and support while supplying them with the cash flow solutions through factoring they need to grow their business. At SBC, your success is our business. INVOICE FACTORINGLet the experts at Security Business Capital provide you Invoice
Collateral assessment: no_property_collateral_mandate_unconfirmed"
CF-45F56ABC8E41,Single Point Capital,,,info@singlepointgroup.com,1-800-771-5633,https://singlepointcapital.com/,,factoring_receivables,mandate_and_direct_funding_status_unconfirmed,receivables_eligibility_unconfirmed,published_credit_facility_500k_plus_not_cash,75,,,,,,https://singlepointcapital.com/,https://singlepointcapital.com/,FactoringClub public factoring directory,https://factoringclub.com/factoring-company/single-point-capital/,2026-09-30,"Single Point Capital - Invoice Factoring and Working Capital Solutions 800-771-5633 Single Point InsuranceSingle Point Logistics HomeIndustriesTransportationOil & GasDistributionStaffingManufacturingSolutionsFreight FactoringVeterans Factoring ProgramFreight Broker FactoringInvoice FactoringPremium FinancingFuel Discount ProgramLogistics ServicesStart-Up ProgramCompanyAbout UsJoin the TeamContact UsLocationsResourcesBlogReferral ProgramLoginSingle Point AppAccount ManagementSign Up Invoice FactoringFunding That Moves You ForwardIncrease your cash flow with fast, reliable invoice factoring solutions designed for small to medium-sized Trucking, Staffing, Manufacturing, Oil & Gas, and Distribution businesses.Get Started 04-single-point-capital.jpg03-single-point-capital.jpg02-single-point-capital.jpg01-single-point-capital.jpg00-single-point-capital.jpg00-single-point-capital.jpg Edit HereIndustries ServedInvoice Factoring Tailored to Fit Your BusinessIncrease your cash flow with fast, reliable invoice factoring solutions designed for small to medium-sized Trucking, Staffing, Manufacturing, Oil & Gas, and Distribution businesses. STOP! Edit in CategoriesTransportationGet paid the same day for your freight bills to improve your cash flow with competitive rates—serving carriers in Houston, across Texas, and nationwide. Learn MoreSTOP! Edit in CategoriesOil & GasWith our oil and gas receivables financing, businesses in Houston and throughout Texas can unlock the value of outstanding invoices to ensure steady, reliable cash flow. Learn MoreSTOP! Edit in CategoriesDistributionInvoice financing for distributors in Houston, Texas, and nationwide offers immediate cash against unpaid invoices, helping companies meet financial obligations and expand their operations. Learn MoreSTOP!
Collateral assessment: no_property_collateral_mandate_unconfirmed"
CF-A3A082A6206F,Sky Business Credit,,,info@skybusinesscredit.com,1-630-541-7161,https://skybusinesscredit.com/,,factoring_receivables,mandate_and_direct_funding_status_unconfirmed,receivables_eligibility_unconfirmed,published_credit_facility_500k_plus_not_cash,75,,,,,,https://skybusinesscredit.com/,https://skybusinesscredit.com/,FactoringClub public factoring directory,https://factoringclub.com/factoring-company/sky-business-credit/,2026-09-30,"Accounts Receivable Financing Chicago | Sky Business Credit | Factoring | Small Business Loan Chicago MENU About Services Brokers FAQs News & Blog Factor With Sky Contact Client LoginMake a Payment info@skybusinesscredit.com | (630) 541-7161 Get More Info Client LoginMake a Payment info@skybusinesscredit.com | (630) 541-7161 Get More Info About Services Brokers FAQs News & Blog Factor With Sky Contact Cash Flow to Help Your Business Reach Its Potential Factor with Sky We provide the working capital. You keep your business growing. A lack of cash flow can break businesses. Accounts receivable financing or factoring helps increase your sales so you can continue to build your customer base – and increase your profits. You won’t have to wait weeks to turn your outstanding invoices into cash. We’ll give you immediate access to funds from the sales you’ve made, allowing you to keep working toward your goals and expand your business. What is factoring? We’ll help you focus on running your business Chasing down unpaid invoices was never part of your plan. Neither was relying on those payments to build your business. Working with us frees you up to keep making sales. Get Your Cash Fast You won’t wait 30, 60, or 90 days to get paid. We’ll deliver your funds within 24 hours after receiving a verified invoice. Save Time and Money Eliminate stress by leaving the back-office work of tracking invoices, generating accounting reports, and following up on past due invoices to us. Work with Industry Experts You’re not just getting financing — you’re working with specialists. We’ve seen every situation and are ready to handle it in an efficient, professional manner. Experience a Personal Touch As a small business ourselves, we go the extra mile to help our clients succeed. Our team provide
Collateral assessment: no_property_collateral_mandate_unconfirmed"
CF-700199260434,Steelhead Finance,,,inquiry@steelheadfinance.com,1-800-727-3377,https://www.steelheadfinance.com/,,factoring_receivables,mandate_and_direct_funding_status_unconfirmed,receivables_eligibility_unconfirmed,published_credit_facility_500k_plus_not_cash,75,,,,,,https://www.steelheadfinance.com/contact-us/,https://www.steelheadfinance.com/contact-us/,FactoringClub public factoring directory,https://factoringclub.com/factoring-company/steelhead-finance/,2026-09-30,"Home - Steelhead Finance Skip to content LOGIN CONTACT LOGINServices Factoring for TruckingFactoring for BrokersFactoring for Business Benefits Fuel Card ProgramsAuthority SetupReferral ProgramIndustry Discounts About Who is SteelheadFactoring FAQCareersContact Us Call: 800.727.3377 800.727.3377 LOGINServices Factoring for TruckingFactoring for BrokersFactoring for Business Benefits Fuel Card ProgramsAuthority SetupReferral ProgramIndustry Discounts About Who is SteelheadFactoring FAQCareersContact Us Call: 800.727.3377 Factoring Made EasyFaster FundingFaster FundingBetter ServicesBetter ServicesFactoring Made EasyFactoringMade EasyGet Your Factoring Quote Your Invoice Factoring Partner Selling unpaid invoices to Steelhead Finance will provide you with immediate cash. We wait for the payment, so you don’t have to. Factoring For Carriers Manage your cash flow and stop waiting 30 to 60 days for payments from your brokers and shippers. LEARN MORE Factoring For Freight Brokers Pay your carriers and cover business costs without waiting on slow-paying shippers. LEARN MORE Factoring For Business Expand your cash flow & get paid faster for work you’ve already completed to better grow your business. LEARN MORE Why Factoring Works Who Is Steelhead FINANCE 3518 Heathrow Way, Medford, OR 97504 | 800.727.3377 3518 Heathrow Way, Medford, OR 97504 800.727.3377 © 2026 Steelhead Finance | All rights reserved 800.727.3377LoginContact Us Scroll To Top
Collateral assessment: no_property_collateral_mandate_unconfirmed"
CF-B3904385EF4D,Stonebridge Financial Services,,,info@stonebridgefs.com,1-615-661-8245,http://stonebridgefs.com,,factoring_receivables,mandate_and_direct_funding_status_unconfirmed,receivables_eligibility_unconfirmed,unverified,75,,,,,,http://stonebridgefs.com,http://stonebridgefs.com,FactoringClub public factoring directory,https://factoringclub.com/factoring-company/stonebridge-financial-services-inc/,2026-09-30,"Accounts Receivable Factoring | Stonebridge Financial Services, Inc. (615) 661-8245 Client Login Primary Menu PricingHow It WorksAbout UsGet Rate Same Day Business Financing Monthly lines from $250 to $250,000 Get Started Schedule An Appointment Do your customers take 15, 30 or 60+ days to pay? We can help cut your wait down to as little as 2 hours. It costs nothing to apply and see if you qualify We absorb all costs of underwriting Some firms require you to factor a minimum of $25K or $50K per month. We don’t! Our contracts do not lock you in for one year or even one month - factor as long as you would like. You can cancel the contract at any time without penalty Call us for a quote Call us for a free, no-obligation consultation. (615) 661-8245 Apply Now We Help Our Clients Accelerate Cash Flow Twitter Tweets by @StonebridgeFS Testimonials “We can count on Stonebridge Financial Services for accessibility when needed. Their site is easy to navigate and utilize. Our business has appreciated their outstanding level of customer service and would highly recommend them.” Diane Home Physical Therapy Company “Working with Tony at Stonebridge Financial has been an absolute dream! From the very beginning, Tony has made sure that my factoring process from start to finish, goes effortlessly. Tony was able to help my business out financially when no one else could. Now, my business is growing and thriving! Thank you Tony!” Diane Staffing Company “At the inception of our business relationship, we did not know each other or the extent of our financial dealings. As we proceeded through the factoring process I became very comfortable and realized that you are a person of extreme integrity and be counted on to resolve various problems that may arise.” Tom Industrial Distributor “Stonebr
Collateral assessment: no_property_collateral_mandate_unconfirmed"
CF-0339FB85CA58,ABL Credit,,,,1-469-480-7389,https://www.ablcredit.com/,,factoring_receivables,mandate_and_direct_funding_status_unconfirmed,receivables_eligibility_unconfirmed,published_credit_facility_500k_plus_not_cash,65,,,,,,,https://factoringclub.com/factoring-company/abl-credit/,FactoringClub public factoring directory,https://factoringclub.com/factoring-company/abl-credit/,2026-09-30,"ABL Credit | Supply Chain Finance & Factoring
Collateral assessment: no_property_collateral_mandate_unconfirmed"
CF-FF59BA6987CD,Aladdin Financial,,,,1-605-274-7088,http://www.aladdincompanies.com,,factoring_receivables,mandate_and_direct_funding_status_unconfirmed,receivables_eligibility_unconfirmed,published_credit_facility_500k_plus_not_cash,65,,,,,,,http://www.aladdincompanies.com/contact,FactoringClub public factoring directory,https://factoringclub.com/factoring-company/aladdin-financial/,2026-09-30,"Home | Aladdin Skip to content Blog About FAQs - Call 605.274.7088 My Aladdin Online Portal Blog About FAQs - Call 605.274.7088 My Aladdin Online Portal Search Get Started Today Factoring Equipment Leasing & Financing Compliance Solutions Show submenu for Compliance Solutions Safety Support IRP & IFTA Authority & Business Setup Drug & Alcohol Consortium Insurance Changing Lanes Academy Show submenu for Changing Lanes Academy Reasonable Suspicion Training Course Catalog Bundles Show submenu for Bundles Lane One Program Factoring Equipment Leasing & Financing Compliance Solutions Show submenu for Compliance Solutions Safety Support IRP & IFTA Authority & Business Setup Drug & Alcohol Consortium Insurance Changing Lanes Academy Show submenu for Changing Lanes Academy Reasonable Suspicion Training Course Catalog Bundles Show submenu for Bundles Lane One Program Search We'll Help you carry what matters At Home and On The Road Start Now. Get Paid Today. Scroll Down SOLUTIONS FOR YOUR FLEET Factoring & Transportation solutions tailored to your business needS Freight Factoring Equipment Finance Discount Fuel Card IRP & Trip Permits IFTA Safety Support Annual Compliance Requirements Drug & Alcohol Consortium Changing Lanes Academy Why partner with us? Finance your fleet. Tailored financing to fit your business. Our process is quick and simple. We can back your business. Equity investments to help you climb towards your goals. Harness the power of leasing. Cut your overhead while staying on the leading edge. Your money. Faster. Factoring services help you stop chasing your money. Keep your wheels on the road and money in your account. Need it? We can get it. Procurement services that let you focus on what matters. Tell us what you need, when you need it, and we'll make it happen.
Collateral assessment: no_property_collateral_mandate_unconfirmed"
CF-0F59D66058C5,American Funding Solutions,,,,1-816-224-6201,http://funding4you.com,,factoring_receivables,mandate_and_direct_funding_status_unconfirmed,receivables_eligibility_unconfirmed,published_credit_facility_500k_plus_not_cash,65,,,,,,,http://funding4you.com,FactoringClub public factoring directory,https://factoringclub.com/factoring-company/american-funding-solutions/,2026-09-30,"Home - American Funding Solutions LLC Skip to main content Our NEW Website is LIVE! Close announcement banner Phone Number: 8162246201 Main Menu 816.224.6201 Get Funded Fast Build my Funding Plan Get Funded Fast Build my Funding Plan Services Back Services Get Funded Quickly Contact Us Get Funded Quickly Services Invoice Factoring Payroll Funding Purchase Order Funding Get Funded Quickly Contact Us Get Funded Quickly Industries We Serve Back Industries We Serve Get Funded Quickly Contact Us Get Funded Quickly Industries We Serve Staffing Agencies Manufacturing Security Companies Janitorial & Facility Services AI Consulting Firms Get Funded Quickly Contact Us Get Funded Quickly Resources Back Resources Get Funded Quickly Contact Us Get Funded Quickly Resources AFS Education Hub Factoring Calculator Recent Fundings Free Factoring Guide (E-Book) Get Funded Quickly Contact Us Get Funded Quickly About Back About Get Funded Quickly Contact Us Get Funded Quickly About About AFS Our Team Locations Served Client Portal Payments Careers Case Studies Contact Us Get Funded Quickly Contact Us Get Funded Quickly Invoice Factoring | Payroll funding Fast, Flexible Funding On Your Terms Contact Us $1B+ Total Funding 500+ Businesses Funded 20 Years Strong Get Funded Quickly Our Main Services Invoice Factoring Immediate Cash Zero Debt Flexible Funding Read more about Invoice Factoring Payroll Funding Supports rapid growth Keeps capital flowing Maintains payroll cycles Read more about Payroll Funding Purchase Order Funding Fulfills large orders Growth without debt Builds supplier relationships Read more about Purchase Order Funding Our Process How Funding Works Application & Approval Once you apply for our services, we pre-approve you within 24 hours. This process ensures your customers ca
Collateral assessment: no_property_collateral_mandate_unconfirmed"
CF-E1B9CB15355E,Bankers Factoring,,,,1-866-598-4295,http://bankersfactoring.com,,factoring_receivables,mandate_and_direct_funding_status_unconfirmed,receivables_eligibility_unconfirmed,published_credit_facility_500k_plus_not_cash,65,,,,,,,https://www.bankersfactoring.com/contact-bankers-factoring/,FactoringClub public factoring directory,https://factoringclub.com/factoring-company/bankers-factoring-hawaii/,2026-09-30,"Bankers Factoring | The Best Invoice Factoring Company Skip to main content Skip to footer 866-598-4295 Bankers Factoring an Employee-Owned Accounts Receivable Factoring Company Employee-Owned A/R Factoring Company Encrypted Application Bankers Factoring Factorable Industries Agriculture-PACA/PASA FactoringCable & Telecom FactoringConstruction FactoringFloral Industry FactoringFood & Beverage FactoringGovernment FactoringManufacturing FactoringMedical FactoringOil & Gas FactoringPayroll & Staffing A/R FactoringSeafood FactoringTech Company FactoringTrucking FactoringWholesalers & Importer FactoringWine & Spirits PO Funding/Factoring Local Factoring Co Offices Alabama Factoring & Payroll Funding Co Birmingham A/R Factoring CompanyHuntsville Factoring CompanyMobile Factoring Company Alaska Factoring & Payroll Funding Company Anchorage Factoring Company Arizona Factoring & Payroll Funding Company Mesa Invoice Factoring CompanyPhoenix Invoice Factoring CompanyTucson Invoice Factoring Company Arkansas Factoring & Payroll Funding Co Little Rock A/R Factoring Company California Invoice Factoring & Payroll Funding Fresno Invoice Factoring & Payroll FundingLos Angeles A/R Factoring & Payroll FundingSacramento A/R Factoring & Payroll FundingSan Diego A/R Factoring & Payroll FundingSan Jose A/R Factoring & Payroll Funding Colorado Factoring & Payroll Funding Company Colorado Springs Invoice Factoring Denver A/R Factoring Company Connecticut Factoring & Payroll Funding Co Hartford Factoring Company Delaware Factoring Company Wilmington DE Invoice Factoring Company Florida Factoring & Payroll Funding Company Fort Lauderdale Factoring CompanyJacksonville Factoring CompanyMiami Factoring CompanyOrlando Factoring CompanyTallahassee Factoring CompanyTampa Factoring CompanyWest Palm Beac
Collateral assessment: no_property_collateral_mandate_unconfirmed"
CF-3F6E4C78C496,Crown Financial,,,,1-281-646-2905,https://www.crownfactoringservices.com/,,factoring_receivables,mandate_and_direct_funding_status_unconfirmed,receivables_eligibility_unconfirmed,published_credit_facility_500k_plus_not_cash,65,,,,,,,https://www.crownfactoringservices.com/contact,FactoringClub public factoring directory,https://factoringclub.com/factoring-company/crown-financial/,2026-09-30,"Best Invoice Factoring Company Houston, TX — Crown Financial Home Industries Industries Oil & Gas Factoring Staffing Agency Factoring Solutions Factoring Services Invoice Factoring Invoice Factoring Calculator About About Us Broker Program FAQ Contact Us Blog Apply Now Home Industries Industries Oil & Gas Factoring Staffing Agency Factoring Solutions Factoring Services Invoice Factoring Invoice Factoring Calculator About About Us Broker Program FAQ Contact Us Blog Apply Now Put Your Money to Work with Invoice FactoringCheck Your Rate Now FACTORING SERVICES Factoring limits up to 25 mil Rates as low as 1.4% Funding within 1 day TRUST CROWN TO LOCK YOUR FUNDING DOWN HONEST TEAM Giving our clients honest funding guidance is priority to us. It's helped us grow with trust. Easy Process Our approval process is simple. A quick chat and a little paperwork can have your business funds to you within 1 day. Crown Benefits We offer amazing benefits like low rates, same day wire transfers, revenue enhancement and A/R tracking. Tailored Approach You choose how often you utilize our factoring services. No matter your business needs, we will help you meet them! Business Funding Without the Headache Crown looks primarily at the financial strength of your customer instead of your credit worthiness. You don't need piles of paperwork or years of taxes to get approved for invoice factoring. As long as your customers have strong business history, we can help! CROWN CAN HELP, EVEN IN STICKY SITUATIONS Your business is a startup. You don’t have three years of tax returns. Your company deals with only one customer. Your personal or business credit is not up to par. Your company’s rapid growth has caused cash flow problems. Some brands we work with Crown Receives Best Factoring Company of 2024 F
Collateral assessment: no_property_collateral_mandate_unconfirmed"
CF-36174006C598,DARE Capital,,,,1-512-886-3273,https://darebizcapital.com/contact/,,factoring_receivables,mandate_and_direct_funding_status_unconfirmed,business_receivables_mandate_unconfirmed,unverified,65,,,,,,,https://darebizcapital.com/contact/#content,Official public commercial finance website,https://darebizcapital.com/contact/,2026-09-30,"Contact - DARE CAPITAL Skip to content Solutions NN6 Technology Back Room Services Community Banks AR Factoring Construction Factoring About Case Studies Resources Blog Newsletter FAQ Contact Us Solutions NN6 Technology Back Room Services Community Banks AR Factoring Construction Factoring About Case Studies Resources Blog Newsletter FAQ Contact Us Get Started Contact Contact us Send us a message and we will get back to you ASAP. Name Email Phone Number Message Submit Message Mailing Address 3021 Ridge Road, PMB 110 Rockwall, Texas 75032 Call Us (512) 886-DARE Fax (512) 886-3270 X-twitter Linkedin Solutions Construction Factoring AR Factoring NN6 Technology Back Room Services Construction Factoring AR Factoring NN6 Technology Back Room Services Resources Newsletter FAQ Testimonials Newsletter FAQ Testimonials Subscribe to our newsletter Company About Meet Our Team Case Studies About Meet Our Team Case Studies Contact Get started Get in touch Get started Get in touch © 2026 Dare Capital. All Rights Reserved. Privacy Policy & Terms . Dare Capital is licensed by the California Department of Financial Protection and Innovation under the California Finance Lenders Law. License No. #60DBO-115412. Subscribe To Our Newsletter Name Email JOIN Name Email Phone Number Message Submit Message Name Email Phone Number Intresting In Learning About NN6 Technology Construction Factoring Accounts Receivable Factoring Back Room Services (BRS) Message Submit Message Name Email Phone Number Intresting In Learning About Back Room Services (BRS) Construction Factoring Accounts Receivable Factoring NN6 Technology Message Submit Message Name Email Phone Number Intresting In Learning About Construction Factoring Accounts Receivable Factoring Back Room Services (BRS) NN6 Technology Message Submit
Collateral assessment: no_property_collateral_mandate_unconfirmed"
CF-8649BFB48E0F,Express Trade Capital,,,,1-212-997-0155,http://expresstradecapital.com/,,factoring_receivables,mandate_and_direct_funding_status_unconfirmed,receivables_eligibility_unconfirmed,published_credit_facility_500k_plus_not_cash,65,,,,,,,https://expresstradecapital.com/contact/,FactoringClub public factoring directory,https://factoringclub.com/factoring-company/express-trade-capital/,2026-09-30,"Home - Express Trade Capital Skip to content Get a free consultation now! +1(212)997-0155 HomeCompany About Us What We Do Meet The Team Referral Program Careers Why Choose Us Internship ProgramServices Factoring Purchase Order Financing E-Commerce Financing Inventory Financing Supply Chain Management Trade FinanceIndustries Apparel Food & Beverage Beauty & Cosmetics Toys & Gifts Home Goods & Furniture Sporting Goods & Recreation Electronics Additional SolutionsResources FAQ Blog News & Press Success StoriesContact Contact Apply Now Broker Registration Get Shipping Quote Apply for LCClient Portal Online Account Terms of Use Login Apply Now Home Company About Us What We Do Meet The Team Referral Program Careers Why Choose Us Internship Program Services Factoring Purchase Order Financing E-Commerce Financing Inventory Financing Supply Chain Management Trade Finance Industries Apparel Food & Beverage Beauty & Cosmetics Toys & Gifts Home Goods & Furniture Sporting Goods & Recreation Electronics Additional Solutions Resources FAQ Blog News & Press Success Stories Contact Contact Apply Now Broker Registration Get Shipping Quote Apply for LC Client Portal Online Account Terms of Use Login APPLY NOW Row midpoint Shape Decorative svg added to bottom Fuel Your Business. Keep Your Equity. Financing Success Express Trade Capital (ETC) is a New York-based alternative financing firm with 30+ years of experience and $6 billion funded, built for small and mid-size wholesalers, importers, and distributors that need working capital without giving up equity or navigating bank red tape. ETC is the only provider combining a full suite of non-dilutive financing solutions — factoring, PO financing, inventory financing, e-commerce financing, and trade finance — with in-house logistics and suppl
Collateral assessment: no_property_collateral_mandate_unconfirmed"
CF-DC0AC725525D,Factoring Express,,,,1-888-614-2999,https://factoringexpress.com/,,factoring_receivables,mandate_and_direct_funding_status_unconfirmed,receivables_eligibility_unconfirmed,published_credit_facility_500k_plus_not_cash,65,,,,,,,https://factoringexpress.com/contact-us/,FactoringClub public factoring directory,https://factoringclub.com/factoring-company/factoring-express/,2026-09-30,"Factoring Company Florida Turns Invoices Into Immediate Cash Skip to content Login 888 614 2999 Services Medical Factoring Factoring for Staffing Government Receivables Factoring Construction Factoring Purchase Order Financing Oil and Gas Factoring Transport Factoring Factoring For Trucking Accounting For Truckers Fuel Advance Programs Fuel Cards For Trucking Dispatch Services Blog Contacts Services Medical Factoring Factoring for Staffing Government Receivables Factoring Construction Factoring Purchase Order Financing Oil and Gas Factoring Transport Factoring Factoring For Trucking Accounting For Truckers Fuel Advance Programs Fuel Cards For Trucking Dispatch Services Blog Contacts Services Medical Factoring Factoring for Staffing Government Receivables Factoring Construction Factoring Purchase Order Financing Oil and Gas Factoring Transport Factoring Factoring For Trucking Accounting For Truckers Fuel Advance Programs Fuel Cards For Trucking Dispatch Services Blog Contacts Login 888 614 2999 Leading Florida Factoring Company Offering Same Day Funding Solutions Factoring Express offers a comprehensive factoring service tailored to meet the unique needs of your business. Instant cash advances within 24 hours Get instant cash flow to cover your business expenses Fast and straightforward application process Start factoring invoices once approved No contracts or monthly minimums Cancel anytime; choose the invoice you want to factor Same-day approval for eligible accounts Send us an inquiry to get started today! APPLY NOW Partner with a factoring for trucking company to grow your business At Factoring Express, we understand the financial challenges that long payment cycles bring to trucking businesses. But with the help of our factoring for trucking service, you can now con
Collateral assessment: no_property_collateral_mandate_unconfirmed"
CF-A64590C6A31C,G Squared Funding,,,,1-888-942-7253,https://gsquaredfunding.com/,,factoring_receivables,mandate_and_direct_funding_status_unconfirmed,receivables_eligibility_unconfirmed,published_credit_facility_500k_plus_not_cash,65,,,,,,,https://gsquaredfunding.com/contact-us,FactoringClub public factoring directory,https://factoringclub.com/factoring-company/g-squared-funding/,2026-09-30,"G Squared Funding | Factoring Services for Trucking Companies - G Squared Funding, LLC This website uses cookies to ensure you get the best experience on our website. Learn more Accept Reject Menu What We DoWho We AreJoin Our TeamServicesContact UsG Squared Fuel CardResourcesWorking with GSFCredit ServicesClient PortalLoad BoardFuel SolutionsClient LoginClient Login | DesktopClient Login | MobileApply Now Your Trusted Factoring Partner in Transportation At G Squared Funding, we understand the challenges that transportation companies face when it comes to managing cash flow and maintaining steady operations. That's why we're here to provide tailored factoring solutions designed specifically for you. No Reserve, Non-Recourse, Approval in as little as 60 minutes! Contact us today WALLET 2 sec. You just got paid $10,856.52 Open Dismiss Grow Your Business With Us Carriers We understand the challenges carriers face in managing cash flow and keeping fleets on the road. Our services offer immediate access to the funds you need, without the delays and uncertainty of traditional invoicing. Brokers Efficient cash flow management is crucial for brokers to maintain strong relationships with carriers and shippers. Our services provide fast, reliable funding to keep your operations running smoothly and your partners satisfied. Staffing Agency We understand the financial challenges staffing agencies face. Our factoring services provide immediate funding, helping you pay staff on time and focus on business growth. Unlock Your Transportation Company's Financial Potential Today! Explore our expert factoring services and drive your business forward with fast, reliable financial solutions. Fast Same Day Funding Referral Fees Business Lines of Credit Available Fed Ex Overnight Discount Progr
Collateral assessment: no_property_collateral_mandate_unconfirmed"
CF-71E099F52B65,Hamilton Group,,,,1-469-480-7389,http://www.hamiltongroup.net/,,factoring_receivables,mandate_and_direct_funding_status_unconfirmed,receivables_eligibility_unconfirmed,published_credit_facility_500k_plus_not_cash,65,,,,,,,https://factoringclub.com/factoring-company/hamilton-group/,FactoringClub public factoring directory,https://factoringclub.com/factoring-company/hamilton-group/,2026-09-30,Collateral assessment: no_property_collateral_mandate_unconfirmed
CF-9A29A8ECF4F0,Ignite Factoring,,,,1-469-480-7389,https://www.ignitefactoring.com,,factoring_receivables,mandate_and_direct_funding_status_unconfirmed,receivables_eligibility_unconfirmed,published_credit_facility_500k_plus_not_cash,65,,,,,,,https://factoringclub.com/factoring-company/ignite-factoring/,FactoringClub public factoring directory,https://factoringclub.com/factoring-company/ignite-factoring/,2026-09-30,Collateral assessment: no_property_collateral_mandate_unconfirmed
CF-72F1856C99FF,Love’s Financial,,,,1-855-495-5683,https://www.loves.com/en/financial-services/freight-factoring,,factoring_receivables,mandate_and_direct_funding_status_unconfirmed,receivables_eligibility_unconfirmed,published_credit_facility_500k_plus_not_cash,65,,,,,,,https://www.loves.com/en/financial-services/freight-factoring/contact-loves-factoring,FactoringClub public factoring directory,https://factoringclub.com/factoring-company/loves-financial/,2026-09-30,"Freight Factoring | Love's Financial HomeFeaturesservicesFreight FactoringLove's Express CreditUniversal Billing ProgramRFID Automated FuelingFuel DiscountsLegal ServicesNewsRefer a friendapply nowapply nowservicesFreight FactoringHomeServicesFreight FactoringWhether you’re an owner-operator or a large fleet, Love’s Financial can provide customizable factoring solutions to help grow your business. Freight factoring is a smart solution to manage your cash flow, and cover expenses like fuel, insurance, maintenance and payroll without creating debt for your business. In addition to providing immediate payment on freight bills, Love’s provides unbeatable customer service while helping grow your business.We can combine your factoring solution with any number of added services at our nationwide network of travel stops, such as fuel discounts of $.30/gallon, no fee credit line on Love’s Express Billing Program, Love’s Truck Care and Speedco, Emergency Roadside Service, light mechanical services, lube and preventative maintenance – all delivered with the Love’s commitment to outstanding customer service.What is Freight Factoring?Love's Freight Factoring in a NutshellTypes of Freight FactoringNon-Recourse Freight FactoringRecourse Freight FactoringFreight Factoring For Other IndustriesOilfield Freight FactoringBenefits of Freight Factoring With Love's FinancialWhat is Freight Factoring?Freight factoring is a financing method in which a trucking company sells their accounts receivable at a discount to a third-party funding source to increase cash flow. In other words, Love’s Financial buys invoices for the loads you’ve already delivered then collects from your customer. Love's Freight Factoring in a NutshellOur team will prepare a customized plan based on the needs of your busine
Collateral assessment: no_property_collateral_mandate_unconfirmed"
CF-FF3D090A71DC,Momentum Capital Funding,,,,,https://www.momentumcapitalfunding.com/privacy-policy/,,factoring_receivables,mandate_and_direct_funding_status_unconfirmed,business_receivables_mandate_unconfirmed,unverified,65,,,,,,,,Official public commercial finance website,https://www.momentumcapitalfunding.com/privacy-policy/,2026-09-30,Collateral assessment: no_property_collateral_mandate_unconfirmed
CF-ACE62E9EB122,Sekady Capital,,,,1-469-480-7389,https://www.sekady.com/real-estate-appraiser-invoice-factoring,,factoring_receivables,mandate_and_direct_funding_status_unconfirmed,receivables_eligibility_unconfirmed,published_credit_facility_500k_plus_not_cash,65,,,,,,,https://factoringclub.com/factoring-company/sekady-capital/,FactoringClub public factoring directory,https://factoringclub.com/factoring-company/sekady-capital/,2026-09-30,"Real Estate Appraisal Invoice Factoring Skip to content Services Appraisal Invoice Factoring Accounts Payable Automation for AMCs Solutions For Real Estate Appraisers Appraisal Management Companies Pricing About Sekady Capital Resources Registration Instructions Sekady Capital Blog Contact Log in Get Paid Quickly and Securely with Sekady Capital. We make it easy for you to securely improve your cash flow, reduce back-office paperwork, and eliminate collection calls when you factor your appraisal invoices. APPLY NOW Stop waiting to get paid! Improve your cash flow with invoice factoring. As a Real Estate Appraiser you have enough on your plate with work orders. Let us help you eliminate the time-consuming and frustrating collection process by factoring your appraisal invoices with Sekady. We can even get you paid by the next business day on approved invoices. LEARN MORE Get paid by the next business day. Once your invoice is approved, you will receive an email to schedule your payment date. From there you may choose standard terms, factoring, or QuickPay (same-day payment for an additional fee). Security is a top priority - we're SOC2 Certified. Reduce back-office paperwork. Spend more time on revenue-generating activity, and less on paperwork! Eliminate collection calls. When you factor with Sekady, we guarantee payment on approved invoices. How does Factoring work? 1 You complete an appraisal order 2 You send Sekady your invoice 3 Sekady pays you digitally by the next business day for a small fee 4 Your client pays Sekady, per their standard payment terms Appraiser Factoring Referral Program Get Extra Cash for Referring Your Friends. Copy, paste, and email this link to your friend: https://share.hsforms.com/2iTiFYLO0RhegtU4j64VGBgdspwo The referred Appraiser must provi
Collateral assessment: no_property_collateral_mandate_unconfirmed"
CF-23DBCC5E6C01,Summar Financial,,,,1-786-406-7300,http://summar.com/,,factoring_receivables,mandate_and_direct_funding_status_unconfirmed,receivables_eligibility_unconfirmed,published_credit_facility_500k_plus_not_cash,65,,,,,,,http://summar.com/,FactoringClub public factoring directory,https://factoringclub.com/factoring-company/summar-financial/,2026-09-30,"Factoring Company for Trucking & Businesses | Summar Financial Skip to content • Credit Guarantee: Coverage beyond non-recourse • Fuel Card with Monthly Rebates: Save up to 95¢ per gallon • Flexible Payroll Funding • Summar Partner Hub: Join our referral program • Credit Guarantee: Coverage beyond non-recourse • Fuel Card with Monthly Rebates: Save up to 95¢ per gallon • Flexible Payroll Funding • Summar Partner Hub: Join our referral program Freight SolutionsFreight factoringTMS / Client appFuel CardFinancial CalculatorsInternational / Trade SolutionsInternational FactoringReverse FactoringFactoring for Other IndustriesPayroll FundingReferral programsFreight Factoring ReferralsInternational Factoring ReferralsBlogApply NowFreight factoringOther funding solutionsInternational factoringLog in Español Accelerate your business with factoringWe understand the challenges you face. We are a no-hassle funding company. Talk to a Specialist Talk to a Specialist Meet Addie the SummardilloYour trusted sidekick who turns roadblocks into paid loads. Learn More Learn More Non-recourse covers less. Summar Shield covers you.We protect you when brokers disappear – beyond 90 days, even without bankruptcy. Learn more about Summar Shield Learn more about Summar Shield What Is Factoring?Factoring is a funding solution that helps businesses turn unpaid invoices into fast cash. Instead of waiting weeks or months for customers to pay, you can access working capital sooner and keep your business moving.At Summar Financial, we provide flexible factoring solutions for trucking companies, owner-operators, exporters, staffing firms, and growing businesses that need reliable cash flow without taking on traditional debt. Talk to a Specialist → Are you a Business Owner Looking to Grow?Turn invoices in
Collateral assessment: no_property_collateral_mandate_unconfirmed"
CF-A8077A08C71F,TemPay LLC,,,,1-469-480-7389,http://www.tempay.com/,,factoring_receivables,mandate_and_direct_funding_status_unconfirmed,receivables_eligibility_unconfirmed,published_credit_facility_500k_plus_not_cash,65,,,,,,,https://factoringclub.com/factoring-company/tempay/,FactoringClub public factoring directory,https://factoringclub.com/factoring-company/tempay/,2026-09-30,Collateral assessment: no_property_collateral_mandate_unconfirmed
CF-9EA6DF0DE2A8,Velocity Financial,,,,1-432-247-1888,https://velocityfi.com/,,factoring_receivables,mandate_and_direct_funding_status_unconfirmed,receivables_eligibility_unconfirmed,published_credit_facility_500k_plus_not_cash,65,,,,,,,https://velocityfi.com/contact-us/#mail,FactoringClub public factoring directory,https://factoringclub.com/factoring-company/velocity-financial/,2026-09-30,"Business Financing Solutions: Local Invoice Factoring Skip to main content email Contact Us Se Habla Espanol Client Login Hit enter to search or ESC to close Search Close Search Menu What Is Factoring? What Is Factoring? Advantages Factoring Process Factoring Insights Why Choose Velocity Factoring FAQ’s Industries We Serve Oilfield Factoring Services Renewable Energy Factoring Staffing Factoring Factoring Resources Recent Deals Contact Us Apply Now (432) 247-1888 1win onlinepin uphttps://pinup-casino-play.com/1win aviator casinolukyjethttps://pin-up-bet.in/https://1-win-kazino.kz/https://1-win-online.kz/ Invoice Factoring With Velocity Financial The simplest way to turn your unpaid invoices into cash What is Factoring Industries We Serve Apply Now The Permian Basin’s premier invoice factoring company Velocity Financial is based out of Midland, Texas in the heart of the Permian Basin. We have extensive experience factoring for energy companies, as well as other companies across Texas including staffing, renewable energy, and manufacturing. Our factoring services help clients get paid faster for their invoices so that they can use those funds immediately to grow their businesses and meet expenses such as payroll. Why Choose Velocity? Simple & Clear FeesOur fees are simple and easy to understand. We only charge factoring fees and wire fees. You don't pay us anything until you decide to factor an invoice. TransparentWe don't have any hidden fees or lockups. We treat people fairly and build long term relationships with our clients built on trust and openness. Track Record of Customer ServiceWe have built one of the best teams in factoring with no team member on our operations team having less than 3 years of experience. We recently won the 2023 best factoring company award w
Collateral assessment: no_property_collateral_mandate_unconfirmed"
CF-E0AAA4689C20,24HR FAST FUNDING,,,info@24hrfastfunding.com,1-805-263-1729,https://www.24hrfastfunding.com/,WY,business_finance_provider,nonbank_status_unconfirmed,financing_fit_unverified,unverified,30,,,,,,https://www.24hrfastfunding.com/,https://www.24hrfastfunding.com/,PrivateLendersDirectory,https://www.privatelendersdirectory.com/united-states/sheridan/business-lending/24hr-fast-funding,2026-09-30T03:47:17.242773+00:00,"Public directory listing; current phone ownership, email deliverability, private cash availability, $500K cash threshold, fulfillment financing eligibility and equity willingness have not been verified. 24Hr Fast Funding is a financial services company specializing in alternative lending solutions for businesses."
CF-EA74BB3866B3,ACCEL BUSINESS CAPITAL INC,,,funding@accelbusinesscapital.com,1-716-253-4604,https://accelbusinesscapital.com/,NY,business_finance_provider,nonbank_status_unconfirmed,financing_fit_unverified,unverified,30,,,,,,https://accelbusinesscapital.com/,https://accelbusinesscapital.com/,PrivateLendersDirectory,https://www.privatelendersdirectory.com/united-states/buffalo/business-lending/accel-business-capital-inc,2026-09-30T03:47:17.242773+00:00,"Public directory listing; current phone ownership, email deliverability, private cash availability, $500K cash threshold, fulfillment financing eligibility and equity willingness have not been verified. Accel Business Capital Inc is a Loan Brokers company located in New York, US with 3 employees"
CF-7C98D1DFA478,ACTUALIZE CONSULTING,,,operations@actualizeconsulting.com,1-703-868-1506,https://www.actualizeconsulting.com/,VA,business_finance_provider,nonbank_status_unconfirmed,financing_fit_unverified,unverified,30,,,,,,https://www.actualizeconsulting.com/contact-us.html,https://www.actualizeconsulting.com/contact-us.html,PrivateLendersDirectory,https://www.privatelendersdirectory.com/united-states/reston/business-lending/actualize-consulting,2026-09-30T03:47:17.242773+00:00,"Public directory listing; current phone ownership, email deliverability, private cash availability, $500K cash threshold, fulfillment financing eligibility and equity willingness have not been verified. Actualize Consulting is a professional services firm specializing in optimizing financial services technology and operations."
CF-97E7BE503AE5,ADVANTAGE+ FINANCING,,,insidesales@advantageplusfinancing.com,1-800-949-7040,https://www.advantageplusfinancing.com/,WI,business_finance_provider,nonbank_status_unconfirmed,financing_fit_unverified,unverified,30,,,,,,https://www.advantageplusfinancing.com/contact-us/,https://www.advantageplusfinancing.com/,PrivateLendersDirectory,https://www.privatelendersdirectory.com/united-states/brookfield/business-lending/advantage-financing,2026-09-30T03:47:17.242773+00:00,"Public directory listing; current phone ownership, email deliverability, private cash availability, $500K cash threshold, fulfillment financing eligibility and equity willingness have not been verified. Advantage+ Financing is an equipment financing company serving the needs of businesses nationwide."
CF-81A1A273BE18,AFFIX FINANCIAL SOLUTIONS,,,info@affixfunding.com,1-866-813-8634,https://www.affixfunding.com,FL,business_finance_provider,nonbank_status_unconfirmed,financing_fit_unverified,unverified,30,,,,,,https://www.affixfunding.com/,https://www.affixfunding.com/contact-us,PrivateLendersDirectory,https://www.privatelendersdirectory.com/united-states/west-palm-beach/business-lending/affix-financial-solutions,2026-09-30T03:47:17.242773+00:00,"Public directory listing; current phone ownership, email deliverability, private cash availability, $500K cash threshold, fulfillment financing eligibility and equity willingness have not been verified. At Affix Financial Solutions, our mission is to empower businesses with strategic funding solutions that propel growth and stability."
CF-1E65294B551D,ALASKA GROWTH CAPITAL BIDCO,,,info@alaskagrowth.com,1-907-339-6760,https://www.alaskagrowth.com/,AK,business_finance_provider,nonbank_status_unconfirmed,financing_fit_unverified,unverified,30,,,,,,https://www.alaskagrowth.com/contact-us/,https://www.alaskagrowth.com/,PrivateLendersDirectory,https://www.privatelendersdirectory.com/united-states/anchorage/business-lending/alaska-growth-capital-bidco,2026-09-30T03:47:17.242773+00:00,"Public directory listing; current phone ownership, email deliverability, private cash availability, $500K cash threshold, fulfillment financing eligibility and equity willingness have not been verified. Alaska Growth Capital BIDCO, Inc is an innovative alternative lending company based in Anchorage, Alaska, and doing business throughout the northwestern United States."
CF-BB81755D9FA0,ALCAZZAR CAPITAL,,,info@alcazzarcapital.com,1-646-820-7003,https://www.alcazzarcapital.com,NY,business_finance_provider,nonbank_status_unconfirmed,financing_fit_unverified,unverified,30,,,,,,https://www.alcazzarcapital.com/,https://www.alcazzarcapital.com/,PrivateLendersDirectory,https://www.privatelendersdirectory.com/united-states/new-york/business-lending/alcazzar-capital,2026-09-30T03:47:17.242773+00:00,"Public directory listing; current phone ownership, email deliverability, private cash availability, $500K cash threshold, fulfillment financing eligibility and equity willingness have not been verified. We are the financial FORTRESS for your small business needs!"
CF-445C8FA15A44,ALPHA BUSINESS FUNDING,,,admin@alphabizfund.com,1-866-526-7075,https://www.alphabizfund.com/,NJ,business_finance_provider,nonbank_status_unconfirmed,financing_fit_unverified,unverified,30,,,,,,https://www.alphabizfund.com/,https://www.alphabizfund.com/,PrivateLendersDirectory,https://www.privatelendersdirectory.com/united-states/evesham/business-lending/alpha-business-funding,2026-09-30T03:47:17.242773+00:00,"Public directory listing; current phone ownership, email deliverability, private cash availability, $500K cash threshold, fulfillment financing eligibility and equity willingness have not been verified. Business funding consultant offering funding solutions for business owners"
CF-58C51F4CEB16,ALPINE COMMERCIAL FUNDING,,,ao@alpinecommercialfunding.com,1-402-210-3979,https://alpinecommercialfunding.com/,NE,business_finance_provider,nonbank_status_unconfirmed,financing_fit_unverified,unverified,30,,,,,,https://alpinecommercialfunding.com/,https://alpinecommercialfunding.com/,PrivateLendersDirectory,https://www.privatelendersdirectory.com/united-states/bennington/business-lending/alpine-commercial-funding,2026-09-30T03:47:17.242773+00:00,"Public directory listing; current phone ownership, email deliverability, private cash availability, $500K cash threshold, fulfillment financing eligibility and equity willingness have not been verified. We are a dynamic private capital consultancy and brokerage firm. We provide tailored programs for business owners, real estate investors, and entrepreneurs."
CF-05C06F24A7F2,AMERICAN CAPITAL EXPRESS,,,info@americancapitalexpress.com,1-877-433-4241,https://americancapitalexpress.com,PA,business_finance_provider,nonbank_status_unconfirmed,financing_fit_unverified,unverified,30,,,,,,https://www.americancapitalexpress.com/,https://www.americancapitalexpress.com/,PrivateLendersDirectory,https://www.privatelendersdirectory.com/united-states/reading/business-lending/american-capital-express,2026-09-30T03:47:17.242773+00:00,"Public directory listing; current phone ownership, email deliverability, private cash availability, $500K cash threshold, fulfillment financing eligibility and equity willingness have not been verified. We're experts in finding you the best rates on small business loans, including SBA loans"
CF-678ECB1B0F11,AMERICAN FINANCIAL NETWORK,,,info@afncorp.com,1-714-831-4000,https://www.afncorp.com,NJ,business_finance_provider,private_nonbank_lender_directory_claim,financing_fit_unverified,unverified,30,,,,,,https://www.afncorp.com/,https://www.afncorp.com/,PrivateLendersDirectory,https://www.privatelendersdirectory.com/united-states/manalapan-township/business-lending/american-financial-network,2026-09-30T03:47:17.242773+00:00,"Public directory listing; current phone ownership, email deliverability, private cash availability, $500K cash threshold, fulfillment financing eligibility and equity willingness have not been verified. We are a Direct Lender with delegated authority to underwrite, fund, and service Fannie Mae, Freddie Mac, FHA, USDA, VA, and Jumbo loan products in-house.
Public directory listing. Lender/broker role, available cash, unsecured fulfillment eligibility and equity willingness need direct confirmation. Directory description: BREA, CA PRIVATE LENDER American Financial Network, Inc. provides finance services."
CF-48C17DE334D6,AMERICAS BUSINESS CAPITAL,,,info@americasbusinesscapital.com,1-888-426-0377,https://www.americasbusinesscapital.com/,FL,business_finance_provider,nonbank_status_unconfirmed,financing_fit_unverified,unverified,30,,,,,,https://www.americasbusinesscapital.com/,https://www.americasbusinesscapital.com/contact-us,PrivateLendersDirectory,https://www.privatelendersdirectory.com/united-states/miami/business-lending/americas-business-capital,2026-09-30T03:47:17.242773+00:00,"Public directory listing; current phone ownership, email deliverability, private cash availability, $500K cash threshold, fulfillment financing eligibility and equity willingness have not been verified. America’s Business Capital is a private investment firm based in Cherry Hill, NJ that originates and places investments in small business, merchant cash advances."
CF-5C0AA51EBC53,AMERIFACTORS,,,info@amerifactors.com,1-800-884-3863,http://www.amerifactors.com,FL,business_finance_provider,nonbank_status_unconfirmed,operations_finance_candidate_unverified,unverified,30,,,,,,https://amerifactors.com/contact-us/,https://amerifactors.com/,PrivateLendersDirectory,https://www.privatelendersdirectory.com/united-states/kissimmee/business-lending/amerifactors,2026-09-30T03:47:17.242773+00:00,"Public directory listing; current phone ownership, email deliverability, private cash availability, $500K cash threshold, fulfillment financing eligibility and equity willingness have not been verified. AmeriFactors has been funding businesses nationwide through accounts receivable financing, also known as factoring."
CF-50A9298C2716,AMERISOURCE BUSINESS CAPITAL,,,cmark@amerisource.us.com,1-800-863-8300,https://amerisource.us.com/,TX,business_finance_provider,private_nonbank_lender_directory_claim,financing_fit_unverified,unverified,30,,,,,,https://amerisource.us.com/contact-us/,https://amerisource.us.com/,PrivateLendersDirectory,https://www.privatelendersdirectory.com/united-states/houston/business-lending/amerisource-business-capital-6305,2026-09-30T03:47:17.242773+00:00,"Public directory listing; current phone ownership, email deliverability, private cash availability, $500K cash threshold, fulfillment financing eligibility and equity willingness have not been verified. We are a leading independent direct lender and provider of capital to small and lower middle market businesses."
CF-500D3F9630FD,APPROVD,,,info@yourapprovd.com,1-516-262-5269,https://www.yourapprovd.com/,NY,business_finance_provider,nonbank_status_unconfirmed,financing_fit_unverified,unverified,30,,,,,,https://www.yourapprovd.com/,https://www.yourapprovd.com/,PrivateLendersDirectory,https://www.privatelendersdirectory.com/united-states/queens/business-lending/approvd,2026-09-30T03:47:17.242773+00:00,"Public directory listing; current phone ownership, email deliverability, private cash availability, $500K cash threshold, fulfillment financing eligibility and equity willingness have not been verified. Approvd LLC offers the best SBA loan solutions for small business growth."
CF-AE1861CD6114,ASSET DYNAMICS,,,droork@assetdynamics.com,1-419-841-6700,https://www.assetdynamics.com/,OH,business_finance_provider,nonbank_status_unconfirmed,financing_fit_unverified,unverified,30,,,,,,https://www.assetdynamics.com/,https://www.assetdynamics.com/,PrivateLendersDirectory,https://www.privatelendersdirectory.com/united-states/maumee/business-lending/asset-dynamics,2026-09-30T03:47:17.242773+00:00,"Public directory listing; current phone ownership, email deliverability, private cash availability, $500K cash threshold, fulfillment financing eligibility and equity willingness have not been verified. Asset Dynamics is an innovative alternative to bank business financing."
CF-F560722714F9,AVALON FUNDING CORP,,,info@avalonfunding.com,1-949-707-2005,https://www.avalonfunding.com/,CA,business_finance_provider,nonbank_status_unconfirmed,operations_finance_candidate_unverified,unverified,30,,,,,,https://www.avalonfunding.com/,https://www.avalonfunding.com/,PrivateLendersDirectory,https://www.privatelendersdirectory.com/united-states/santa-ana/business-lending/avalon-funding-corp,2026-09-30T03:47:17.242773+00:00,"Public directory listing; current phone ownership, email deliverability, private cash availability, $500K cash threshold, fulfillment financing eligibility and equity willingness have not been verified. We are a financial institution that creates new opportunity and growth in small to mid size companies by freeing up working capital."
CF-1CA4E8E62A2B,AXIOM FUNDING SOLUTIONS,,,aaron@axiomfundingsolutions.com,1-754-285-5548,https://axiomfundingsolutions.com/,FL,business_finance_provider,nonbank_status_unconfirmed,financing_fit_unverified,unverified,30,,,,,,https://axiomfundingsolutions.com/contact-us/,https://axiomfundingsolutions.com/,PrivateLendersDirectory,https://www.privatelendersdirectory.com/united-states/miami/business-lending/axiom-funding-solutions,2026-09-30T03:47:17.242773+00:00,"Public directory listing; current phone ownership, email deliverability, private cash availability, $500K cash threshold, fulfillment financing eligibility and equity willingness have not been verified. Growing businesses need investors that understand the nuances of each business that can’t be clearly defined in black and white."
CF-BD4CF54AC248,bbowers@communitysouthlending.com,,,customerservice@citizensbank24.com,1-866-882-2265,https://acclivityfinancial.com/,TN,business_finance_provider,nonbank_status_unconfirmed,financing_fit_unverified,unverified,30,,,,,,https://www.citizensbank24.com/acclivityfinancial/contactus,https://www.citizensbank24.com/acclivityfinancial/contactus,PrivateLendersDirectory,https://www.privatelendersdirectory.com/united-states/knoxville/business-lending/bbowers-communitysouthlending-com,2026-09-30T03:47:17.242773+00:00,"Public directory listing; current phone ownership, email deliverability, private cash availability, $500K cash threshold, fulfillment financing eligibility and equity willingness have not been verified. Acclivity Financial, a subsidiary of Citizens Bank, is a preferred nationwide lender."
CF-20FCC6D9BE68,BEDROCK GROUP INC.,,,info@bedrockgroupinc.com,1-214-306-9534,https://www.bedrockgroupinc.com/,TX,business_finance_provider,nonbank_status_unconfirmed,financing_fit_unverified,unverified,30,,,,,,https://bedrockgroupinc.com/,https://bedrockgroupinc.com/,PrivateLendersDirectory,https://www.privatelendersdirectory.com/united-states/plano/business-lending/bedrock-group-inc,2026-09-30T03:47:17.242773+00:00,"Public directory listing; current phone ownership, email deliverability, private cash availability, $500K cash threshold, fulfillment financing eligibility and equity willingness have not been verified. We offer services assisting in the preparation of docs to raise capital through traditional funding sources such as the SBA, banks, venture capital, private investors."
CF-D22BA9E79B14,BIZ-PAY,,,info@biz-pay.com,1-855-850-2176,http://www.biz-pay.com,PA,business_finance_provider,nonbank_status_unconfirmed,financing_fit_unverified,unverified,30,,,,,,https://www.biz-pay.com/,https://www.biz-pay.com/,PrivateLendersDirectory,https://www.privatelendersdirectory.com/united-states/philadelphia/business-lending/biz-pay,2026-09-30T03:47:17.242773+00:00,"Public directory listing; current phone ownership, email deliverability, private cash availability, $500K cash threshold, fulfillment financing eligibility and equity willingness have not been verified. Biz-Pay.com is a full-service business financial solution platform."
CF-25794C9AE666,BIZCAP (BUSINESS CAPITAL SINCE 2002),,,info@bizcap.com,1-415-989-0970,http://www.bizcap.com,CA,business_finance_provider,nonbank_status_unconfirmed,financing_fit_unverified,unverified,30,,,,,,https://bizcap.com/contact/,https://bizcap.com/,PrivateLendersDirectory,https://www.privatelendersdirectory.com/united-states/san-francisco/business-lending/bizcap-business-capital-since-2002,2026-09-30T03:47:17.242773+00:00,"Public directory listing; current phone ownership, email deliverability, private cash availability, $500K cash threshold, fulfillment financing eligibility and equity willingness have not been verified. We provide debt restructuring, asset based financing and growth capital for lower and middle market commercial and industrial companies."
CF-417FF2072C8D,BLUE GROUP CAPITAL,,,info@bluegroupcapital.com,1-833-489-3863,https://www.bluegroupcapital.com,FL,business_finance_provider,nonbank_status_unconfirmed,financing_fit_unverified,unverified,30,,,,,,https://www.bluegroupcapital.com/,https://www.bluegroupcapital.com/,PrivateLendersDirectory,https://www.privatelendersdirectory.com/united-states/boca-raton/business-lending/blue-group-capital,2026-09-30T03:47:17.242773+00:00,"Public directory listing; current phone ownership, email deliverability, private cash availability, $500K cash threshold, fulfillment financing eligibility and equity willingness have not been verified. We specialize in helping Business Owners across the US understand their loan options and obtain the best possible funding option for their business."
CF-F4354D21E895,Boathouse Commercial Funding Group,,,info@boathousecfg.com,1-269-459-2530,https://boathousecfg.com/,,business_finance,mandate_and_direct_funding_status_unconfirmed,business_finance_mandate_unconfirmed,unverified,30,,,,,,https://boathousecfg.com/,https://boathousecfg.com/,NPLA public private lending directory,https://nplaconference.com/private-lending-directory/page/3/,2026-09-30,"Commercial Loans for Real Estate Investors | Boathouse CFG Commercial Funding Group Skip to content Call Now Home AVAILABLE LOAN PROGRAMS BROKER REFERRAL PROGRAM CONTACT US APPLY NOW Loans Involving Real Estate Business Loans Without Real Estate X 269-459-2530 Helping you navigate the waters of commercial financing Our team is ready to help you find the funding your organization needs Apply Now Est. 2010 In Business $25M+ Loans Funded 48 States Nationwide Lending 5 Years RPOA Lead Sponsor MMLA Member MI Mortgage Lenders Assoc. Our Services Get the Financing Your Business Needs Rental PropertyLoans DSCR Portfolio Loans Hard Money Loans Non-Recourse Multi-Family/Mixed Read More Commercial Real Estate LoansCommercial Loans Stated Income Commercial Property Loans Multi-Family/ Mixed Use Read More Business Loans Small Business Financing Equipment Financing Loans based on cash flow Business Lines of Credit Unsecured Lines of Credit Loans for Working Capital Read More Personal Loans for Business Owners No-Tax Returns required Primary Residence and Second home First Mortgages Unsecured Lines of Credit Read More DSCR LoanDSCR, or Debt Service Coverage Ratio loans, are specialized financing solutions designed to evaluate a property’s cash flow rather than a borrower’s personal income. Read More Hard Money LoanA quick financing solution, Hard Money loans are short-term, asset-based loans used primarily in real estate transactions. Unlike traditional loans, they are backed by the value of the property, not necessarily the borrower’s creditworthiness. Read More Non-recourse LoanA Non-Recourse Loan is a secured loan where the borrower is not personally liable for the debt. Instead, the loan is secured only by the collateral, typically the property itself. Read More Multi-Family/Apart
Collateral assessment: unknown"
CF-C93B921E85C3,BOOKVIEW FINANCIAL,,,info@bookviewfinancial.com,1-317-500-6895,https://www.bookviewfinancial.com/,IN,business_finance_provider,nonbank_status_unconfirmed,financing_fit_unverified,unverified,30,,,,,,https://www.bookviewfinancial.com/,https://www.bookviewfinancial.com/,PrivateLendersDirectory,https://www.privatelendersdirectory.com/united-states/indianapolis/business-lending/bookview-financial,2026-09-30T03:47:17.242773+00:00,"Public directory listing; current phone ownership, email deliverability, private cash availability, $500K cash threshold, fulfillment financing eligibility and equity willingness have not been verified. occupied financing, bridge loans, business start-ups, commercial real estate financing, credit cards (business/personal) equipment financing, payment processing"
CF-4AB67D8B3D4A,BROOKS HOUGHTON & COMPANY,,,gpsomas@brookshoughton.com,1-203-524-4587,https://www.brookshoughton.com,CT,business_finance_provider,nonbank_status_unconfirmed,operations_finance_candidate_unverified,unverified,30,,,,,,https://www.brookshoughton.com/about-1,https://www.brookshoughton.com/about-1,PrivateLendersDirectory,https://www.privatelendersdirectory.com/united-states/stamford/business-lending/brooks-houghton-company,2026-09-30T03:47:17.242773+00:00,"Public directory listing; current phone ownership, email deliverability, private cash availability, $500K cash threshold, fulfillment financing eligibility and equity willingness have not been verified. Providing advisory services across a full spectrum of senior and junior debt products, including asset-based and cash flow driven loans."
CF-E41D9E1935EC,BUSINESS CONSORTIUM FUND,,,loans@bcfcapital.com,1-212-243-7360,https://bcfcapital.com/,NY,business_finance_provider,nonbank_status_unconfirmed,financing_fit_unverified,unverified,30,,,,,,https://bcfcapital.com/,https://bcfcapital.com/,PrivateLendersDirectory,https://www.privatelendersdirectory.com/united-states/new-york/business-lending/business-consortium-fund,2026-09-30T03:47:17.242773+00:00,"Public directory listing; current phone ownership, email deliverability, private cash availability, $500K cash threshold, fulfillment financing eligibility and equity willingness have not been verified. ""The Business Consortium Fund, Inc. (BCF) exists to expand capital access for small businesses across the United States."
CF-34B2BA4DB3F6,BUSINESS FUNDS MARKETPLACE,,,info@businessfunds.com,1-866-430-0207,https://www.businessfundsmarketplace.com/,CA,business_finance_provider,nonbank_status_unconfirmed,financing_fit_unverified,unverified,30,,,,,,https://www.businessfunds.com/,https://www.businessfunds.com/,PrivateLendersDirectory,https://www.privatelendersdirectory.com/united-states/san-diego/business-lending/business-funds-marketplace,2026-09-30T03:47:17.242773+00:00,"Public directory listing; current phone ownership, email deliverability, private cash availability, $500K cash threshold, fulfillment financing eligibility and equity willingness have not been verified. Recognized for our high standards and respected presence in the marketplace, BFM offers a close-knit community where professionals make significant earnings together."
CF-06A900DFEA09,BUSINESS PROS,,,info@businessprosinc.com,1-770-866-8568,http://www.businessprosinc.com/,GA,business_finance_provider,nonbank_status_unconfirmed,financing_fit_unverified,unverified,30,,,,,,https://businessprosinc.com/,https://businessprosinc.com/,PrivateLendersDirectory,https://www.privatelendersdirectory.com/united-states/atlanta/business-lending/business-pros,2026-09-30T03:47:17.242773+00:00,"Public directory listing; current phone ownership, email deliverability, private cash availability, $500K cash threshold, fulfillment financing eligibility and equity willingness have not been verified. ASSET BASED BUSINESS LENDERWe are a company that leads your business to success. Understand the critical & vital role that capital plays in the success of business."
CF-8BFACCADFFC3,BYPASS CAPITAL,,,bryan@bypasscapital.com,1-878-728-9969,https://www.bypasscapital.com/,PA,business_finance_provider,nonbank_status_unconfirmed,financing_fit_unverified,unverified,30,,,,,,https://bypasscapital.com/,https://bypasscapital.com/,PrivateLendersDirectory,https://www.privatelendersdirectory.com/united-states/pittsburgh/business-lending/bypass-capital,2026-09-30T03:47:17.242773+00:00,"Public directory listing; current phone ownership, email deliverability, private cash availability, $500K cash threshold, fulfillment financing eligibility and equity willingness have not been verified. BYPASS CAPITAL offers a one stop business financing experience to meet your business funding needs."
CF-3AC4B5F1E036,CACTUS CASH FUNDING,,,jshields@cactuscashfunding.com,1-832-892-0723,https://cactuscashfunding.com/,TX,business_finance_provider,nonbank_status_unconfirmed,financing_fit_unverified,unverified,30,,,,,,https://cactuscashfunding.com/contact-us/,https://cactuscashfunding.com/,PrivateLendersDirectory,https://www.privatelendersdirectory.com/united-states/houston/business-lending/cactus-cash-funding,2026-09-30T03:47:17.242773+00:00,"Public directory listing; current phone ownership, email deliverability, private cash availability, $500K cash threshold, fulfillment financing eligibility and equity willingness have not been verified. Cactus Cash, serving Texas, meets your needs for small business funding. Our revenue-based financing is the proven model for small business agility."
CF-CA594A556C1B,CANNA BUSINESS RESOURCES,,,info@cannabusinessresources.com,1-347-699-3745,https://cannabusinessresources.com/,NY,business_finance_provider,private_nonbank_lender_directory_claim,financing_fit_unverified,unverified,30,,,,,,https://cannabusinessresources.com/,https://cannabusinessresources.com/contact/,PrivateLendersDirectory,https://www.privatelendersdirectory.com/united-states/new-york/business-lending/canna-business-resources,2026-09-30T03:47:17.242773+00:00,"Public directory listing; current phone ownership, email deliverability, private cash availability, $500K cash threshold, fulfillment financing eligibility and equity willingness have not been verified. NEW YORK CITY, NY PRIVATE LENDERA service company designed to provide essential resources such as financing, processing solutions, and banking options"
CF-CB0255C9E7E3,CAPITAL GOOD FUND,,,loans@capitalgoodfund.org,1-866-584-3651,https://capitalgoodfund.org/,RI,business_finance_provider,nonbank_status_unconfirmed,financing_fit_unverified,unverified,30,,,,,,https://capitalgoodfund.org/contact-us/,https://capitalgoodfund.org/,PrivateLendersDirectory,https://www.privatelendersdirectory.com/united-states/providence/business-lending/capital-good-fund,2026-09-30T03:47:17.242773+00:00,"Public directory listing; current phone ownership, email deliverability, private cash availability, $500K cash threshold, fulfillment financing eligibility and equity willingness have not been verified. Capital Good Fund is a social change organization that uses financial services to tackle poverty and climate change in America."
CF-BD3283A523AA,CHATHAM CAPITAL,,,info@chathamcapital.com,1-770-618-2100,http://www.chathamcapital.com/,GA,business_finance_provider,nonbank_status_unconfirmed,operations_finance_candidate_unverified,unverified,30,,,,,,https://www.chathamcapital.com/contact/,https://www.chathamcapital.com/,PrivateLendersDirectory,https://www.privatelendersdirectory.com/united-states/atlanta/business-lending/chatham-capital,2026-09-30T03:47:17.242773+00:00,"Public directory listing; current phone ownership, email deliverability, private cash availability, $500K cash threshold, fulfillment financing eligibility and equity willingness have not been verified. Chatham Capital is a mezzanine finance firm that concentrates on small to middle market companies with sustainable cash flow from operations."
CF-8DB076F8BA26,CIRCADIAN FUNDING,,,info@circadianfunding.com,1-646-503-6084,https://www.circadianfunding.com/,NY,business_finance_provider,nonbank_status_unconfirmed,operations_finance_candidate_unverified,unverified,30,,,,,,https://www.circadianfunding.com/,https://www.circadianfunding.com/,PrivateLendersDirectory,https://www.privatelendersdirectory.com/united-states/new-york/business-lending/circadian-funding,2026-09-30T03:47:17.242773+00:00,"Public directory listing; current phone ownership, email deliverability, private cash availability, $500K cash threshold, fulfillment financing eligibility and equity willingness have not been verified. Since 2005, our owners and employees have been helping small and medium sized businesses succeed with working capital injections."
CF-989F11391E3F,Climb Fund,,,info@climbfund.org,1-843-973-7298,https://climbfund.org/,SC,business_finance_provider,nonbank_status_unconfirmed,financing_fit_unverified,unverified,30,,,,,,https://climbfund.org/,https://climbfund.org/,PrivateLendersDirectory,https://www.privatelendersdirectory.com/united-states/charleston/business-lending/climb-fund,2026-09-30T03:47:17.242773+00:00,"Public directory listing; current phone ownership, email deliverability, private cash availability, $500K cash threshold, fulfillment financing eligibility and equity willingness have not been verified. CLIMB Fund is to ensure access to capital for entrepreneurs and small businesses that cannot secure traditional financing."
CF-06307699FF6E,COAST TO COAST ALTERNATIVE LENDING,,,davelaborde@gmail.com,1-337-849-4541,https://www.c2cbusinessloans.net/,LA,business_finance_provider,nonbank_status_unconfirmed,financing_fit_unverified,unverified,30,,,,,,https://www.c2cbusinessloans.net/,https://www.c2cbusinessloans.net/,PrivateLendersDirectory,https://www.privatelendersdirectory.com/united-states/maurice/business-lending/coast-to-coast-alternative-lending,2026-09-30T03:47:17.242773+00:00,"Public directory listing; current phone ownership, email deliverability, private cash availability, $500K cash threshold, fulfillment financing eligibility and equity willingness have not been verified. Private Equity Lending to all types of business across America. Funding new start-ups, existing and stressed companies with the money they require to grow and survive."
CF-F115CBD52E35,ComCap Loans,,,rsmith@comcaploans.com,1-302-200-2234,https://www.comcaploans.com/,,business_finance,mandate_and_direct_funding_status_unconfirmed,business_finance_mandate_unconfirmed,unverified,30,,,,,,https://www.comcaploans.com/,https://www.comcaploans.com/,NPLA public private lending directory,https://nplaconference.com/private-lending-directory/page/4/,2026-09-30,"ComCapLoans Skip to main content ComCapLoansHome About Us Loan Types Recent Closed Loans Contact Us Nationwide Business Loans America's top producing commercial lender! Commercial Capital ltd. For over 20-years, Commercial Capital Ltd has been helping their clients find alternative non-bank loan programs when their banks said “no.” Our loan specialists can help restructure your debt and process your borrowing needs with options ranging from revolving lines of credit to private money loans. Speaking with you directly and carefully listening to your needs, allows us to quickly find the perfect loan for you and your business. Our long-standing relationships with national banks, nationwide alternative lenders, and direct conduits to Wall Street, means more options for you and fast approvals. With Commercial Capital Limited, you’re not just getting another broker, you’re getting a knowledgeable financing professional that will help you get the right loan the first time. Properties We Finance Raw land Retail Franchises Warehouses Office Space Complexes Multifamily Industrial Hotels Motels Medical Clinics Healthcare Programs & Loan Types SBA 7a & 504 Conventional Conduit Working Capital Stated Business only Bridge Hard Money Construction Development Non-recourse Line of Credit Success Stories $7,600,000 Private Money Loan – Peach Building Atlanta $3,000,000 Line of Credit For Subdivision Development $318,000 Firehouse Subs Franchise Start-up View More Contact Us Need help, or have a question? Feel free to contact us via phone, email, or using the contact form below, and an agent will get in touch with you within 24 hours. Phone: (302) 200-2234 | Email: rsmith@comcaploans.com Copyright © 2026 ComCapLoans · Privacy Policy
Collateral assessment: unknown
Public directory listing. Lender/broker role, available cash, unsecured fulfillment eligibility and equity willingness need direct confirmation. Directory description: FRANKFORD, DE PRIVATE REAL ESTATE LENDER Creative Real Estate Financing - Direct Private Lender - Equipment Finance and Leasing -"
CF-7B2861614B04,COMMERCIAL BUSINESS FUNDING CORPORATION,,,dustin@cbffunding.com,1-844-556-0214,https://www.cbffunding.com,FL,business_finance_provider,nonbank_status_unconfirmed,operations_finance_candidate_unverified,unverified,30,,,,,,https://www.cbffunding.com/,https://www.cbffunding.com/,PrivateLendersDirectory,https://www.privatelendersdirectory.com/united-states/maitland/business-lending/commercial-business-funding-corporation,2026-09-30T03:47:17.242773+00:00,"Public directory listing; current phone ownership, email deliverability, private cash availability, $500K cash threshold, fulfillment financing eligibility and equity willingness have not been verified. We provide working capital financing for businesses located throughout the United States."
CF-9BCD64A2EB35,COMMITTED TO CAPITAL,,,info@committedtocapital.com,1-856-219-4201,https://committedtocapital.com/,NJ,business_finance_provider,nonbank_status_unconfirmed,financing_fit_unverified,unverified,30,,,,,,https://committedtocapital.com/,https://committedtocapital.com/,PrivateLendersDirectory,https://www.privatelendersdirectory.com/united-states/pitman/business-lending/committed-to-capital,2026-09-30T03:47:17.242773+00:00,"Public directory listing; current phone ownership, email deliverability, private cash availability, $500K cash threshold, fulfillment financing eligibility and equity willingness have not been verified. Committed to Capital introduces small business owners to different financial products that help take their companies to the next level."
CF-49C92DF2C900,COMPASS EQUIPMENT FINANCE,,,info@compassef.com,1-630-517-5526,https://compassef.com/,IL,business_finance_provider,nonbank_status_unconfirmed,financing_fit_unverified,unverified,30,,,,,,https://compassef.com/,https://compassef.com/,PrivateLendersDirectory,https://www.privatelendersdirectory.com/united-states/clarendon-hills/business-lending/compass-equipment-finance,2026-09-30T03:47:17.242773+00:00,"Public directory listing; current phone ownership, email deliverability, private cash availability, $500K cash threshold, fulfillment financing eligibility and equity willingness have not been verified. Compass Equipment Finance is uniquely positioned to provide you the financing you need to buy a truck today."
CF-C0EA60125BBD,CONSCIOUS BUSINESS CAPITAL LNC.,,,info@consciousbusinesscap.com,1-917-341-4900,https://consciousbusinesscap.com/,NY,business_finance_provider,nonbank_status_unconfirmed,financing_fit_unverified,unverified,30,,,,,,https://consciousbusinesscap.com/,https://consciousbusinesscap.com/,PrivateLendersDirectory,https://www.privatelendersdirectory.com/united-states/holbrook/business-lending/conscious-business-capital-lnc,2026-09-30T03:47:17.242773+00:00,"Public directory listing; current phone ownership, email deliverability, private cash availability, $500K cash threshold, fulfillment financing eligibility and equity willingness have not been verified. We offer proven information, loan knowledge, and business guidance to help your company achieve its funding goals."
CF-8280E1CE6EFC,Construction Funding Solutions,,,info@constructionfundingkc.com,1-816-600-0302,https://www.constructionfundingkc.com/,,business_finance,mandate_and_direct_funding_status_unconfirmed,business_finance_mandate_unconfirmed,unverified,30,,,,,,https://www.constructionfundingkc.com/,https://www.constructionfundingkc.com/,NPLA public private lending directory,https://nplaconference.com/private-lending-directory/page/4/,2026-09-30,"Construction Funding Construction Funding solutionsHomeServicesStrategiesAboutResourcesPartnersContact UsGet Pre-qualified NowVeteran-Owned and OperatedBusiness and Real Estate Funding.Construction Funding Solutions offers tailored financing solutions and expert guidance to support residential and commercial construction projects in the United States.Find Out How We Help Please Note: Inquiries or communications with our team will not result in a hard credit pull. We are committed to providing information and exploring financing options without impacting your credit score.1Fill out our quick and easy application to get started.2We review your goals and present funding options.3Choose your program and receive terms in just 48 hours.Get Pre-Qualified NowOur ServicesCustomized Financing for Your Construction NeedsExplore our tailored solutions designed to fuel your business growth. From flexible lines of credit to long-term real estate loans, we provide the financial tools you need to achieve your goals. Let us help you build your future with confidence.View All of Our ServicesReal Estate LoanSBA LoanWorking CapitalEquipment LoanLine of CreditTerm LoanOur MissionAt Construction Funding Solutions, Our Mission is SimpleWe are motivated to find every applicant the funding they need to achieve their business goals. Providing the best and most affordable options for every size company and project is our main mission week-in and week-out.Learn More About UsOur ExpertsMeet the Visionaries Behind Construction Funding SolutionsWith decades of combined experience, Stuart and Bryan bring unmatched expertise and dedication to the table, ensuring every client receives personalized guidance and support. Whether you’re navigating challenges with traditional lenders or looking for creative
Collateral assessment: unknown"
CF-80882FC2D603,COOPERATIVE BUSINESS ASSISTANCE CORPORATION,,,info@cbaclenders.com,1-856-966-8181,https://www.cbaclenders.com/,NJ,business_finance_provider,nonbank_status_unconfirmed,financing_fit_unverified,unverified,30,,,,,,https://www.cbaclenders.com/contact-us,https://www.cbaclenders.com/,PrivateLendersDirectory,https://www.privatelendersdirectory.com/united-states/camden/business-lending/cooperative-business-assistance-corporation,2026-09-30T03:47:17.242773+00:00,"Public directory listing; current phone ownership, email deliverability, private cash availability, $500K cash threshold, fulfillment financing eligibility and equity willingness have not been verified. CBAC is a Camden, NJ-based, non-profit charitable organization and mission-driven lender."
CF-A671B62EFC68,COPPER RUN CAPITAL,,,info@copperruncap.com,1-614-888-1786,https://copperruncap.com/,OH,business_finance_provider,nonbank_status_unconfirmed,financing_fit_unverified,unverified,30,,,,,,https://copperruncap.com/,https://copperruncap.com/contact/,PrivateLendersDirectory,https://www.privatelendersdirectory.com/united-states/columbus/business-lending/copper-run-capital,2026-09-30T03:47:17.242773+00:00,"Public directory listing; current phone ownership, email deliverability, private cash availability, $500K cash threshold, fulfillment financing eligibility and equity willingness have not been verified. Copper Run is a boutique middle-market-focused investment banking and financing advisory firm based in Columbus, Ohio."
CF-4611EF8ADF86,CORB7 INTERNATIONAL,,,contact@corb7.com,1-310-415-3545,https://corb7.com/,TX,business_finance_provider,nonbank_status_unconfirmed,financing_fit_unverified,unverified,30,,,,,,https://corb7.com/,https://corb7.com/contact-us/,PrivateLendersDirectory,https://www.privatelendersdirectory.com/united-states/dallas/business-lending/corb7-international,2026-09-30T03:47:17.242773+00:00,"Public directory listing; current phone ownership, email deliverability, private cash availability, $500K cash threshold, fulfillment financing eligibility and equity willingness have not been verified. For business owners and entrepreneurs located in the United States, Canada or Puerto Rico, we offer two separate paths to funding."
CF-D5D7EBDD7F86,CREDIT COACH QUEEN & BUSINESS FUNDING,,,support@creditcoachqueen.com,1-405-753-5388,http://www.creditcoachqueen.com,OK,business_finance_provider,nonbank_status_unconfirmed,financing_fit_unverified,unverified,30,,,,,,https://creditcoachqueen.com/,https://creditcoachqueen.com/,PrivateLendersDirectory,https://www.privatelendersdirectory.com/united-states/oklahoma-city/business-lending/credit-coach-queen-business-funding,2026-09-30T03:47:17.242773+00:00,"Public directory listing; current phone ownership, email deliverability, private cash availability, $500K cash threshold, fulfillment financing eligibility and equity willingness have not been verified. We provide you with an easy step-by-step system to build business credit and the full assistance of our certified business credit coaching team"
CF-2DCB8DBBBBD2,CREDIT PULSE,,,jana@yourcreditpulse.com,1-559-761-9421,https://yourcreditpulse.com/,CA,business_finance_provider,private_nonbank_lender_directory_claim,financing_fit_unverified,unverified,30,,,,,,https://yourcreditpulse.com/,https://yourcreditpulse.com/,PrivateLendersDirectory,https://www.privatelendersdirectory.com/united-states/fresno/business-lending/credit-pulse,2026-09-30T03:47:17.242773+00:00,"Public directory listing; current phone ownership, email deliverability, private cash availability, $500K cash threshold, fulfillment financing eligibility and equity willingness have not been verified. FRESNO, CA PRIVATE LENDERCredit Pulse is a credit repair and advisory firm that enables clients to raise credit scores."
CF-E3D218081222,CREDIT SUITE,,,info@creditsuite.com,1-877-600-2487,https://www.creditsuite.com/,FL,business_finance_provider,private_nonbank_lender_directory_claim,financing_fit_unverified,unverified,30,,,,,,https://www.creditsuite.com/,https://www.creditsuite.com/,PrivateLendersDirectory,https://www.privatelendersdirectory.com/united-states/tampa/business-lending/credit-suite,2026-09-30T03:47:17.242773+00:00,"Public directory listing; current phone ownership, email deliverability, private cash availability, $500K cash threshold, fulfillment financing eligibility and equity willingness have not been verified. TAMPA, FL PRIVATE MONEY LENDERCredit Suite helps your business get capital improving Fundability, building Business Credit, and getting business Loans & Credit Lines."
CF-8C1797A785F0,DDI CAPITAL,,,info@ddicapitalinc.com,1-908-781-9300,https://ddicapitalinc.com/,NJ,business_finance_provider,nonbank_status_unconfirmed,financing_fit_unverified,unverified,30,,,,,,https://ddicapitalinc.com/,https://ddicapitalinc.com/contact/,PrivateLendersDirectory,https://www.privatelendersdirectory.com/united-states/parsippany-troy-hills/business-lending/ddi-capital,2026-09-30T03:47:17.242773+00:00,"Public directory listing; current phone ownership, email deliverability, private cash availability, $500K cash threshold, fulfillment financing eligibility and equity willingness have not been verified. Offering innovative financial strategies allowing you to acquire & finance tech solutions at the best possible price"
CF-F4E36C4CF878,DELTA COMMUNITY CU,,,commercial.banking@deltacommunitycu.com,1-800-544-3328,http://www.deltacommunitycu.com,GA,business_finance_provider,nonbank_status_unconfirmed,financing_fit_unverified,unverified,30,,,,,,https://www.deltacommunitycu.com/commercial/our-team.html,https://www.deltacommunitycu.com/,PrivateLendersDirectory,https://www.privatelendersdirectory.com/united-states/atlanta/business-lending/delta-community-cu,2026-09-30T03:47:17.242773+00:00,"Public directory listing; current phone ownership, email deliverability, private cash availability, $500K cash threshold, fulfillment financing eligibility and equity willingness have not been verified. We offer a variety of traditional banking products such as deposit accounts, credit cards, home mortgages and consumer loans, as well as financial planning services."
CF-732D0B0A7151,DV CAPITAL,,,danny@dvcapitalfunding.com,1-757-594-9417,https://www.dvcapitalfunding.com/,VA,business_finance_provider,nonbank_status_unconfirmed,financing_fit_unverified,unverified,30,,,,,,https://www.dvcapitalfunding.com/,https://www.dvcapitalfunding.com/contact-us,PrivateLendersDirectory,https://www.privatelendersdirectory.com/united-states/newport-news/business-lending/dv-capital,2026-09-30T03:47:17.242773+00:00,"Public directory listing; current phone ownership, email deliverability, private cash availability, $500K cash threshold, fulfillment financing eligibility and equity willingness have not been verified. DV Capital offers a one stop business financing experience to meet your business funding needs."
CF-430BEF4ED7DC,E BUSINESS LOANS,,,ebusloans@gmail.com,1-518-348-9080,https://www.ebusloans.com/,NY,business_finance_provider,nonbank_status_unconfirmed,financing_fit_unverified,unverified,30,,,,,,https://www.ebusloans.com/,https://www.ebusloans.com/,PrivateLendersDirectory,https://www.privatelendersdirectory.com/united-states/schenectady/business-lending/e-business-loans,2026-09-30T03:47:17.242773+00:00,"Public directory listing; current phone ownership, email deliverability, private cash availability, $500K cash threshold, fulfillment financing eligibility and equity willingness have not been verified. Ebusloans.com offers fast, flexible financing, the premier source for tailored business loans."
CF-55411F0151E0,ECLIPSE BUSINESS CAPITAL,,,info@eclipsebuscap.com,1-312-801-5456,https://eclipsebuscap.com/,IL,business_finance_provider,nonbank_status_unconfirmed,financing_fit_unverified,unverified,30,,,,,,https://eclipsebuscap.com/,https://eclipsebuscap.com/,PrivateLendersDirectory,https://www.privatelendersdirectory.com/united-states/chicago/business-lending/eclipse-business-capital,2026-09-30T03:47:17.242773+00:00,"Public directory listing; current phone ownership, email deliverability, private cash availability, $500K cash threshold, fulfillment financing eligibility and equity willingness have not been verified. Eclipse Business Capital is a lender headquartered in Chicago, Illinois. The firm provides revolving lines of credit and term loans."
CF-9223F7A28422,Eclipse Capital Group,,,info@eclipsecapitalgroup.com,1-800-509-3552,https://www.eclipsecapitalgroup.com/,,business_finance,mandate_and_direct_funding_status_unconfirmed,business_finance_mandate_unconfirmed,unverified,30,,,,,,https://www.eclipsecapitalgroup.com/,https://www.eclipsecapitalgroup.com/,NPLA public private lending directory,https://nplaconference.com/private-lending-directory/page/6/,2026-09-30,"Land Development New Construction & Spec Home Financing Michigan top of pageHOMEABOUT USBUILDER DIVISONCONTACTMoreUse tab to navigate through the menu items.ECLIPSE CAPITAL GROUPEclipse Capital Group LLCSpecializing in commercial mortgage banking and business financing ECLIPSE Capital Group LLC Specializing in commercial mortgage banking and business financing COMMERCIAL REAL ESTATE ​ Financing for all commercial real estate assets, whether owner occupied or investment, everything from office to multifamily. BUILDER FINANCING We offer residential builder financing for spec homes, condos, townhouse and multifamily developments at competitive rates. We can assist with the purchase of the lot/land, developing the land prior to building. Click here to read more >>>LOAN PRODUCTS SBA LOAN We are an active participant in the SBA 7a, SBA 504, USDA B&I loan programs. We will help you determine the loan program and structure that best fits your unique borrowing needs. ACCOUNT RECEIVABLES Accounts Receivable financing will help to generate more cash flow based on your current receivables. We offer lines of credit and factor based financing to fit your needs. MULTI-FAMILY We offer multi-family loan programs that provide you with the capital needed to purchase properties for investment, to flip or hold to rent. MACHINERY/EQUIPMENT Equipment financing helps you finance up to 100% of the new or used equipment you need for your business. We can also help you refinance existing equipment for an improved rate and term.Access to capital with reasonable cost is essential for small and mid-size builders to grow their businesses. Although many banks have pulled back on lending, there are newer, alternative funds and resources that are becoming more mainstream for small and mid-size builders
Collateral assessment: unknown"
CF-3F4DFC6DF7B7,ECP BUSINESS CAPITAL,,,info@ecplending.com,1-859-927-4314,https://ecplending.com/,KY,business_finance_provider,nonbank_status_unconfirmed,operations_finance_candidate_unverified,unverified,30,,,,,,https://ecplending.com/,https://ecplending.com/,PrivateLendersDirectory,https://www.privatelendersdirectory.com/united-states/lexington/business-lending/ecp-business-capital,2026-09-30T03:47:17.242773+00:00,"Public directory listing; current phone ownership, email deliverability, private cash availability, $500K cash threshold, fulfillment financing eligibility and equity willingness have not been verified. ECP offers merchant cash advances, small business loans, SBA loans, equipment financing, factoring, purchase order financing, and commercial mortgages nationwide."
CF-08A4A3781373,EIN CAP,,,info@eincap.com,1-877-651-8110,https://www.eincap.com/,NY,business_finance_provider,nonbank_status_unconfirmed,financing_fit_unverified,unverified,30,,,,,,https://www.eincap.com/contact-us,https://www.eincap.com/,PrivateLendersDirectory,https://www.privatelendersdirectory.com/united-states/new-york/business-lending/ein-cap,2026-09-30T03:47:17.242773+00:00,"Public directory listing; current phone ownership, email deliverability, private cash availability, $500K cash threshold, fulfillment financing eligibility and equity willingness have not been verified. Ein Cap, Inc. is a  New York City based financial services firm which specializes primarily in providing Merchant Cash Advances to small businesses all across America."
CF-DCE8E0805EE0,ELITE FUNDING PARTNERS,,,funding@elitefundingpartnersllc.com,1-800-561-2698,https://elitefundingpartnersllc.com/,FL,business_finance_provider,nonbank_status_unconfirmed,financing_fit_unverified,unverified,30,,,,,,https://elitefundingpartnersllc.com/,https://elitefundingpartnersllc.com/,PrivateLendersDirectory,https://www.privatelendersdirectory.com/united-states/delray-beach/business-lending/elite-funding-partners,2026-09-30T03:47:17.242773+00:00,"Public directory listing; current phone ownership, email deliverability, private cash availability, $500K cash threshold, fulfillment financing eligibility and equity willingness have not been verified. Personalized financing options for your company’s needs."
CF-6B46B9E82328,EMERSON CAPITAL CORP.,,,dadams@emersoncapitalcorp.com,1-847-242-0229,https://www.emersoncapitalcorp.com/,IL,business_finance_provider,nonbank_status_unconfirmed,financing_fit_unverified,unverified,30,,,,,,https://www.emersoncapitalcorp.com/contact,https://www.emersoncapitalcorp.com/contact,PrivateLendersDirectory,https://www.privatelendersdirectory.com/united-states/glencoe/business-lending/emerson-capital-corp,2026-09-30T03:47:17.242773+00:00,"Public directory listing; current phone ownership, email deliverability, private cash availability, $500K cash threshold, fulfillment financing eligibility and equity willingness have not been verified. Emerson Capital Corp is a small business lender with over 25 years of lending experience."
CF-77E85A8ACE42,Envision Funding Solutions,,,info@envisionfs.net,1-678-719-9669,https://envisionfs.net/,,business_finance,mandate_and_direct_funding_status_unconfirmed,business_finance_mandate_unconfirmed,unverified,30,,,,,,https://envisionfs.net/contact-us/,https://envisionfs.net/contact-us/,NPLA public private lending directory,https://nplaconference.com/private-lending-directory/page/6/,2026-09-30,"Envision Funding - We Close Loans Fast! Envision FundingWe Close Loans Fast!Home About About Us Privacy Policy Blog Resources First Time Home Buyer Tips First Time Home Seller Tips Closing Costs Home Appraisal Home Inspection Loan Checklist Loan Process Loan Programs Mortgage FAQ Mortgage Glossary Debt Solutions Applications Apply Now Short Form Business Funding Full Application Broker Registration Real Estate Lending Quick Application Loan Programs Business Loans Commercial Loans Contact BlockEnvision Funding SolutionsWe are here for your business and family needs.Now offering residential mortgages!Schedule a ConsultationInterested in Purchasing a Home?Fill out this form and we'll be in touchInterested in Refinancing?Fill out this form and we'll be in touchGet a Rate QuoteWant a quick quote? Fill out this formBusiness Funding Full ApplicationReady to get started? Click here! How a Seller Credit Can Change the Cash You Need Without Changing the Home’s Price September 29, 2026 by Regine Lane When buyers negotiate the purchase of a home, price often gets most of the attention. But the final sales price is not the only number that can affect how much money a buyer needs at closing. In some transactions, a seller credit can help with certain eligible closing expenses without requiring the seller to reduce the home’s purchase price. What Is a Seller Credit?A seller credit, sometimes called a seller concession, is an amount the seller agrees to contribute toward certain buyer costs associated with the transaction. Depending on the mortgage program and transaction, eligible costs may include items such as lender fees, title-related expenses, prepaid taxes or insurance, and other allowable closing costs. The amount and permitted uses of seller credits vary by loan program and t
Collateral assessment: unknown
Public directory listing. Lender/broker role, available cash, unsecured fulfillment eligibility and equity willingness need direct confirmation. Directory description: ATLANTA, GA PRIVATE MONEY LENDER Envision Funding Solutions is a Private Money Lender who primarily focuses on providing funding to"
CF-B876F9740005,ETA FUNDING,,,cash@eta-funding.com,1-833-382-3863,https://www.eta-funding.com,NJ,business_finance_provider,nonbank_status_unconfirmed,financing_fit_unverified,unverified,30,,,,,,https://www.ETA-Funding.com/,https://www.eta-funding.com/contact-us,PrivateLendersDirectory,https://www.privatelendersdirectory.com/united-states/linden/business-lending/eta-funding,2026-09-30T03:47:17.242773+00:00,"Public directory listing; current phone ownership, email deliverability, private cash availability, $500K cash threshold, fulfillment financing eligibility and equity willingness have not been verified. TA Funding offers a one stop business financing experience to meet your business funding needs."
CF-71B9089A9956,EXACTLY CAPITAL,,,info@exactlycapital.com,1-888-233-3162,https://www.exactlycapital.com,CA,business_finance_provider,nonbank_status_unconfirmed,financing_fit_unverified,unverified,30,,,,,,https://exactlycapital.com/,https://exactlycapital.com/,PrivateLendersDirectory,https://www.privatelendersdirectory.com/united-states/newport-beach/business-lending/exactly-capital,2026-09-30T03:47:17.242773+00:00,"Public directory listing; current phone ownership, email deliverability, private cash availability, $500K cash threshold, fulfillment financing eligibility and equity willingness have not been verified. Our mission is to provide the business of all types with access to smart, reliable, and cost-effective financing solutions without any non-sense of complexities."
CF-90D752E07BAD,EXCEL CAPITAL GROUP,,,info@excelcapitalgroupllc.com,1-312-668-8788,http://www.excelcapitalgroupllc.com/,IL,business_finance_provider,nonbank_status_unconfirmed,financing_fit_unverified,unverified,30,,,,,,https://excelcapitalgroupllc.com/contact/,https://excelcapitalgroupllc.com/contact/,PrivateLendersDirectory,https://www.privatelendersdirectory.com/united-states/chicago/business-lending/excel-capital-group,2026-09-30T03:47:17.242773+00:00,"Public directory listing; current phone ownership, email deliverability, private cash availability, $500K cash threshold, fulfillment financing eligibility and equity willingness have not been verified. We provide business credit and funding solutions for entrepreneurs and real estate investors looking for funding to start, grow and scale their business."
CF-15407A1DDAD4,EXPERT BUSINESS ADVISORS,,,info@expertbusinessadvisors.org,1-888-884-3060,https://expertbusinessadvisors.org/,FL,business_finance_provider,nonbank_status_unconfirmed,financing_fit_unverified,unverified,30,,,,,,https://expertbusinessadvisors.org/,https://expertbusinessadvisors.org/,PrivateLendersDirectory,https://www.privatelendersdirectory.com/united-states/miami/business-lending/expert-business-advisors,2026-09-30T03:47:17.242773+00:00,"Public directory listing; current phone ownership, email deliverability, private cash availability, $500K cash threshold, fulfillment financing eligibility and equity willingness have not been verified. Our expert Business Credit Advisors offer personalized support to help overcome obstacles & secure the best financing terms."
CF-FD8617AAC54E,FINGERTIP FUNDING,,,info@fingertipfunding.com,1-877-381-4433,https://fingertipfunding.com/,GA,business_finance_provider,nonbank_status_unconfirmed,operations_finance_candidate_unverified,unverified,30,,,,,,https://fingertipfunding.com/,https://fingertipfunding.com/,PrivateLendersDirectory,https://www.privatelendersdirectory.com/united-states/atlanta/business-lending/fingertip-funding,2026-09-30T03:47:17.242773+00:00,"Public directory listing; current phone ownership, email deliverability, private cash availability, $500K cash threshold, fulfillment financing eligibility and equity willingness have not been verified. Business Funding Specialist with a history of helping business owner gain access to working capital and equipment financing."
CF-977F21D9E185,FIRST FUNDS GROUP,,,lukec@ffgllc.net,1-615-623-0763,https://www.ffgllc.net/,TN,business_finance_provider,nonbank_status_unconfirmed,financing_fit_unverified,unverified,30,,,,,,https://www.ffgllc.net/,https://www.ffgllc.net/,PrivateLendersDirectory,https://www.privatelendersdirectory.com/united-states/nashville/business-lending/first-funds-group,2026-09-30T03:47:17.242773+00:00,"Public directory listing; current phone ownership, email deliverability, private cash availability, $500K cash threshold, fulfillment financing eligibility and equity willingness have not been verified. First Funds Group, LLC is a distinguished, family-owned and operated enterprise dedicated to delivering robust financial solutions to empower companies."
CF-D7844745F5CB,FIRST NATIONAL CAPITAL CORPORATION,,,info@firstncc.com,1-949-707-2070,https://firstncc.com/,CA,business_finance_provider,nonbank_status_unconfirmed,financing_fit_unverified,unverified,30,,,,,,https://firstncc.com/,https://firstncc.com/,PrivateLendersDirectory,https://www.privatelendersdirectory.com/united-states/irvine/business-lending/first-national-capital-corporation,2026-09-30T03:47:17.242773+00:00,"Public directory listing; current phone ownership, email deliverability, private cash availability, $500K cash threshold, fulfillment financing eligibility and equity willingness have not been verified. One Of America's Largest Independent Commercial Finance Companies"
CF-CE6751027B5F,FLORIDA BUSINESS DEVELOPMENT CORP,,,info@fbdc.net,1-813-348-0660,https://www.fbdc.net/,FL,business_finance_provider,nonbank_status_unconfirmed,financing_fit_unverified,unverified,30,,,,,,https://www.fbdc.net/,https://www.fbdc.net/,PrivateLendersDirectory,https://www.privatelendersdirectory.com/united-states/tampa/business-lending/florida-business-development-corp,2026-09-30T03:47:17.242773+00:00,"Public directory listing; current phone ownership, email deliverability, private cash availability, $500K cash threshold, fulfillment financing eligibility and equity willingness have not been verified. Leading the way in long-term, fixed-rate financing solutions, we help small businesses grow and thrive with certainty, speed, and exceptional service."
CF-F5D73EA84B01,FORMULA FUNDING,,,info@formulafunding.com,1-619-728-6496,https://www.formulafunding.com/,CA,business_finance_provider,nonbank_status_unconfirmed,financing_fit_unverified,unverified,30,,,,,,https://www.formulafunding.com/contact-us/,https://www.formulafunding.com/,PrivateLendersDirectory,https://www.privatelendersdirectory.com/united-states/san-diego/business-lending/formula-funding,2026-09-30T03:47:17.242773+00:00,"Public directory listing; current phone ownership, email deliverability, private cash availability, $500K cash threshold, fulfillment financing eligibility and equity willingness have not been verified. Formula Funding offers a diverse portfolio of products, from fixed privatized loans to flexible lines of credit and cash advances."
CF-9148DEB652A0,FORTIFI CAPITAL,,,info@fortificap.com,1-210-830-3237,https://fortificap.com/,NY,business_finance_provider,nonbank_status_unconfirmed,financing_fit_unverified,unverified,30,,,,,,https://fortificap.com/,https://fortificap.com/,PrivateLendersDirectory,https://www.privatelendersdirectory.com/united-states/glen-cove/business-lending/fortifi-capital,2026-09-30T03:47:17.242773+00:00,"Public directory listing; current phone ownership, email deliverability, private cash availability, $500K cash threshold, fulfillment financing eligibility and equity willingness have not been verified. Fortifi Capital provides financial services, including seed funding and expansion capital, to various business entities."
CF-D73F0DC5369B,FRANFUND,,,info@franfund.com,1-877-372-6386,https://www.franfund.com/,TX,business_finance_provider,nonbank_status_unconfirmed,financing_fit_unverified,unverified,30,,,,,,https://www.franfund.com/contact-us,https://www.franfund.com/contact-us,PrivateLendersDirectory,https://www.privatelendersdirectory.com/united-states/fort-worth/business-lending/franfund,2026-09-30T03:47:17.242773+00:00,"Public directory listing; current phone ownership, email deliverability, private cash availability, $500K cash threshold, fulfillment financing eligibility and equity willingness have not been verified. We offer diverse funding avenues, including SBA loans, conventional lending, and innovative retirement plan funding, incorporating the risk-free SafetyNet option"
CF-CE4DCE99BCBF,FRESH START CAPITAL,,,submissions@freshstartcapitalpartners.com,1-646-549-8951,https://freshstartcapitalpartners.com/,NY,business_finance_provider,nonbank_status_unconfirmed,financing_fit_unverified,unverified,30,,,,,,https://freshstartcapitalpartners.com/,https://freshstartcapitalpartners.com/contact-us,PrivateLendersDirectory,https://www.privatelendersdirectory.com/united-states/new-york/business-lending/fresh-start-capital,2026-09-30T03:47:17.242773+00:00,"Public directory listing; current phone ownership, email deliverability, private cash availability, $500K cash threshold, fulfillment financing eligibility and equity willingness have not been verified. Fresh Start Capital provides Reverse Consolidations and High Risk Funding Programs for clients"
CF-E0D2BCE5C41E,FULL CIRCLE FINANCE,,,funding@fullcirclellc.us,1-888-223-2600,https://fullcirclellc.us/,WA,business_finance_provider,nonbank_status_unconfirmed,financing_fit_unverified,unverified,30,,,,,,https://fullcirclellc.us/,https://fullcirclellc.us/,PrivateLendersDirectory,https://www.privatelendersdirectory.com/united-states/wenatchee/business-lending/full-circle-finance,2026-09-30T03:47:17.242773+00:00,"Public directory listing; current phone ownership, email deliverability, private cash availability, $500K cash threshold, fulfillment financing eligibility and equity willingness have not been verified. We provide financing for up to 100% of the cost of your equipment, including soft costs such as tax and shipping."
CF-005759D14863,FUND LINK USA,,,support@fundlinkusa.com,1-718-866-6556,https://www.fundlinkusa.com/,FL,business_finance_provider,nonbank_status_unconfirmed,financing_fit_unverified,unverified,30,,,,,,https://www.fundlinkusa.com/,https://www.fundlinkusa.com/,PrivateLendersDirectory,https://www.privatelendersdirectory.com/united-states/north-miami-beach/business-lending/fund-link-usa,2026-09-30T03:47:17.242773+00:00,"Public directory listing; current phone ownership, email deliverability, private cash availability, $500K cash threshold, fulfillment financing eligibility and equity willingness have not been verified. Get the funds you need without the long waiting periods and extensive paperwork associated with traditional loans."
CF-F099CDE58953,GAMBLE CAPITAL,,,info@gamblecapitalllc.com,1-800-572-0588,https://www.gamblecapitalllc.com,GA,business_finance_provider,nonbank_status_unconfirmed,operations_finance_candidate_unverified,unverified,30,,,,,,https://www.gamblecapitalllc.com/,https://www.gamblecapitalllc.com/contact-us,PrivateLendersDirectory,https://www.privatelendersdirectory.com/united-states/atlanta/business-lending/gamble-capital,2026-09-30T03:47:17.242773+00:00,"Public directory listing; current phone ownership, email deliverability, private cash availability, $500K cash threshold, fulfillment financing eligibility and equity willingness have not been verified. Your Business Lending Firm. Ready to make a difference in your community. Business line of Credit, SBA, Equipment Financing, Working Capital, Real Estate Financing."
CF-1C8ED25F12BA,Gem Star Capital,,,ray@gemstarcapital.net,1-203-628-7509,https://www.gemstarcapital.net/,,business_finance,mandate_and_direct_funding_status_unconfirmed,business_finance_mandate_unconfirmed,unverified,30,,,,,,https://www.gemstarcapital.net/,https://www.gemstarcapital.net/,NPLA public private lending directory,https://nplaconference.com/private-lending-directory/page/7/,2026-09-30,"Gem Star Capital LLC | Commerical and Private Funding | United States top of pageGEM STAR CAPITAL, LLC.HOMEOUR VISIONSTAFFCONTACTBOOKINGSAPPLY NOW!MoreUse tab to navigate through the menu items.Log InCOMMERCIAL, INVESTMENT and NON-OWNER OCCUPIED REAL ESTATE FUNDING EXPERTS ​ Danbury's #1 Fix & Flip Financing Specialist!Specializing in Commercial, Investment and Non-owner occupied residential Real Estate Financing ​ Non-Traditional Lending Fix and Flip Funding to 100% of the Project costs ARV Rehab Lending ​ NO Tax Return/No Income Loans for 1-4 Family Investments, Commercial and Mixed Use Properties to 75% LTV. Higher on case by case basis. ​ Investor Cash Out - High LTV ​ Construction and Renovation ​ Bridge Loans ​​ Joint Ventures ​ Business Financing ​ Non-Recourse loans over 3MM ​​ Large Multi Million Dollar Projects, Purchase, Refinance or Development/Construction ​ Assisted Living and Senior Housing Private Money Mortgages ​ Private LendingSpecializing in the following: Rate and Term Refinancing Cash Out Refinancing Purchase and Aquisitions Bridge LoansSmall Balance Commerical Loans 1 - 4 Family InvestorsLoan Sizes from 50k - 500MM Varies based on program and property typeConstruction and Renovation Projects Rehabs based off ARV JV, Debt Equity to 250MM and above ​ ​NO TAX RETURNS: No Income and No DTI Programs Commercial Properties, Mixed Use and 1-4 Family Investments - No Tax Returns Business Financing practice_areasOUR VISION Connecticut based firm specializing in New York, New Jersey, Connecticut, East Coast Institutional and Non-Institutional Money for residential & commercial mortgages, land, site development, and construction and renovation financing. In addition, we have private money options for most projects. We also have programs available Nationwide.
Collateral assessment: unknown
Public directory listing. Lender/broker role, available cash, unsecured fulfillment eligibility and equity willingness need direct confirmation. Directory description: DANBURY, CT PRIVATE MONEY LENDER We offer commercial mortgages strictly for non owner occupied real estate."
CF-C22FE578AAFC,GENIUS VISIONARY INC,,,advisory@geniusvisionaryinc.com,1-301-202-6480,https://www.geniusvisionaryinc.com,MI,business_finance_provider,nonbank_status_unconfirmed,financing_fit_unverified,unverified,30,,,,,,https://www.geniusvisionaryinc.com/,https://www.geniusvisionaryinc.com/,PrivateLendersDirectory,https://www.privatelendersdirectory.com/united-states/detroit/business-lending/genius-visionary-inc,2026-09-30T03:47:17.242773+00:00,"Public directory listing; current phone ownership, email deliverability, private cash availability, $500K cash threshold, fulfillment financing eligibility and equity willingness have not been verified. Genius Visionary started off with a vision to create a productive business environment that may boost the economic growth of our economy."
CF-4AD6506C0472,GEORGIA CERTIFIED DEVELOPMENT CORP,,,loans@gacdc.com,1-404-240-1733,https://www.gacdc.com/,GA,business_finance_provider,nonbank_status_unconfirmed,financing_fit_unverified,unverified,30,,,,,,https://www.gacdc.com/,https://www.gacdc.com/,PrivateLendersDirectory,https://www.privatelendersdirectory.com/united-states/atlanta/business-lending/georgia-certified-development-corp,2026-09-30T03:47:17.242773+00:00,"Public directory listing; current phone ownership, email deliverability, private cash availability, $500K cash threshold, fulfillment financing eligibility and equity willingness have not been verified. Our team has more than 30 years of combined experience in commercial lending."
CF-1744DE3C3C6A,GLOBAL EQUITY FINANCE,,,info@gefinance.com,1-800-245-3279,https://geqfinance.com/,CA,business_finance_provider,nonbank_status_unconfirmed,financing_fit_unverified,unverified,30,,,,,,https://gefinance.com/,https://gefinance.com/,PrivateLendersDirectory,https://www.privatelendersdirectory.com/united-states/san-diego/business-lending/global-equity-finance,2026-09-30T03:47:17.242773+00:00,"Public directory listing; current phone ownership, email deliverability, private cash availability, $500K cash threshold, fulfillment financing eligibility and equity willingness have not been verified. We offer a comprehensive array of unique loan products, including mortgages for cash-out, debt consolidation, refinancing, and home equity loans."
CF-6D7B2A5A88AC,HAWTHRONE BUSINESS CAPITAL,,,info@hawthornebc.com,1-646-568-9140,https://hawthornebc.com/,NY,business_finance_provider,nonbank_status_unconfirmed,financing_fit_unverified,unverified,30,,,,,,https://hawthornebc.com/,https://hawthornebc.com/,PrivateLendersDirectory,https://www.privatelendersdirectory.com/united-states/new-york/business-lending/hawthrone-business-capital,2026-09-30T03:47:17.242773+00:00,"Public directory listing; current phone ownership, email deliverability, private cash availability, $500K cash threshold, fulfillment financing eligibility and equity willingness have not been verified. Hawthorne Business Capital provides revenue-based financing to business owners."
CF-15FB31559833,Heavenly Heat Saunas,,,heavenlyheat@heavenlyheatsaunas.com,1-888-825-2085,https://heavenlyheatsaunas.com/,AZ,business_finance_provider,nonbank_status_unconfirmed,financing_fit_unverified,unverified,30,,,,,,https://heavenlyheatsaunas.com/pages/contact,https://heavenlyheatsaunas.com/,PrivateLendersDirectory,https://www.privatelendersdirectory.com/united-states/kingman/business-lending/heavenly-heat-saunas,2026-09-30T03:47:17.242773+00:00,"Public directory listing; current phone ownership, email deliverability, private cash availability, $500K cash threshold, fulfillment financing eligibility and equity willingness have not been verified. Experience the ultimate relaxation and rejuvenation with our infrared heat sauna."
CF-EF5AC39A3A4D,HERITAGE COMMERCIAL FUNDING,,,kmelton@heritagecommercialfunding.com,1-805-231-0562,https://www.heritagecommercialfunding.com/,CA,business_finance_provider,nonbank_status_unconfirmed,financing_fit_unverified,unverified,30,,,,,,https://www.heritagecommercialfunding.com/,https://www.heritagecommercialfunding.com/,PrivateLendersDirectory,https://www.privatelendersdirectory.com/united-states/thousand-oaks/business-lending/heritage-commercial-funding,2026-09-30T03:47:17.242773+00:00,"Public directory listing; current phone ownership, email deliverability, private cash availability, $500K cash threshold, fulfillment financing eligibility and equity willingness have not been verified. Heritage Commercial Funding provides alternative funding solutions to businesses in California and nationwide."
CF-CDC2F30175D0,HIGHLAND HILL CAPITAL,,,info@highlandhillcap.com,1-954-947-8724,https://www.highlandhillcap.com/,FL,business_finance_provider,nonbank_status_unconfirmed,financing_fit_unverified,unverified,30,,,,,,https://www.highlandhillcap.com/,https://www.highlandhillcap.com/,PrivateLendersDirectory,https://www.privatelendersdirectory.com/united-states/west-palm-beach/business-lending/highland-hill-capital,2026-09-30T03:47:17.242773+00:00,"Public directory listing; current phone ownership, email deliverability, private cash availability, $500K cash threshold, fulfillment financing eligibility and equity willingness have not been verified. Highland Hill Capital is a leading innovator in the alternative finance market."
CF-C4C312457A24,HORIZON WEST PARTNERS,,,info@horizon-cc.com,1-866-903-7773,https://www.horizon-cc.com/,UT,business_finance_provider,private_nonbank_lender_directory_claim,financing_fit_unverified,unverified,30,,,,,,https://www.horizon-cc.com/,https://www.horizon-cc.com/,PrivateLendersDirectory,https://www.privatelendersdirectory.com/united-states/bountiful/business-lending/horizon-west-partners,2026-09-30T03:47:17.242773+00:00,"Public directory listing; current phone ownership, email deliverability, private cash availability, $500K cash threshold, fulfillment financing eligibility and equity willingness have not been verified. Horizon Small Business Lending Solutions is the preeminent non-bank lender for SBA 504 and Conventional financing solutions to small and mid size businesses nationwide."
CF-9E3B44FD6F0E,HUNTER CONSULTING,,,steven@hunterconsultingllc.com,1-770-490-2056,https://www.hunterconsultingllc.com/,GA,business_finance_provider,nonbank_status_unconfirmed,financing_fit_unverified,unverified,30,,,,,,https://www.hunterconsultingllc.com/,https://www.hunterconsultingllc.com/,PrivateLendersDirectory,https://www.privatelendersdirectory.com/united-states/atlanta/business-lending/hunter-consulting,2026-09-30T03:47:17.242773+00:00,"Public directory listing; current phone ownership, email deliverability, private cash availability, $500K cash threshold, fulfillment financing eligibility and equity willingness have not been verified. Specializing in daily-remittance and non-traditional business financing."
CF-92E282924131,IBUSINESS FUNDING,,,info@ibusinessfunding.com,1-855-218-8023,https://ibusinessfunding.com/,FL,business_finance_provider,nonbank_status_unconfirmed,financing_fit_unverified,unverified,30,,,,,,https://ibusinessfunding.com/,https://ibusinessfunding.com/contact-us,PrivateLendersDirectory,https://www.privatelendersdirectory.com/united-states/fort-lauderdale/business-lending/ibusiness-funding,2026-09-30T03:47:17.242773+00:00,"Public directory listing; current phone ownership, email deliverability, private cash availability, $500K cash threshold, fulfillment financing eligibility and equity willingness have not been verified. iBusiness Funding is a software and lender service provider specializing in small business lending."
CF-6075084623A7,INTEGRITY BUSINESS FUNDING CONSULTANTS,,,dan@ibfconsultants.com,1-307-201-0787,https://ibfconsultants.com/,WY,business_finance_provider,nonbank_status_unconfirmed,financing_fit_unverified,unverified,30,,,,,,https://ibfconsultants.com/,https://ibfconsultants.com/,PrivateLendersDirectory,https://www.privatelendersdirectory.com/united-states/sheridan/business-lending/integrity-business-funding-consultants,2026-09-30T03:47:17.242773+00:00,"Public directory listing; current phone ownership, email deliverability, private cash availability, $500K cash threshold, fulfillment financing eligibility and equity willingness have not been verified. Our mission is to help as many small business owners as we can obtain the capital they seek to grow their business, create jobs, and do it with integrity."
CF-7E962915BC2D,JW CAPITAL COMPANY,,,max@jwcapco.com,1-407-953-5369,https://jwcapco.com/,FL,business_finance_provider,nonbank_status_unconfirmed,financing_fit_unverified,unverified,30,,,,,,https://jwcapco.com/meet-the-team/,https://jwcapco.com/contact/,PrivateLendersDirectory,https://www.privatelendersdirectory.com/united-states/orlando/business-lending/jw-capital-company,2026-09-30T03:47:17.242773+00:00,"Public directory listing; current phone ownership, email deliverability, private cash availability, $500K cash threshold, fulfillment financing eligibility and equity willingness have not been verified. JW Capital Company is a commercial and residential mortgage brokerage firm."
CF-01EFB5C25DBA,KAMBER ENTERPRISES,,,info@kamberenterprises.com,1-888-888-8888,https://www.kamberenterprises.com/,NY,business_finance_provider,nonbank_status_unconfirmed,financing_fit_unverified,unverified,30,,,,,,https://www.kamberenterprises.com/contact-us,https://www.kamberenterprises.com/,PrivateLendersDirectory,https://www.privatelendersdirectory.com/united-states/queens/business-lending/kamber-enterprises,2026-09-30T03:47:17.242773+00:00,"Public directory listing; current phone ownership, email deliverability, private cash availability, $500K cash threshold, fulfillment financing eligibility and equity willingness have not been verified. We provide Funding for your Startups in Health Care, Real Estate, Consumer Goods, Staffing and Transportation Industries."
CF-032F23E9A6E5,Kennedy Funding,,,info@kennedyfunding.com,1-201-342-8500,https://www.kennedyfunding.com/,,business_finance,mandate_and_direct_funding_status_unconfirmed,business_finance_mandate_unconfirmed,unverified,30,,,,,,https://www.kennedyfunding.com/contact-us/,https://www.kennedyfunding.com/contact-us/,NPLA public private lending directory,https://nplaconference.com/private-lending-directory/page/9/,2026-09-30,"Kennedy Funding | Private Money, Hard Money, Commercial Bridge Loan Lender About Us Our Team Loan Criteria Loan Inquiry Form Loan Closings Loan Map Testimonials News Blog Properties For Sale Foreign National Loans Events Contact Us Apply Here Why is Kennedy Funding America’s most trusted bridge loan lender? Our unmatched experience enables us to help you realize your vision. We start by understanding your unique situation and then creatively craft a funding solution that best meets your needs. We’re built for speed and go from approval to closing in just a few days. At Kennedy Funding, our industry-leading expertise adds up to over $4 billion in closed loans, why would you go anywhere else? JUST CLOSED $1,260,000 Cash-out Refinance Cocoa & Company SAS Cartagena, Colombia Loan Closings $1,260,000 Cocoa & Company SAS Cartagena, Colombia Cash-out Refinance $1,500,000 Vision of Loxley, APT, LLC Loxley, Alabama Land Acquisition $2,700,000 Haya Enterprises LLC Medford, Oregon Working Capital $1,160,000 Erna Lender Inc Banning, California Refinance/Debt Payoff $4,400,000 Bearing Holdings II, LLC Spicewood, Texas Cash-out Refinance $2,100,000 Suwanee Preserve LLC Cumming, Georgia Cash-out Refinance $1,120,000 Cityana International Business, LLC Baltimore, Maryland Acquisition $50,000,000 Saguaro Ranch Investments, LLC Marana, Arizona Luxury Residential Resort Development $40,000,000 Buena Vista Corporation Orlando, Florida Acquisition Mixed-use Development $20,000,000 JFK Blvd Acquisition Partners, LP Philadelphia, Pennsylvania Acquisition Mixed-use development $12,000,000 Shores of Paradise, LLC Biloxi, Mississippi Acquisition Development $2,100,000 NSB Estate, LLC Ferndale, New York Working Capital $2,500,000 Bush Lender LLC St. Thomas, Nevis Cash-Out $2,850,000 270 Irvington
Collateral assessment: unknown"
CF-93EAD3AD135F,KEYBANC CAPITAL MARKETS,,,studentloans@key.com,1-800-539-2968,https://www.key.com/,OH,business_finance_provider,nonbank_status_unconfirmed,financing_fit_unverified,unverified,30,,,,,,https://www.key.com/personal/customer-support/contact-us.html,https://www.key.com/personal/index.html,PrivateLendersDirectory,https://www.privatelendersdirectory.com/united-states/cleveland/business-lending/keybanc-capital-markets,2026-09-30T03:47:17.242773+00:00,"Public directory listing; current phone ownership, email deliverability, private cash availability, $500K cash threshold, fulfillment financing eligibility and equity willingness have not been verified. KeyBank is one of the nation’s largest financial services companies."
CF-486BE6FD08F9,KINETIK CAPITAL,,,info@kinetikcap.com,1-844-546-3845,https://kinetikcap.com/,FL,business_finance_provider,nonbank_status_unconfirmed,financing_fit_unverified,unverified,30,,,,,,https://kinetikcap.com/,https://kinetikcap.com/,PrivateLendersDirectory,https://www.privatelendersdirectory.com/united-states/north-fort-myers/business-lending/kinetik-capital,2026-09-30T03:47:17.242773+00:00,"Public directory listing; current phone ownership, email deliverability, private cash availability, $500K cash threshold, fulfillment financing eligibility and equity willingness have not been verified. Kinetik Capital is a comprehensive commercial finance marketplace that has offers access to a unique variety of funding solutions"
CF-14F7F3148E67,KRG BUSINESS FUNDING,,,kathy@krgbusinessfunding.com,1-800-419-4842,https://www.krgbusinessfunding.com/,TN,business_finance_provider,nonbank_status_unconfirmed,financing_fit_unverified,unverified,30,,,,,,https://www.krgbusinessfunding.com/,https://www.krgbusinessfunding.com/contact-us,PrivateLendersDirectory,https://www.privatelendersdirectory.com/united-states/memphis/business-lending/krg-business-funding,2026-09-30T03:47:17.242773+00:00,"Public directory listing; current phone ownership, email deliverability, private cash availability, $500K cash threshold, fulfillment financing eligibility and equity willingness have not been verified. We provide fast and easy funding solutions to startups and existing businesses looking to grow their business."
CF-76D0B73D4971,L3 FUNDING,,,team@geminibusinessfunding.com,1-800-358-0007,https://geminibusinessfunding.com/,FL,business_finance_provider,nonbank_status_unconfirmed,operations_finance_candidate_unverified,unverified,30,,,,,,https://geminibusinessfunding.com/,https://geminibusinessfunding.com/,PrivateLendersDirectory,https://www.privatelendersdirectory.com/united-states/clearwater/business-lending/l3-funding,2026-09-30T03:47:17.242773+00:00,"Public directory listing; current phone ownership, email deliverability, private cash availability, $500K cash threshold, fulfillment financing eligibility and equity willingness have not been verified. Gemini's mission is to get you the working capital your business needs. Unsecured business funding"
CF-8F9675C5264B,LEXINGTON CAPITAL HOLDINGS,,,info@lexingtoncapitalholdings.com,1-888-351-8024,https://www.lexingtoncapitalholdings.com/,NY,business_finance_provider,nonbank_status_unconfirmed,financing_fit_unverified,unverified,30,,,,,,https://www.lexingtoncapitalholdings.com/,https://www.lexingtoncapitalholdings.com/,PrivateLendersDirectory,https://www.privatelendersdirectory.com/united-states/centereach/business-lending/lexington-capital-holdings,2026-09-30T03:47:17.242773+00:00,"Public directory listing; current phone ownership, email deliverability, private cash availability, $500K cash threshold, fulfillment financing eligibility and equity willingness have not been verified. We offer a new approach to funding that goes beyond the traditional methods of obtaining capital."
CF-0E9D17D09728,LIBERTY CAPITAL FUNDING,,,reiner@libertycapitalfunding.net,1-440-527-0521,https://libertycapitalfunding.net/,OH,business_finance_provider,nonbank_status_unconfirmed,financing_fit_unverified,unverified,30,,,,,,https://libertycapitalfunding.net/,https://libertycapitalfunding.net/,PrivateLendersDirectory,https://www.privatelendersdirectory.com/united-states/strongsville/business-lending/liberty-capital-funding,2026-09-30T03:47:17.242773+00:00,"Public directory listing; current phone ownership, email deliverability, private cash availability, $500K cash threshold, fulfillment financing eligibility and equity willingness have not been verified. Liberty Capital Funding provides business financing for companies that may not qualify for traditional bank loans."
CF-438C2B61DEC6,LINDLEY AND ASSOCIATES,,,info@lindleycpas.com,1-425-455-4800,http://www.lindleycpas.com/,WA,business_finance_provider,nonbank_status_unconfirmed,financing_fit_unverified,unverified,30,,,,,,https://www.lindleycpas.com/,https://www.lindleycpas.com/,PrivateLendersDirectory,https://www.privatelendersdirectory.com/united-states/bellevue/business-lending/lindley-and-associates,2026-09-30T03:47:17.242773+00:00,"Public directory listing; current phone ownership, email deliverability, private cash availability, $500K cash threshold, fulfillment financing eligibility and equity willingness have not been verified. We can assist in packaging a business for funding, or locate one-time funding for an existing or start-up business."
CF-6C21A964981A,LOANHQ,,,info@loanhq.io,1-855-981-8382,https://loanhq.io/,CA,business_finance_provider,nonbank_status_unconfirmed,financing_fit_unverified,unverified,30,,,,,,https://loanhq.io/,https://loanhq.io/,PrivateLendersDirectory,https://www.privatelendersdirectory.com/united-states/los-angeles/business-lending/loanhq,2026-09-30T03:47:17.242773+00:00,"Public directory listing; current phone ownership, email deliverability, private cash availability, $500K cash threshold, fulfillment financing eligibility and equity willingness have not been verified. At LoanHQ, our mission is clear: to empower businesses to achieve their full potential by providing fast and reliable funding solutions."
CF-11127C4B5595,LUXURY ASSET CAPITAL,,,bh@luxuryassetcapital.com,1-720-458-6788,https://luxuryassetcapital.com/,CO,business_finance_provider,nonbank_status_unconfirmed,financing_fit_unverified,unverified,30,,,,,,https://luxuryassetcapital.com/,https://luxuryassetcapital.com/,PrivateLendersDirectory,https://www.privatelendersdirectory.com/united-states/denver/business-lending/luxury-asset-capital,2026-09-30T03:47:17.242773+00:00,"Public directory listing; current phone ownership, email deliverability, private cash availability, $500K cash threshold, fulfillment financing eligibility and equity willingness have not been verified. Luxury Asset Capital® is the leading provider of confidential non-bank loans that use borrowers’ luxury assets as collateral."
CF-03FF601DD647,Omni Funding Solutions,,,info@omnifundingsolutions.com,1-480-256-1083,https://omnifundingsolutions.com/,,business_finance,mandate_and_direct_funding_status_unconfirmed,business_finance_mandate_unconfirmed,unverified,30,,,,,,https://omnifundingsolutions.com/,https://omnifundingsolutions.com/,NPLA public private lending directory,https://nplaconference.com/private-lending-directory/page/12/,2026-09-30,"Home - Omni Funding Solutions 6424 E. Greenway Parkway #100 Scottsdale, AZ 85254 info@omnifundingsolutions.com Book A Consultation Today! Facebook Instagram Tiktok Linkedin Home Services About Us Contact Blog . Call Us Today! +1 480-256-1083 Drive Success with Custom Financing Effortlessly navigate your business journey with our tailored financial services that guarantee growth. Let’s Get Started Innovative Financing Made Simple Embrace financial freedom with Omni-Funding's bespoke Funding solutions designed to propel your business forward. Let’s Get Started Secure Tomorrow’s Success Today Partner with us to future-proof your business through strategic investment and our robust financial planning. Let’s Get Started Elevate your Business Let’s fund your business today! Start Here! Secure Your InvestmentsProtect your assets with our secure, advanced financial services, ensuring confidence, optimal safety and reliability. Free ConsultationReceive a personalized consultation today! Tailored strategies to meet your business goals efficiently and effectively. Fast & reliableExperience rapid and trustworthy financing solutions, designed to keep your business operations smooth and stable. About Us Fueling Growth Since 2003 Prioritizing businesses like yours is how we’ve built trust since 2003. Whether you’re seeking capital to expand, looking for direct investment, or you need expert guidance on loan packages and strategy development, we’ve got you covered. Our tailored financing solutions include: Business Lines of Credit Commercial Loans Equipment Loans DSCR Loans Fix and Flip Loans Specialized programs to boost your business credit. +23 Wonderful awards Discover More 21+Years of experience Omni Funding Solutions Discover Your Business Funding Gateway to 10X Growth COMMITTED
Collateral assessment: unknown"
CF-09E1A2EA8B5F,ROK Financial,Mr. James Webster,,info@rok.biz,1-833-376-5249,https://www.rok.biz/,,business_finance,mandate_and_direct_funding_status_unconfirmed,business_finance_mandate_unconfirmed,unverified,30,,,,,,https://www.rok.biz/,https://www.rok.biz/,NPLA public private lending directory,https://nplaconference.com/private-lending-directory/page/14/,2026-09-30,"Small Business Financing - FAST access to Working Capital call now (833) 3-ROKBIZ Open main menu Business Financing Small Business Loans Business Line of Credit SBA Loans Equipment Financing Accounts Receivable Financing Merchant Cash Advance / Working Capital Franchise Financing Residential Investment Loans Startup Funding Commercial Real Estate Financing Middle Market Lending Resources Cash Advance Calculator Startup Resources ROK Blog eBooks, Videos, & More! Company Our Founder Our Story Our Team Become a Partner Partner Login Secure an Instant Pre-Approval Business Financing Small Business Loans Business Line of Credit SBA Loans Equipment Financing Accounts Receivable Financing Merchant Cash Advance / Working Capital Franchise Financing Residential Investment Loans Startup Funding Commercial Real Estate Financing Middle Market Lending Resources Cash Advance Calculator Startup Resources ROK Blog eBooks, Videos, & More! Company Our Founder Our Story Our Team Become a Partner Partner Login Small Business Funding See how much you qualify for & get an instant pre-approval. Don't Limit Yourself Shop between multiple products to get the best deal. Term Loans + Working Capital Get the funding your business needs to grow, manage cash flow, or invest in new opportunities. ROK Financial offers flexible term loans and working capital solutions with fast approvals and easy repayment options. $10,000 - $5 Million 6 Months - 10 Year Terms Funding in 1 - 3 Days Learn More about Term Loans and Working Capital Business Lines of Credit Access flexible, revolving funds whenever your business needs them. ROK Financial's lines of credit help manage cash flow, cover expenses, and seize growth opportunities quickly. $10,000 - $5 Million 6 Months - 10 Year Terms Funding in 1 - 3 Days Learn
Collateral assessment: unknown
Anonymously accessible public AACFB funding directory Show all list, association member claim as funding source. Public named funding contact, phone and email; current liquid cash >=$500K, fulfillment mandate, real estate mandate and equity willingness not verified. Directory includes equipment and business finance firms, so collateral/mandate fit must be confirmed. No account/login used."
CF-00059411FEC5,10XDEBT,,,,,https://10xdebtrelief.com,FL,business_finance_provider,nonbank_status_unconfirmed,financing_fit_unverified,unverified,20,,,,,,,,PrivateLendersDirectory,https://www.privatelendersdirectory.com/united-states/fort-lauderdale/business-lending/10xdebt,2026-09-30T03:47:17.242773+00:00,"Public directory listing; current phone ownership, email deliverability, private cash availability, $500K cash threshold, fulfillment financing eligibility and equity willingness have not been verified. We make it easy to onboard, launch and manage your digital debt campaigns. We do a lot of the heavy lifting for you, so you can focus on sales and conversions."
CF-100BD0F9A244,1898 & CO.,,,,,https://1898andco.burnsmcd.com/,MO,business_finance_provider,nonbank_status_unconfirmed,financing_fit_unverified,unverified,20,,,,,,,,PrivateLendersDirectory,https://www.privatelendersdirectory.com/united-states/kansas-city/business-lending/1898-co,2026-09-30T03:47:17.242773+00:00,"Public directory listing; current phone ownership, email deliverability, private cash availability, $500K cash threshold, fulfillment financing eligibility and equity willingness have not been verified. 1898 & Co. turns business and technology insights into action for critical infrastructure industries."
CF-CDF038B1AECE,1ST BUSINESS FINANCE,,,,,http://1stbusinessfinance.com/,TX,business_finance_provider,private_nonbank_lender_directory_claim,operations_finance_candidate_unverified,unverified,20,,,,,,,,PrivateLendersDirectory,https://www.privatelendersdirectory.com/united-states/grand-prairie/business-lending/1st-business-finance,2026-09-30T03:47:17.242773+00:00,"Public directory listing; current phone ownership, email deliverability, private cash availability, $500K cash threshold, fulfillment financing eligibility and equity willingness have not been verified. GRAND PRAIRIE, TX PRIVATE LENDER.We Provide Relief for Small Business Owners needing Business Loans and Working Capital"
CF-E2BAB0447783,1ST MERCHANT FUNDING,,,,,http://www.1stmerchantfunding.com,FL,business_finance_provider,nonbank_status_unconfirmed,operations_finance_candidate_unverified,unverified,20,,,,,,,,PrivateLendersDirectory,https://www.privatelendersdirectory.com/united-states/bay-harbor-islands/business-lending/1st-merchant-funding,2026-09-30T03:47:17.242773+00:00,"Public directory listing; current phone ownership, email deliverability, private cash availability, $500K cash threshold, fulfillment financing eligibility and equity willingness have not been verified. 1st Merchant Funding is a Miami based financial technology company focused on providing working capital to US based small businesses."
CF-B724BA14F65E,1WEST,,,,,https://www.1west.com/,CT,business_finance_provider,nonbank_status_unconfirmed,financing_fit_unverified,unverified,20,,,,,,,,PrivateLendersDirectory,https://www.privatelendersdirectory.com/united-states/hartford/business-lending/1west,2026-09-30T03:47:17.242773+00:00,"Public directory listing; current phone ownership, email deliverability, private cash availability, $500K cash threshold, fulfillment financing eligibility and equity willingness have not been verified. Whatever’s next for your business — the financing you need is out there. 1West is your partner to find more and better options."
CF-DC50C9005D23,20/20 FINANCIAL CONSULTING,,,,,https://2020taxresolution.com,CO,business_finance_provider,nonbank_status_unconfirmed,financing_fit_unverified,unverified,20,,,,,,,,PrivateLendersDirectory,https://www.privatelendersdirectory.com/united-states/broomfield/business-lending/20-20-financial-consulting,2026-09-30T03:47:17.242773+00:00,"Public directory listing; current phone ownership, email deliverability, private cash availability, $500K cash threshold, fulfillment financing eligibility and equity willingness have not been verified. It is our goal to develop compassionate solutions for our clients to help reduce their debt and get them back in action. We can do the same for you."
CF-CCBA7F5570E9,2ND ORDER SOLUTIONS,,,staff@2os.com,,https://2os.com,VA,business_finance_provider,nonbank_status_unconfirmed,financing_fit_unverified,unverified,20,,,,,,https://2os.com/,,PrivateLendersDirectory,https://www.privatelendersdirectory.com/united-states/glen-allen/business-lending/2nd-order-solutions,2026-09-30T03:47:17.242773+00:00,"Public directory listing; current phone ownership, email deliverability, private cash availability, $500K cash threshold, fulfillment financing eligibility and equity willingness have not been verified. We thrive at the nexus of cutting-edge data science. Our mission is to bring the power and potential of alt-data and advanced analytics to the age-old lending industry."
CF-87A5429261C2,360 BUSINESS FUNDING,,,,,https://www.360businessfundings.com,MD,business_finance_provider,nonbank_status_unconfirmed,financing_fit_unverified,unverified,20,,,,,,,,PrivateLendersDirectory,https://www.privatelendersdirectory.com/united-states/baltimore/business-lending/360-business-funding,2026-09-30T03:47:17.242773+00:00,"Public directory listing; current phone ownership, email deliverability, private cash availability, $500K cash threshold, fulfillment financing eligibility and equity willingness have not been verified. Helping Business Owners secure Funding for their business even if they have been declined before"
CF-348FE6805616,48 FACTORING,,,,,https://48factoring.com,PA,business_finance_provider,nonbank_status_unconfirmed,financing_fit_unverified,unverified,20,,,,,,,,PrivateLendersDirectory,https://www.privatelendersdirectory.com/united-states/philadelphia/business-lending/48-factoring,2026-09-30T03:47:17.242773+00:00,"Public directory listing; current phone ownership, email deliverability, private cash availability, $500K cash threshold, fulfillment financing eligibility and equity willingness have not been verified. We are a financial services company using proprietary software technology to assess funding risk and create innovative solutions to help small businesses grow"
CF-DA54B690AF5B,5 STAR CONSULTING PARTNERS,,,,,https://www.get5starfunding.com/,GA,business_finance_provider,private_nonbank_lender_directory_claim,financing_fit_unverified,unverified,20,,,,,,,,PrivateLendersDirectory,https://www.privatelendersdirectory.com/united-states/atlanta/business-lending/5-star-consulting-partners,2026-09-30T03:47:17.242773+00:00,"Public directory listing; current phone ownership, email deliverability, private cash availability, $500K cash threshold, fulfillment financing eligibility and equity willingness have not been verified. As a Funding Specialist and Private Money Lender I have a proven track record of successfully securing funds for businesses and Real Estate Investors"
CF-9F08D34E45AB,504 CAPITAL CORPORATION,,,,,https://504capital.com,VA,business_finance_provider,nonbank_status_unconfirmed,financing_fit_unverified,unverified,20,,,,,,,,PrivateLendersDirectory,https://www.privatelendersdirectory.com/united-states/chesapeake/business-lending/504-capital-corporation,2026-09-30T03:47:17.242773+00:00,"Public directory listing; current phone ownership, email deliverability, private cash availability, $500K cash threshold, fulfillment financing eligibility and equity willingness have not been verified. At 504 Capital Corporation our sole mission is to assist small businesses and help them grow with SBA 504 lending programs."
CF-65D17B84CC00,5TH GENERATION CONSULTING,,,,,https://www.fifthgenconsulting.com/,DC,business_finance_provider,nonbank_status_unconfirmed,financing_fit_unverified,unverified,20,,,,,,,,PrivateLendersDirectory,https://www.privatelendersdirectory.com/united-states/washington/business-lending/5th-generation-consulting,2026-09-30T03:47:17.242773+00:00,"Public directory listing; current phone ownership, email deliverability, private cash availability, $500K cash threshold, fulfillment financing eligibility and equity willingness have not been verified. 5th Gen brings expertise that can help your church solve organizational issues, maximize your current position and prepare for the next season of growth"
CF-98B3C5E8AE48,7 FIGURES CREDIT,,,,,https://7figurescredit.com/,CA,business_finance_provider,nonbank_status_unconfirmed,financing_fit_unverified,unverified,20,,,,,,,,PrivateLendersDirectory,https://www.privatelendersdirectory.com/united-states/los-angeles/business-lending/7-figures-credit,2026-09-30T03:47:17.242773+00:00,"Public directory listing; current phone ownership, email deliverability, private cash availability, $500K cash threshold, fulfillment financing eligibility and equity willingness have not been verified. Best Funding GuaranteeClients get the best possible funding by leveraging our elaborate funding marketplace."
CF-ED97E5A8281E,A10 FUNDING SOLUTIONS,,,,,http://www.a10fundingsolutions.com,FL,business_finance_provider,nonbank_status_unconfirmed,financing_fit_unverified,unverified,20,,,,,,,,PrivateLendersDirectory,https://www.privatelendersdirectory.com/united-states/fort-lauderdale/business-lending/a10-funding-solutions,2026-09-30T03:47:17.242773+00:00,"Public directory listing; current phone ownership, email deliverability, private cash availability, $500K cash threshold, fulfillment financing eligibility and equity willingness have not been verified. A10 Funding Solutions offers a one stop business financing experience to meet your business funding needs."
CF-D98EAA9BF18B,AARON CAPITAL,,,,1-901-213-2030,https://www.aaroncapital.com/,CO,business_finance_provider,nonbank_status_unconfirmed,financing_fit_unverified,unverified,20,,,,,,,https://www.aaroncapital.com/contact,PrivateLendersDirectory,https://www.privatelendersdirectory.com/united-states/aurora/business-lending/aaron-capital,2026-09-30T03:47:17.242773+00:00,"Public directory listing; current phone ownership, email deliverability, private cash availability, $500K cash threshold, fulfillment financing eligibility and equity willingness have not been verified. We specialize in mergers, acquisitions, capital formations, financing and advisory services."
CF-6FA23714ECAE,ABF ADVISORS,,,info@abfadvisors.com,,https://www.abfadvisors.com/,TX,business_finance_provider,nonbank_status_unconfirmed,financing_fit_unverified,unverified,20,,,,,,https://www.abfadvisors.com/,,PrivateLendersDirectory,https://www.privatelendersdirectory.com/united-states/el-paso/business-lending/abf-advisors,2026-09-30T03:47:17.242773+00:00,"Public directory listing; current phone ownership, email deliverability, private cash availability, $500K cash threshold, fulfillment financing eligibility and equity willingness have not been verified. ABF ADVISORS is committed to developing and executing strategies to achieve clients' objectives on time, within budget, and with the utmost integrity."
CF-775D012CBDBE,ABOVEBOARD FINANCIAL,,,,,https://www.aboveboardfinancial.com,NY,business_finance_provider,nonbank_status_unconfirmed,financing_fit_unverified,unverified,20,,,,,,,,PrivateLendersDirectory,https://www.privatelendersdirectory.com/united-states/new-york/business-lending/aboveboard-financial,2026-09-30T03:47:17.242773+00:00,"Public directory listing; current phone ownership, email deliverability, private cash availability, $500K cash threshold, fulfillment financing eligibility and equity willingness have not been verified. AboveBoard Financial is dedicated to simplifying the world of personal finances by providing no-BS expertise, ethical advice, and top of the line service."
CF-27EE2F7A9172,ABSOLUTE BUSINESS CAPITAL,,,ron@abcfunded.com,,https://abcfunded.com/,NJ,business_finance_provider,nonbank_status_unconfirmed,financing_fit_unverified,unverified,20,,,,,,https://abcfunded.com/,,PrivateLendersDirectory,https://www.privatelendersdirectory.com/united-states/jackson-township/business-lending/absolute-business-capital,2026-09-30T03:47:17.242773+00:00,"Public directory listing; current phone ownership, email deliverability, private cash availability, $500K cash threshold, fulfillment financing eligibility and equity willingness have not been verified. Absolute Business Capital is your trusted partner for business financing, specialize in tailored solutions to help you achieve your goals."
CF-DA07332BA3C1,ABUNDANT ASSETS,,,,,https://abundant-assets.com/,WA,business_finance_provider,nonbank_status_unconfirmed,financing_fit_unverified,unverified,20,,,,,,,,PrivateLendersDirectory,https://www.privatelendersdirectory.com/united-states/seattle/business-lending/abundant-assets,2026-09-30T03:47:17.242773+00:00,"Public directory listing; current phone ownership, email deliverability, private cash availability, $500K cash threshold, fulfillment financing eligibility and equity willingness have not been verified. Abundant Assets is a funding source for business owners in need of alternative financing solutions that are both convenient and affordable"
CF-6425F1C1C66A,ACCESS BUSINESS CAPITAL,,,,,https://www.accessbusinesscapital.com/,NH,business_finance_provider,nonbank_status_unconfirmed,financing_fit_unverified,unverified,20,,,,,,,,PrivateLendersDirectory,https://www.privatelendersdirectory.com/united-states/newington/business-lending/access-business-capital,2026-09-30T03:47:17.242773+00:00,"Public directory listing; current phone ownership, email deliverability, private cash availability, $500K cash threshold, fulfillment financing eligibility and equity willingness have not been verified. Access Business Capital provides comprehensive financing and leasing for medical professionals."
CF-1848FBA4814B,ACCESS CAPITAL GROUP INC,,,,,https://www.accesscapitalgroupinc.com/,AZ,business_finance_provider,nonbank_status_unconfirmed,financing_fit_unverified,unverified,20,,,,,,,,PrivateLendersDirectory,https://www.privatelendersdirectory.com/united-states/phoenix/business-lending/access-capital-group-inc,2026-09-30T03:47:17.242773+00:00,"Public directory listing; current phone ownership, email deliverability, private cash availability, $500K cash threshold, fulfillment financing eligibility and equity willingness have not been verified. Our entire organization is built to provide you with market insight, industry leading customer support, and the lowest rates available in your area."
CF-54F3FEF9FD13,ACCESS TO CAPITAL FOR ENTREPRENEURS,,,,,https://aceloans.org/,GA,business_finance_provider,nonbank_status_unconfirmed,financing_fit_unverified,unverified,20,,,,,,,,PrivateLendersDirectory,https://www.privatelendersdirectory.com/united-states/atlanta/business-lending/access-to-capital-for-entrepreneurs,2026-09-30T03:47:17.242773+00:00,"Public directory listing; current phone ownership, email deliverability, private cash availability, $500K cash threshold, fulfillment financing eligibility and equity willingness have not been verified. ACE has emerged as a leader in responsive and innovative small business financing in Georgia."
CF-FA460B709D19,ACCOMPANY CAPITAL,,,,,https://accompanycapital.org/,NY,business_finance_provider,nonbank_status_unconfirmed,financing_fit_unverified,unverified,20,,,,,,,,PrivateLendersDirectory,https://www.privatelendersdirectory.com/united-states/new-york/business-lending/accompany-capital,2026-09-30T03:47:17.242773+00:00,"Public directory listing; current phone ownership, email deliverability, private cash availability, $500K cash threshold, fulfillment financing eligibility and equity willingness have not been verified. Accompany Capital provides micro-financing and small business loans to start and grow businesses"
CF-D5A2071D7DFF,ACG EQUIPMENT FINANCE,,,,,https://acgequipmentfinance.com/,TX,business_finance_provider,nonbank_status_unconfirmed,financing_fit_unverified,unverified,20,,,,,,,,PrivateLendersDirectory,https://www.privatelendersdirectory.com/united-states/austin/business-lending/acg-equipment-finance,2026-09-30T03:47:17.242773+00:00,"Public directory listing; current phone ownership, email deliverability, private cash availability, $500K cash threshold, fulfillment financing eligibility and equity willingness have not been verified. We make it easier to buy and sell equipment. Simple finance alternatives for businesses seeking funding from $5,000 to $1,000,000+"
CF-F0E062DE0B10,ACOR FINANCIAL,,,,,https://www.acorfinancial.com,GA,business_finance_provider,nonbank_status_unconfirmed,financing_fit_unverified,unverified,20,,,,,,,,PrivateLendersDirectory,https://www.privatelendersdirectory.com/united-states/smyrna/business-lending/acor-financial,2026-09-30T03:47:17.242773+00:00,"Public directory listing; current phone ownership, email deliverability, private cash availability, $500K cash threshold, fulfillment financing eligibility and equity willingness have not been verified. We have the best & most affordable options to help you grow your business. We are in business to help the small businesses across the U.S & Canada."
CF-34C0D63B8D62,ACRIUS CAPITAL,,,,,https://acriuscapital.com/,CA,business_finance_provider,nonbank_status_unconfirmed,financing_fit_unverified,unverified,20,,,,,,,,PrivateLendersDirectory,https://www.privatelendersdirectory.com/united-states/san-francisco/business-lending/acrius-capital,2026-09-30T03:47:17.242773+00:00,"Public directory listing; current phone ownership, email deliverability, private cash availability, $500K cash threshold, fulfillment financing eligibility and equity willingness have not been verified. ACRIUS CAPITAL LLC is business finance consulting firm, helping companies throughout the USA secure any amount of debt funding to grow their business."
CF-813283BE6722,ADIO CONSULTING GROUP,,,,,http://www.adiocoach.com,IL,business_finance_provider,nonbank_status_unconfirmed,financing_fit_unverified,unverified,20,,,,,,,,PrivateLendersDirectory,https://www.privatelendersdirectory.com/united-states/lebanon/business-lending/adio-consulting-group,2026-09-30T03:47:17.242773+00:00,"Public directory listing; current phone ownership, email deliverability, private cash availability, $500K cash threshold, fulfillment financing eligibility and equity willingness have not been verified. We help business owners boost their profitability by aligning their functional areas to their vision, mission, and strategy."
CF-80E19CB3814A,ADVANCE CAPITAL EXPRESS,,,,,https://advancecapitalxpress.com/,CA,business_finance_provider,nonbank_status_unconfirmed,financing_fit_unverified,unverified,20,,,,,,,,PrivateLendersDirectory,https://www.privatelendersdirectory.com/united-states/trabuco-canyon/business-lending/advance-capital-express,2026-09-30T03:47:17.242773+00:00,"Public directory listing; current phone ownership, email deliverability, private cash availability, $500K cash threshold, fulfillment financing eligibility and equity willingness have not been verified. Advance Capital Express seeks business who are in need of creative funding solutions."
CF-9D03E5891D2C,ADVANCED WEALTH GROUP,,,,,https://www.advancedwealthgroup.com,TX,business_finance_provider,nonbank_status_unconfirmed,financing_fit_unverified,unverified,20,,,,,,,,PrivateLendersDirectory,https://www.privatelendersdirectory.com/united-states/houston/business-lending/advanced-wealth-group,2026-09-30T03:47:17.242773+00:00,"Public directory listing; current phone ownership, email deliverability, private cash availability, $500K cash threshold, fulfillment financing eligibility and equity willingness have not been verified. We help entrepreneurs, professionals and small business owner's save money, build business credit"
CF-BF437FBB3651,AES CONSULTING,,,,,https://aesbizservices.com/,AZ,business_finance_provider,nonbank_status_unconfirmed,financing_fit_unverified,unverified,20,,,,,,,,PrivateLendersDirectory,https://www.privatelendersdirectory.com/united-states/phoenix/business-lending/aes-consulting,2026-09-30T03:47:17.242773+00:00,"Public directory listing; current phone ownership, email deliverability, private cash availability, $500K cash threshold, fulfillment financing eligibility and equity willingness have not been verified. Clients retain us to structure business expansions or mergers & acquisitions, with little or no risk financially."
CF-DE154627AD54,AFFLUENT FUNDING SOLUTIONS,,,,,https://affluentfunds.com/,FL,business_finance_provider,private_nonbank_lender_directory_claim,financing_fit_unverified,unverified,20,,,,,,,,PrivateLendersDirectory,https://www.privatelendersdirectory.com/united-states/jupiter/business-lending/affluent-funding-solutions,2026-09-30T03:47:17.242773+00:00,"Public directory listing; current phone ownership, email deliverability, private cash availability, $500K cash threshold, fulfillment financing eligibility and equity willingness have not been verified. Affluent Funding, Inc. is a private lender specializing in hard money loans and short-term financing solutions for residential properties"
CF-266CD53819D4,AGGRESSIVE SOLUTIONS,,,,,https://aggressivesolutionsllc.com/,MD,business_finance_provider,nonbank_status_unconfirmed,financing_fit_unverified,unverified,20,,,,,,,,PrivateLendersDirectory,https://www.privatelendersdirectory.com/united-states/business-lending/aggressive-solutions,2026-09-30T03:47:17.242773+00:00,"Public directory listing; current phone ownership, email deliverability, private cash availability, $500K cash threshold, fulfillment financing eligibility and equity willingness have not been verified. Nationwide Commercial Brokerage providing SBA 7A and 504 loans for business owners especially Franchises."
CF-4779CF005CD0,AIG FINANCIAL PRODUCTS,,,,,https://www.aigfp.com,FL,business_finance_provider,nonbank_status_unconfirmed,financing_fit_unverified,unverified,20,,,,,,,,PrivateLendersDirectory,https://www.privatelendersdirectory.com/united-states/orlando/business-lending/aig-financial-products,2026-09-30T03:47:17.242773+00:00,"Public directory listing; current phone ownership, email deliverability, private cash availability, $500K cash threshold, fulfillment financing eligibility and equity willingness have not been verified. AIGFP focused principally on OTC derivatives markets, involving capital markets offerings and corporate finance, investment and financial products."
CF-0740235B6DE5,AKAWINI CAPITAL FUNDING,,,,,https://www.akawinicapitalfunding.com,NJ,business_finance_provider,nonbank_status_unconfirmed,financing_fit_unverified,unverified,20,,,,,,,,PrivateLendersDirectory,https://www.privatelendersdirectory.com/united-states/newark/business-lending/akawini-capital-funding,2026-09-30T03:47:17.242773+00:00,"Public directory listing; current phone ownership, email deliverability, private cash availability, $500K cash threshold, fulfillment financing eligibility and equity willingness have not been verified. You can incur tremendous expenses when purchasing the large commercial vehicles and the equipment needed to get your business up and running"
CF-5684A32FEB07,ALIGN FINANCE PARTNERS,,,,1-415-421-0500,https://www.alignfinance.com/,CA,business_finance_provider,nonbank_status_unconfirmed,financing_fit_unverified,unverified,20,,,,,,,https://www.alignfinance.com/Contact-Us.php,PrivateLendersDirectory,https://www.privatelendersdirectory.com/united-states/san-francisco/business-lending/align-finance-partners,2026-09-30T03:47:17.242773+00:00,"Public directory listing; current phone ownership, email deliverability, private cash availability, $500K cash threshold, fulfillment financing eligibility and equity willingness have not been verified. Align Finance Partners is a private commercial real estate finance company"
CF-02C80A875404,ALL BUSINESS FUNDING,,,loans@allbusinessfunding.info,,https://allbusinessfunding.info/,CA,business_finance_provider,nonbank_status_unconfirmed,financing_fit_unverified,unverified,20,,,,,,https://www.allbusinessfunding.info/,,PrivateLendersDirectory,https://www.privatelendersdirectory.com/united-states/los-angeles/business-lending/all-business-funding,2026-09-30T03:47:17.242773+00:00,"Public directory listing; current phone ownership, email deliverability, private cash availability, $500K cash threshold, fulfillment financing eligibility and equity willingness have not been verified. Regardless of your Credit Scores & Financials. At All Business Funding. We have a variety of options to get you or your Business Funding"
CF-653859477EAE,ALL FUNDING OPTIONS,,,cgowen@altfundoptions.com,,https://altfundoptions.com/,FL,business_finance_provider,nonbank_status_unconfirmed,financing_fit_unverified,unverified,20,,,,,,https://altfundoptions.com/contact-us/,,PrivateLendersDirectory,https://www.privatelendersdirectory.com/united-states/st-petersburg/business-lending/all-funding-options,2026-09-30T03:47:17.242773+00:00,"Public directory listing; current phone ownership, email deliverability, private cash availability, $500K cash threshold, fulfillment financing eligibility and equity willingness have not been verified. At Alternative Funding Options (AFO), we work with companies in need of financing and connect them to the right funding sources."
CF-00D8D7C59F94,ALLIANCE BUSINESS CAPITAL INC.,,,,,https://www.alliancebusinesscapital.com/,FL,business_finance_provider,nonbank_status_unconfirmed,financing_fit_unverified,unverified,20,,,,,,,,PrivateLendersDirectory,https://www.privatelendersdirectory.com/united-states/fort-myers-beach/business-lending/alliance-business-capital-inc,2026-09-30T03:47:17.242773+00:00,"Public directory listing; current phone ownership, email deliverability, private cash availability, $500K cash threshold, fulfillment financing eligibility and equity willingness have not been verified. Alliance Business Capital is a Commercial Loan Intermediary / Advisor specializing in Commercial Real Estate Financing and Business Loans."
CF-1541FACC24C2,ALLIANCE CAPITAL CORPORATION,,,,1-205-982-7900,https://www.alliancecapitalcorporation.com,AL,business_finance_provider,nonbank_status_unconfirmed,financing_fit_unverified,unverified,20,,,,,,,https://www.alliancecapitalcorporation.com/contact,PrivateLendersDirectory,https://www.privatelendersdirectory.com/united-states/birmingham/business-lending/alliance-capital-corporation,2026-09-30T03:47:17.242773+00:00,"Public directory listing; current phone ownership, email deliverability, private cash availability, $500K cash threshold, fulfillment financing eligibility and equity willingness have not been verified. Alliance Capital Corporation, in conjunction with our lending partners, specializes in Small Business Administration (SBA) Loans."
CF-21702965314E,ALLIANCE PARTNERS,,,,,https://www.bancalliance.com,MD,business_finance_provider,nonbank_status_unconfirmed,financing_fit_unverified,unverified,20,,,,,,,,PrivateLendersDirectory,https://www.privatelendersdirectory.com/united-states/chevy-chase/business-lending/alliance-partners,2026-09-30T03:47:17.242773+00:00,"Public directory listing; current phone ownership, email deliverability, private cash availability, $500K cash threshold, fulfillment financing eligibility and equity willingness have not been verified. Alliance Partners is an asset manager focused on serving financial institutions seeking to diversify their asset strategies."
CF-8835C569FEDB,ALLIED FUNDING,,,,,https://www.alliedfundingllc.com/,AL,business_finance_provider,nonbank_status_unconfirmed,financing_fit_unverified,unverified,20,,,,,,,,PrivateLendersDirectory,https://www.privatelendersdirectory.com/united-states/montgomery/business-lending/allied-funding,2026-09-30T03:47:17.242773+00:00,"Public directory listing; current phone ownership, email deliverability, private cash availability, $500K cash threshold, fulfillment financing eligibility and equity willingness have not been verified. We help small businesses get the funding they need."
CF-CEEF6E5B9E7A,ALLY CORPORATE FINANCE,,,corporatefinance@ally.com,,https://www.ally.com/corporate-finance/,MI,business_finance_provider,nonbank_status_unconfirmed,financing_fit_unverified,unverified,20,,,,,,https://www.ally.com/corporate-finance/,https://www.ally.com/contact-us/,PrivateLendersDirectory,https://www.privatelendersdirectory.com/united-states/detroit/business-lending/ally-corporate-finance,2026-09-30T03:47:17.242773+00:00,"Public directory listing; current phone ownership, email deliverability, private cash availability, $500K cash threshold, fulfillment financing eligibility and equity willingness have not been verified. Our five unique lending structures are thoughtfully tailored to suit your specific industry and help you meet your business goals.
Contact correction: Selected number is the parent fraud-reporting line, not the corporate-finance division."
CF-3B5AE67799B5,ALPHA2 VENTURES - A PRIVATE EQUITY FIRM,,,,,https://alpha2ventures.com,NY,business_finance_provider,nonbank_status_unconfirmed,financing_fit_unverified,unverified,20,,,,,,,,PrivateLendersDirectory,https://www.privatelendersdirectory.com/united-states/hewlett/business-lending/alpha2-ventures-a-private-equity-firm,2026-09-30T03:47:17.242773+00:00,"Public directory listing; current phone ownership, email deliverability, private cash availability, $500K cash threshold, fulfillment financing eligibility and equity willingness have not been verified. ""We are Building customized debt and equity structures for all investment Real Estate projects."""
CF-EE480A11D17E,ALTA BAY CAPITAL,,,info@altabaycapital.com,,https://altabaycapital.com/,UT,business_finance_provider,nonbank_status_unconfirmed,financing_fit_unverified,unverified,20,,,,,,https://altabaycapital.com/,,PrivateLendersDirectory,https://www.privatelendersdirectory.com/united-states/salt-lake-city/business-lending/alta-bay-capital,2026-09-30T03:47:17.242773+00:00,"Public directory listing; current phone ownership, email deliverability, private cash availability, $500K cash threshold, fulfillment financing eligibility and equity willingness have not been verified. Our vision is to be the leading private equity real estate investment company specializing in the responsible development and redevelopment of design forward assets."
CF-4B27FCC7828E,ALTERNATIVE BUSINESS CAPITAL,,,,,https://www.alternativebusinesscapitalllc.com,PA,business_finance_provider,nonbank_status_unconfirmed,financing_fit_unverified,unverified,20,,,,,,,,PrivateLendersDirectory,https://www.privatelendersdirectory.com/united-states/philadelphia/business-lending/alternative-business-capital,2026-09-30T03:47:17.242773+00:00,"Public directory listing; current phone ownership, email deliverability, private cash availability, $500K cash threshold, fulfillment financing eligibility and equity willingness have not been verified. Business funding sources for you to receive the capital you need. Funding made as simple and easy as A, B, C."
CF-94BD415B48F2,ALTERNATIVE FUNDING SOLUTIONS,,,,,https://www.alternativefundingsolutionsco.com/,SC,business_finance_provider,nonbank_status_unconfirmed,financing_fit_unverified,unverified,20,,,,,,,,PrivateLendersDirectory,https://www.privatelendersdirectory.com/united-states/columbia/business-lending/alternative-funding-solutions,2026-09-30T03:47:17.242773+00:00,"Public directory listing; current phone ownership, email deliverability, private cash availability, $500K cash threshold, fulfillment financing eligibility and equity willingness have not been verified. We provide unique funding options and funding advice for small to mid-size businesses."
CF-69E2EFED8A50,AMERICAN AGCREDIT,,,,,https://www.agloan.com,CA,business_finance_provider,nonbank_status_unconfirmed,financing_fit_unverified,unverified,20,,,,,,,,PrivateLendersDirectory,https://www.privatelendersdirectory.com/united-states/santa-rosa/business-lending/american-agcredit,2026-09-30T03:47:17.242773+00:00,"Public directory listing; current phone ownership, email deliverability, private cash availability, $500K cash threshold, fulfillment financing eligibility and equity willingness have not been verified. American AgCredit offers a broad range of financial solutions designed specifically for agriculture. Our financial and agricultural expertise has helped the customer."
CF-FF841B179534,AMERICAN WEALTH SOLUTIONS,,,,,https://www.awealthsolutions.com,MD,business_finance_provider,nonbank_status_unconfirmed,financing_fit_unverified,unverified,20,,,,,,,,PrivateLendersDirectory,https://www.privatelendersdirectory.com/united-states/glenarden/business-lending/american-wealth-solutions,2026-09-30T03:47:17.242773+00:00,"Public directory listing; current phone ownership, email deliverability, private cash availability, $500K cash threshold, fulfillment financing eligibility and equity willingness have not been verified. We provide bespoke financial solutions tailored to each unique investment, ensuring your venture is not just a dream, but a profitable reality"
CF-B833249519FF,AMSPIRIT BUSINESS CONNECTIONS,,,,,http://www.amspirit.com/,OH,business_finance_provider,nonbank_status_unconfirmed,financing_fit_unverified,unverified,20,,,,,,,,PrivateLendersDirectory,https://www.privatelendersdirectory.com/united-states/columbus/business-lending/amspirit-business-connections,2026-09-30T03:47:17.242773+00:00,"Public directory listing; current phone ownership, email deliverability, private cash availability, $500K cash threshold, fulfillment financing eligibility and equity willingness have not been verified. A no-nonsense networking organization that connects determined small businesses to reliable sources of quality referrals"
CF-0C43440290E1,AMWEST FUNDING CORP,,,help@amwestfunding.com,,https://amwestfunding.com/,CA,business_finance_provider,nonbank_status_unconfirmed,financing_fit_unverified,unverified,20,,,,,,https://amwestfunding.com/,,PrivateLendersDirectory,https://www.privatelendersdirectory.com/united-states/brea/business-lending/amwest-funding-corp,2026-09-30T03:47:17.242773+00:00,"Public directory listing; current phone ownership, email deliverability, private cash availability, $500K cash threshold, fulfillment financing eligibility and equity willingness have not been verified. AmWest Funding Corp offers financial and lending services.
Public directory listing. Lender/broker role, available cash, unsecured fulfillment eligibility and equity willingness need direct confirmation. Directory description: BREA, CA PRIVATE LENDER Focused on providing home loans responsibly throughout the communities we serve, our goal is to provide"
CF-9C8BA61367AA,ANGEL BUSINESS CAPITAL,,,,,https://www.angelbusinessinc.com/,NY,business_finance_provider,nonbank_status_unconfirmed,financing_fit_unverified,unverified,20,,,,,,,,PrivateLendersDirectory,https://www.privatelendersdirectory.com/united-states/melville/business-lending/angel-business-capital,2026-09-30T03:47:17.242773+00:00,"Public directory listing; current phone ownership, email deliverability, private cash availability, $500K cash threshold, fulfillment financing eligibility and equity willingness have not been verified. Our Angels provide reliably fast & efficient funding."
CF-A6E7987ECDC1,ANYTHING COMMERCIAL & BUSINESS FUNDING,,,,,https://www.anythingcommercial.com,NJ,business_finance_provider,nonbank_status_unconfirmed,financing_fit_unverified,unverified,20,,,,,,,,PrivateLendersDirectory,https://www.privatelendersdirectory.com/united-states/rochelle-park/business-lending/anything-commercial-business-funding,2026-09-30T03:47:17.242773+00:00,"Public directory listing; current phone ownership, email deliverability, private cash availability, $500K cash threshold, fulfillment financing eligibility and equity willingness have not been verified. We provide quick and simple quick funding solutions Nationwide"
CF-D200ACBFF3AC,APEX LENDING CONSULTANTS,,,,,https://www.apexlendingconsultants.com/,AZ,business_finance_provider,nonbank_status_unconfirmed,financing_fit_unverified,unverified,20,,,,,,,,PrivateLendersDirectory,https://www.privatelendersdirectory.com/united-states/phoenix/business-lending/apex-lending-consultants,2026-09-30T03:47:17.242773+00:00,"Public directory listing; current phone ownership, email deliverability, private cash availability, $500K cash threshold, fulfillment financing eligibility and equity willingness have not been verified. Apex Lending Consultants offers a one stop business financing experience to meet your business funding needs"
CF-42249BB57839,APTUS PARTNERS,,,,,https://www.aptuscapital.com/,AL,business_finance_provider,nonbank_status_unconfirmed,financing_fit_unverified,unverified,20,,,,,,,,PrivateLendersDirectory,https://www.privatelendersdirectory.com/united-states/birmingham/business-lending/aptus-partners,2026-09-30T03:47:17.242773+00:00,"Public directory listing; current phone ownership, email deliverability, private cash availability, $500K cash threshold, fulfillment financing eligibility and equity willingness have not been verified. Aptus Partners was an equity long/short hedge fund managed by Aptus Capital Advisors. The fund was based in Fairhope, Alabama."
CF-7D553FB11DA2,ARACELI VILLANUEVA,,,,,https://aracelivillanuevapa.com/,FL,business_finance_provider,financing_broker_or_intermediary,financing_fit_unverified,unverified,20,,,,,,,,PrivateLendersDirectory,https://www.privatelendersdirectory.com/united-states/miami/business-lending/araceli-villanueva,2026-09-30T03:47:17.242773+00:00,"Public directory listing; current phone ownership, email deliverability, private cash availability, $500K cash threshold, fulfillment financing eligibility and equity willingness have not been verified. Real Estate Broker. Boutique style real estate where we do market and financial analysis, searching, finding and negotiating the property our clients."
CF-6240DCF76CA0,ARCHER BUSINESS CAPITAL.,,,,,http://www.archer-capital.com/,CO,business_finance_provider,nonbank_status_unconfirmed,operations_finance_candidate_unverified,unverified,20,,,,,,,,PrivateLendersDirectory,https://www.privatelendersdirectory.com/united-states/denver/business-lending/archer-business-capital,2026-09-30T03:47:17.242773+00:00,"Public directory listing; current phone ownership, email deliverability, private cash availability, $500K cash threshold, fulfillment financing eligibility and equity willingness have not been verified. Archer Capital is a nationwide leader in the equipment financing and working capital industry."
CF-9ADD168BC645,ARIELLE LOREN AGENCY,,,,,https://arielleloren.com/,FL,business_finance_provider,nonbank_status_unconfirmed,financing_fit_unverified,unverified,20,,,,,,,,PrivateLendersDirectory,https://www.privatelendersdirectory.com/united-states/miami/business-lending/arielle-loren-agency,2026-09-30T03:47:17.242773+00:00,"Public directory listing; current phone ownership, email deliverability, private cash availability, $500K cash threshold, fulfillment financing eligibility and equity willingness have not been verified. Arielle Loren is a renowned business strategist, funding expert, and the founder of Arielle Loren Agency."
CF-3E407841B853,ARKAD BUSINESS SOLUTIONS,,,,1-404-889-6617,https://arkadbizsolutions.com/,GA,business_finance_provider,nonbank_status_unconfirmed,financing_fit_unverified,unverified,20,,,,,,,https://arkadbizsolutions.com/,PrivateLendersDirectory,https://www.privatelendersdirectory.com/united-states/atlanta/business-lending/arkad-business-solutions,2026-09-30T03:47:17.242773+00:00,"Public directory listing; current phone ownership, email deliverability, private cash availability, $500K cash threshold, fulfillment financing eligibility and equity willingness have not been verified. Arkad Business Solutions seeks to provide with a suite of services and solutions at a cost-efficient price to businesses to help them."
CF-471E2A5ED6EA,ARKANSAS CAPITAL CORPORATION,,,,,https://arcapital.com/,AR,business_finance_provider,nonbank_status_unconfirmed,financing_fit_unverified,unverified,20,,,,,,,,PrivateLendersDirectory,https://www.privatelendersdirectory.com/united-states/little-rock/business-lending/arkansas-capital-corporation,2026-09-30T03:47:17.242773+00:00,"Public directory listing; current phone ownership, email deliverability, private cash availability, $500K cash threshold, fulfillment financing eligibility and equity willingness have not been verified. Arkansas Capital is a community development finance company (CDFI) committed to revitalizing communities in Arkansas and beyond."
CF-9806BDC82301,ASAP ALTERNATIVE LENDING,,,,,https://www.asapalternativelending.com,OK,business_finance_provider,nonbank_status_unconfirmed,financing_fit_unverified,unverified,20,,,,,,,,PrivateLendersDirectory,https://www.privatelendersdirectory.com/united-states/oklahoma-city/business-lending/asap-alternative-lending,2026-09-30T03:47:17.242773+00:00,"Public directory listing; current phone ownership, email deliverability, private cash availability, $500K cash threshold, fulfillment financing eligibility and equity willingness have not been verified. ASAP Alternative Lending offers a one stop business financing experience to meet your business funding needs."
CF-23FD7165C484,ASCENSION FUNDING GROUP,,,,1-859-797-2499,https://ascensionfunding.com/,KY,business_finance_provider,nonbank_status_unconfirmed,operations_finance_candidate_unverified,unverified,20,,,,,,,https://ascensionfunding.com/,PrivateLendersDirectory,https://www.privatelendersdirectory.com/united-states/lexington/business-lending/ascension-funding-group,2026-09-30T03:47:17.242773+00:00,"Public directory listing; current phone ownership, email deliverability, private cash availability, $500K cash threshold, fulfillment financing eligibility and equity willingness have not been verified. We are a boutique private lending firm and brokerage, offering real estate investment loans, commercial loans, working capital loans, equipment financing"
CF-B23EB6DDB365,ASHTREE CAPITAL,,,,,https://ashtreecapital.co/,CA,business_finance_provider,nonbank_status_unconfirmed,financing_fit_unverified,unverified,20,,,,,,,,PrivateLendersDirectory,https://www.privatelendersdirectory.com/united-states/beverly-hills/business-lending/ashtree-capital,2026-09-30T03:47:17.242773+00:00,"Public directory listing; current phone ownership, email deliverability, private cash availability, $500K cash threshold, fulfillment financing eligibility and equity willingness have not been verified. We focus on curating strategic partnerships, capital sourcing and funding, and investments with a competitive and opportunistic outlook."
CF-20574C80D812,ASPIRE CAPITAL FUNDING,,,,,https://aspirecapitalfunding.com/,MA,business_finance_provider,nonbank_status_unconfirmed,financing_fit_unverified,unverified,20,,,,,,,,PrivateLendersDirectory,https://www.privatelendersdirectory.com/united-states/brockton/business-lending/aspire-capital-funding,2026-09-30T03:47:17.242773+00:00,"Public directory listing; current phone ownership, email deliverability, private cash availability, $500K cash threshold, fulfillment financing eligibility and equity willingness have not been verified. Flexible Solutions to Fund Your Business Goals"
CF-11726FA20293,ASTRO LENDING SOLUTIONS,,,,,http://www.astrolendingsolutions.com/,GA,business_finance_provider,nonbank_status_unconfirmed,financing_fit_unverified,unverified,20,,,,,,,,PrivateLendersDirectory,https://www.privatelendersdirectory.com/united-states/atlanta/business-lending/astro-lending-solutions,2026-09-30T03:47:17.242773+00:00,"Public directory listing; current phone ownership, email deliverability, private cash availability, $500K cash threshold, fulfillment financing eligibility and equity willingness have not been verified. We offer options to cover a wide range of industries for many different uses."
CF-C2F7EB8AA5A8,ATLAS ALTERNATIVE FINANCE,,,info@atlasalternativefinance.com,,https://www.atlasalternativefinance.com/,IA,business_finance_provider,nonbank_status_unconfirmed,financing_fit_unverified,unverified,20,,,,,,https://www.atlasalternativefinance.com/,,PrivateLendersDirectory,https://www.privatelendersdirectory.com/united-states/des-moines/business-lending/atlas-alternative-finance,2026-09-30T03:47:17.242773+00:00,"Public directory listing; current phone ownership, email deliverability, private cash availability, $500K cash threshold, fulfillment financing eligibility and equity willingness have not been verified. BUSINESS LENDERAtlas Alternative Finance was founded to provide creative out of the box financing solutions for your business."
CF-8D9D752023E2,AVID LENDING PARTNERS,,,,,https://www.avidlendingpartners.com,MN,business_finance_provider,nonbank_status_unconfirmed,financing_fit_unverified,unverified,20,,,,,,,,PrivateLendersDirectory,https://www.privatelendersdirectory.com/united-states/minneapolis/business-lending/avid-lending-partners,2026-09-30T03:47:17.242773+00:00,"Public directory listing; current phone ownership, email deliverability, private cash availability, $500K cash threshold, fulfillment financing eligibility and equity willingness have not been verified. Avid Lending Partners offers a one stop business financing experience to meet your business funding needs"
CF-9274E4EB7BB8,AXS CAPITAL INC,,,,,http://axscapitalfunding.com/,CA,business_finance_provider,nonbank_status_unconfirmed,financing_fit_unverified,unverified,20,,,,,,,,PrivateLendersDirectory,https://www.privatelendersdirectory.com/united-states/norco/business-lending/axs-capital-inc,2026-09-30T03:47:17.242773+00:00,"Public directory listing; current phone ownership, email deliverability, private cash availability, $500K cash threshold, fulfillment financing eligibility and equity willingness have not been verified. We provide businesses with the tools to start and grow as entrepreneurs"
CF-4B1EEDB8233E,B AND B FINANCIAL SOLUTIONS,,,,,https://www.bandbfinancialsolutions.com,NC,business_finance_provider,nonbank_status_unconfirmed,financing_fit_unverified,unverified,20,,,,,,,,PrivateLendersDirectory,https://www.privatelendersdirectory.com/united-states/durham/business-lending/b-and-b-financial-solutions,2026-09-30T03:47:17.242773+00:00,"Public directory listing; current phone ownership, email deliverability, private cash availability, $500K cash threshold, fulfillment financing eligibility and equity willingness have not been verified. We provide business funding up to 25 million, and we build business credit with a guarantee"
CF-C4C8EA1B0113,B2B INVESTMENT LENDERS,,,,,https://www.b2binvestmentlenders.com/,CA,business_finance_provider,nonbank_status_unconfirmed,financing_fit_unverified,unverified,20,,,,,,,,PrivateLendersDirectory,https://www.privatelendersdirectory.com/united-states/irvine/business-lending/b2b-investment-lenders,2026-09-30T03:47:17.242773+00:00,"Public directory listing; current phone ownership, email deliverability, private cash availability, $500K cash threshold, fulfillment financing eligibility and equity willingness have not been verified. Unlike traditional lenders, we approve small business loans by looking at real-life data, not just a credit score."
CF-94D0AC135252,BACKD BUSINESS FUNDING,,,,1-737-256-7458,https://www.backd.com/,TX,business_finance_provider,nonbank_status_unconfirmed,financing_fit_unverified,unverified,20,,,,,,,https://www.backd.com/contact-us/,PrivateLendersDirectory,https://www.privatelendersdirectory.com/united-states/georgetown/business-lending/backd-business-funding,2026-09-30T03:47:17.242773+00:00,"Public directory listing; current phone ownership, email deliverability, private cash availability, $500K cash threshold, fulfillment financing eligibility and equity willingness have not been verified. Backd provides businesses across the U.S. fast and easy financing solutions that traditional financial institutions cannot offer."
CF-55136944D6B3,BankSouth Mortgage,,,,,https://banksouthmortgage.com/,GA,business_finance_provider,nonbank_status_unconfirmed,financing_fit_unverified,unverified,20,,,,,,,,PrivateLendersDirectory,https://www.privatelendersdirectory.com/united-states/atlanta/business-lending/banksouth-mortgage,2026-09-30T03:47:17.242773+00:00,"Public directory listing; current phone ownership, email deliverability, private cash availability, $500K cash threshold, fulfillment financing eligibility and equity willingness have not been verified. BankSouth Mortgage is a financial services company that provides mortgage, home loan, and renovation services."
CF-6078EC7D5564,BARRINGTON CAPITAL,,,info@barington.com,,https://barington.com/,NY,business_finance_provider,nonbank_status_unconfirmed,operations_finance_candidate_unverified,unverified,20,,,,,,https://www.barington.com/contact,,PrivateLendersDirectory,https://www.privatelendersdirectory.com/united-states/new-york/business-lending/barrington-capital,2026-09-30T03:47:17.242773+00:00,"Public directory listing; current phone ownership, email deliverability, private cash availability, $500K cash threshold, fulfillment financing eligibility and equity willingness have not been verified. We specialize in securing capital in commercial real estate, unsecured business loans, equipment financing, and unique equity financing."
CF-7691819B379D,BASS BUSINESS CAPITAL,,,,1-513-885-2017,https://bassbusinesscapital.com/,TX,business_finance_provider,nonbank_status_unconfirmed,financing_fit_unverified,unverified,20,,,,,,,https://bassbusinesscapital.com/,PrivateLendersDirectory,https://www.privatelendersdirectory.com/united-states/dallas/business-lending/bass-business-capital,2026-09-30T03:47:17.242773+00:00,"Public directory listing; current phone ownership, email deliverability, private cash availability, $500K cash threshold, fulfillment financing eligibility and equity willingness have not been verified. With a proven track record in business consulting, financing, and financial consulting, We bring a unique perspective to the world of business loan brokering."
CF-34F1F11942CC,BCS FINANCIAL CORPORATION,,,,,http://bcsf.com,IL,business_finance_provider,nonbank_status_unconfirmed,financing_fit_unverified,unverified,20,,,,,,,,PrivateLendersDirectory,https://www.privatelendersdirectory.com/united-states/oakbrook-terrace/business-lending/bcs-financial-corporation,2026-09-30T03:47:17.242773+00:00,"Public directory listing; current phone ownership, email deliverability, private cash availability, $500K cash threshold, fulfillment financing eligibility and equity willingness have not been verified. BCS Financial Corporation has 75 years of experience providing a wide range of insurance and financial solutions for Blue Cross and Blue Shield organizations."
CF-D982C2D0C4E4,BDB CAPITAL,,,,,https://www.liquidcapitalcorp.com,CO,business_finance_provider,nonbank_status_unconfirmed,financing_fit_unverified,unverified,20,,,,,,,,PrivateLendersDirectory,https://www.privatelendersdirectory.com/united-states/longmont/business-lending/bdb-capital,2026-09-30T03:47:17.242773+00:00,"Public directory listing; current phone ownership, email deliverability, private cash availability, $500K cash threshold, fulfillment financing eligibility and equity willingness have not been verified. Liquid Capital is an established international network of finance professionals, who specialize in providing clients with innovative solutions for business growth.
Public directory listing; current phone ownership, email deliverability, private cash availability, $500K cash threshold, fulfillment financing eligibility and equity willingness have not been verified. Liquid Capital offers a variety of short term financing services in the US and Canada"
CF-D6602C01C856,BENA CAPITAL,,,investments@bena-capital.com,,https://bena-capital.com/,CA,business_finance_provider,nonbank_status_unconfirmed,financing_fit_unverified,unverified,20,,,,,,https://bena-capital.com/contact,,PrivateLendersDirectory,https://www.privatelendersdirectory.com/united-states/san-ramon/business-lending/bena-capital,2026-09-30T03:47:17.242773+00:00,"Public directory listing; current phone ownership, email deliverability, private cash availability, $500K cash threshold, fulfillment financing eligibility and equity willingness have not been verified. BENA Capital is a private equity investment firm focused on real estate.  Investments are 100% equity based and do not utilize any interest-bearing debt."
CF-966FF20DA19B,BENETRENDS,,,,1-267-219-5335,https://www.benetrends.com,PA,business_finance_provider,nonbank_status_unconfirmed,financing_fit_unverified,unverified,20,,,,,,,https://www.benetrends.com/,PrivateLendersDirectory,https://www.privatelendersdirectory.com/united-states/lansdale/business-lending/benetrends,2026-09-30T03:47:17.242773+00:00,"Public directory listing; current phone ownership, email deliverability, private cash availability, $500K cash threshold, fulfillment financing eligibility and equity willingness have not been verified. Benetrends Financial offers a full suite of small business funding options to help entrepreneurs get the funding they need for their franchise or small business startup."
CF-33A51F71AC7D,BENNINGTON FINANCIAL SERVICES,,,,,https://www.benningtonfinancial.com/,OH,business_finance_provider,nonbank_status_unconfirmed,financing_fit_unverified,unverified,20,,,,,,,,PrivateLendersDirectory,https://www.privatelendersdirectory.com/united-states/akron/business-lending/bennington-financial-services,2026-09-30T03:47:17.242773+00:00,"Public directory listing; current phone ownership, email deliverability, private cash availability, $500K cash threshold, fulfillment financing eligibility and equity willingness have not been verified. Since 1995- provider of corporate financial services targeting low to middle market companies."
CF-D1CB7C18B3DC,BERKSHIRE BUSINESS FUNDING GROUP,,,,,https://berkshirebusinessfundinggroup.com/,MA,business_finance_provider,nonbank_status_unconfirmed,financing_fit_unverified,unverified,20,,,,,,,,PrivateLendersDirectory,https://www.privatelendersdirectory.com/united-states/tyringham/business-lending/berkshire-business-funding-group,2026-09-30T03:47:17.242773+00:00,"Public directory listing; current phone ownership, email deliverability, private cash availability, $500K cash threshold, fulfillment financing eligibility and equity willingness have not been verified. Find funding for businesses in New England and the surrounding areas"
CF-32925A5A8913,BEST BUSINESS LOANS,,,,,https://bestbusinessloans.com,NY,business_finance_provider,nonbank_status_unconfirmed,financing_fit_unverified,unverified,20,,,,,,,,PrivateLendersDirectory,https://www.privatelendersdirectory.com/united-states/new-york/business-lending/best-business-loans,2026-09-30T03:47:17.242773+00:00,"Public directory listing; current phone ownership, email deliverability, private cash availability, $500K cash threshold, fulfillment financing eligibility and equity willingness have not been verified. Business Loans | Business Funding | Business Cash Advance | MCA"
CF-5A21BAB3AAD9,BETTER BUSINESS CAPITAL,,,,,https://betterbusinesscapital.com/,CA,business_finance_provider,nonbank_status_unconfirmed,financing_fit_unverified,unverified,20,,,,,,,,PrivateLendersDirectory,https://www.privatelendersdirectory.com/united-states/san-jose/business-lending/better-business-capital,2026-09-30T03:47:17.242773+00:00,"Public directory listing; current phone ownership, email deliverability, private cash availability, $500K cash threshold, fulfillment financing eligibility and equity willingness have not been verified. We provide business loans, business brokerage, unique franchise development, proprietary business exit strategies, leveraged tax-free retirement and more."
CF-74B18E81A1AF,BEVO COASTAL INVESTMENTS,,,,,https://bevoci.com/,FL,business_finance_provider,nonbank_status_unconfirmed,financing_fit_unverified,unverified,20,,,,,,,,PrivateLendersDirectory,https://www.privatelendersdirectory.com/united-states/st-petersburg/business-lending/bevo-coastal-investments-10419,2026-09-30T03:47:17.242773+00:00,"Public directory listing; current phone ownership, email deliverability, private cash availability, $500K cash threshold, fulfillment financing eligibility and equity willingness have not been verified. Bevo Coastal Investments provides fast, flexible funding to empower small and medium-sized businesses."
CF-486E6C3AF7A5,BFA BUSINESS CAPITAL,,,,1-888-306-6720,http://bfa.business,NY,business_finance_provider,nonbank_status_unconfirmed,financing_fit_unverified,unverified,20,,,,,,,https://bfa.business/,PrivateLendersDirectory,https://www.privatelendersdirectory.com/united-states/brooklyn/business-lending/bfa-business-capital,2026-09-30T03:47:17.242773+00:00,"Public directory listing; current phone ownership, email deliverability, private cash availability, $500K cash threshold, fulfillment financing eligibility and equity willingness have not been verified. We help you achieve the funding you need to build your business so that it can flourish and ascend to new heights."
CF-9824E7AB229C,BHS BUSINESS FUNDING,,,,,https://www.bhsbusinessfunding.com,GA,business_finance_provider,nonbank_status_unconfirmed,financing_fit_unverified,unverified,20,,,,,,,,PrivateLendersDirectory,https://www.privatelendersdirectory.com/united-states/conyers/business-lending/bhs-business-funding,2026-09-30T03:47:17.242773+00:00,"Public directory listing; current phone ownership, email deliverability, private cash availability, $500K cash threshold, fulfillment financing eligibility and equity willingness have not been verified. BHS Business Funding offers alternative small business financing solutions for small business proprietors."
CF-8D8780C19122,BIZ FUNDING FINDER,,,,1-800-880-1731,https://bizfundingfinder.com/,DE,business_finance_provider,nonbank_status_unconfirmed,operations_finance_candidate_unverified,unverified,20,,,,,,,https://bizfundingfinder.com/,PrivateLendersDirectory,https://www.privatelendersdirectory.com/united-states/dover/business-lending/biz-funding-finder,2026-09-30T03:47:17.242773+00:00,"Public directory listing; current phone ownership, email deliverability, private cash availability, $500K cash threshold, fulfillment financing eligibility and equity willingness have not been verified. Bizfundingfinder (BFF) is an online platform that matches small business owners seeking working capital with hundreds of funding programs."
CF-332C490A0F22,BIZ LENDING CAPITAL,,,,,https://www.bizlendingcapital.com,OH,business_finance_provider,nonbank_status_unconfirmed,financing_fit_unverified,unverified,20,,,,,,,,PrivateLendersDirectory,https://www.privatelendersdirectory.com/united-states/columbus/business-lending/biz-lending-capital,2026-09-30T03:47:17.242773+00:00,"Public directory listing; current phone ownership, email deliverability, private cash availability, $500K cash threshold, fulfillment financing eligibility and equity willingness have not been verified. Business Lending Capital offers a one stop business financing experience to meet your business funding needs."
CF-8CAD7FE52EC3,BIZLOANFUNDING.COM,,,,,https://www.bizloanfunding.com/,OH,business_finance_provider,nonbank_status_unconfirmed,financing_fit_unverified,unverified,20,,,,,,,,PrivateLendersDirectory,https://www.privatelendersdirectory.com/united-states/youngstown/business-lending/bizloanfunding-com,2026-09-30T03:47:17.242773+00:00,"Public directory listing; current phone ownership, email deliverability, private cash availability, $500K cash threshold, fulfillment financing eligibility and equity willingness have not been verified. BizLoanFunding.com is a company that provides financing for businesses."
CF-5E1E9EB01248,BIZZCRED,,,info@bizzcred.com,,https://bizzcred.com/,NC,business_finance_provider,nonbank_status_unconfirmed,financing_fit_unverified,unverified,20,,,,,,https://bizzcred.com/,,PrivateLendersDirectory,https://www.privatelendersdirectory.com/united-states/raleigh/business-lending/bizzcred,2026-09-30T03:47:17.242773+00:00,"Public directory listing; current phone ownership, email deliverability, private cash availability, $500K cash threshold, fulfillment financing eligibility and equity willingness have not been verified. We help you find the perfect business financing solution to fit your immediate, and create a plan to get better funding for your future."
CF-A363008D7221,BLACKRIVER BUSINESS CAPITAL,,,,,https://www.blackriverbc.com/,TX,business_finance_provider,nonbank_status_unconfirmed,financing_fit_unverified,unverified,20,,,,,,,,PrivateLendersDirectory,https://www.privatelendersdirectory.com/united-states/austin/business-lending/blackriver-business-capital,2026-09-30T03:47:17.242773+00:00,"Public directory listing; current phone ownership, email deliverability, private cash availability, $500K cash threshold, fulfillment financing eligibility and equity willingness have not been verified. We provide creative equipment finance solutions for less established businesses, business owners with credit challenges, and specialized industries/equipment."
CF-6D8560509FB0,BLOX CAPITAL,,,,,https://bloxcapital.co/,TX,business_finance_provider,nonbank_status_unconfirmed,financing_fit_unverified,unverified,20,,,,,,,,PrivateLendersDirectory,https://www.privatelendersdirectory.com/united-states/houston/business-lending/blox-capital,2026-09-30T03:47:17.242773+00:00,"Public directory listing; current phone ownership, email deliverability, private cash availability, $500K cash threshold, fulfillment financing eligibility and equity willingness have not been verified. At Blox Capital, we specialize in helping businesses of all sizes access the funding they need to thrive."
CF-0D35D9436106,BLUE MESA PARTNERS,,,,,https://bluemesapartners.com/,CA,business_finance_provider,nonbank_status_unconfirmed,financing_fit_unverified,unverified,20,,,,,,,,PrivateLendersDirectory,https://www.privatelendersdirectory.com/united-states/san-francisco/business-lending/blue-mesa-partners,2026-09-30T03:47:17.242773+00:00,"Public directory listing; current phone ownership, email deliverability, private cash availability, $500K cash threshold, fulfillment financing eligibility and equity willingness have not been verified. Founded in 1996, Blue Mesa Partners is a venture capital investment firm based in San Francisco, California."
CF-40134AB5E1F4,BLUE WHALE FUNDING,,,,,https://www.bluewhalefunding.com/,MD,business_finance_provider,nonbank_status_unconfirmed,financing_fit_unverified,unverified,20,,,,,,,,PrivateLendersDirectory,https://www.privatelendersdirectory.com/united-states/baltimore/business-lending/blue-whale-funding,2026-09-30T03:47:17.242773+00:00,"Public directory listing; current phone ownership, email deliverability, private cash availability, $500K cash threshold, fulfillment financing eligibility and equity willingness have not been verified. Blue Whale Funding provides financial services, specializing in merchant cash advances for small businesses."
CF-03E83C3BB1D7,BLUEPRINT ADVOCATE,,,,,https://www.blueprintadvocate.com,WY,business_finance_provider,nonbank_status_unconfirmed,financing_fit_unverified,unverified,20,,,,,,,,PrivateLendersDirectory,https://www.privatelendersdirectory.com/united-states/casper/business-lending/blueprint-advocate,2026-09-30T03:47:17.242773+00:00,"Public directory listing; current phone ownership, email deliverability, private cash availability, $500K cash threshold, fulfillment financing eligibility and equity willingness have not been verified. Our mission is to promote financial literacy and level the playing field for individuals who were not taught these important skills."
CF-C723CCD1E1A6,BLUEVINE,,,,1-888-216-9619,http://www.bluevine.com,NJ,business_finance_provider,nonbank_status_unconfirmed,financing_fit_unverified,unverified,20,,,,,,,https://www.bluevine.com/,PrivateLendersDirectory,https://www.privatelendersdirectory.com/united-states/jersey-city/business-lending/bluevine,2026-09-30T03:47:17.242773+00:00,"Public directory listing; current phone ownership, email deliverability, private cash availability, $500K cash threshold, fulfillment financing eligibility and equity willingness have not been verified. Bluevine is the banking platform that serves as the financial operating system for startups and small businesses."
CF-EC694260F9DE,BLVD CONSULTING,,,,,https://www.blvdconsulting.net/,NV,business_finance_provider,nonbank_status_unconfirmed,financing_fit_unverified,unverified,20,,,,,,,,PrivateLendersDirectory,https://www.privatelendersdirectory.com/united-states/las-vegas/business-lending/blvd-consulting,2026-09-30T03:47:17.242773+00:00,"Public directory listing; current phone ownership, email deliverability, private cash availability, $500K cash threshold, fulfillment financing eligibility and equity willingness have not been verified. SBA loans are best for strong credit borrowers who have been operating for 2 years and are willing to work on the long application process."
CF-83D4A1D78396,BMO FINANCIALS SMALL BUSINESS FUNDING,,,,,http://www.bmofinancials.com,GA,business_finance_provider,nonbank_status_unconfirmed,financing_fit_unverified,unverified,20,,,,,,,,PrivateLendersDirectory,https://www.privatelendersdirectory.com/united-states/atlanta/business-lending/bmo-financials-small-business-funding,2026-09-30T03:47:17.242773+00:00,"Public directory listing; current phone ownership, email deliverability, private cash availability, $500K cash threshold, fulfillment financing eligibility and equity willingness have not been verified. Small business lender helping entrepreneurs secure from $1,500 to $10 million in funding to start their businesses."
CF-07166B7166EF,BOK FINANCIAL,,,,1-844-517-3308,https://www.bokfinancial.com/,AZ,business_finance_provider,nonbank_status_unconfirmed,financing_fit_unverified,unverified,20,,,,,,,https://www.bokfinancial.com/,PrivateLendersDirectory,https://www.privatelendersdirectory.com/united-states/phoenix/business-lending/bok-financial,2026-09-30T03:47:17.242773+00:00,"Public directory listing; current phone ownership, email deliverability, private cash availability, $500K cash threshold, fulfillment financing eligibility and equity willingness have not been verified. BOK Financial Corporation is a $50 billion regional financial services company headquartered in Tulsa, Oklahoma."
CF-D5419A631AD2,BOUNDLESS REALM,,,,,https://www.boundlessrealm.com,DE,business_finance_provider,nonbank_status_unconfirmed,financing_fit_unverified,unverified,20,,,,,,,,PrivateLendersDirectory,https://www.privatelendersdirectory.com/united-states/milford/business-lending/boundless-realm,2026-09-30T03:47:17.242773+00:00,"Public directory listing; current phone ownership, email deliverability, private cash availability, $500K cash threshold, fulfillment financing eligibility and equity willingness have not been verified. Serving Our Country and Your Business ?? | Equipment Financing | Real Estate Financing | Start-Up Funding | & More"
CF-1360D26A783D,BRANDT POINT HOLDINGS,,,,,https://www.brandtpointholdings.com,CO,business_finance_provider,nonbank_status_unconfirmed,financing_fit_unverified,unverified,20,,,,,,,,PrivateLendersDirectory,https://www.privatelendersdirectory.com/united-states/denver/business-lending/brandt-point-holdings,2026-09-30T03:47:17.242773+00:00,"Public directory listing; current phone ownership, email deliverability, private cash availability, $500K cash threshold, fulfillment financing eligibility and equity willingness have not been verified. Brandt Point Holdings isn't just an investment firm; it's a legacy curator, a catalyst for growth, and a guardian of enduring success."
CF-75A8B8B6E1E7,BRIDGE CAPITAL EAST,,,,,https://www.bridgecapitaleast.com,NY,business_finance_provider,nonbank_status_unconfirmed,financing_fit_unverified,unverified,20,,,,,,,,PrivateLendersDirectory,https://www.privatelendersdirectory.com/united-states/new-york/business-lending/bridge-capital-east,2026-09-30T03:47:17.242773+00:00,"Public directory listing; current phone ownership, email deliverability, private cash availability, $500K cash threshold, fulfillment financing eligibility and equity willingness have not been verified. Bridge Capital East provides an array of loans and funding options to help companies receive the money they need when they need it."
CF-A5AFB4086A16,BRIGHT INVESTMENTS GROUP,,,,1-405-845-9358,https://www.brightinvestmentsgroup.com,OK,business_finance_provider,nonbank_status_unconfirmed,financing_fit_unverified,unverified,20,,,,,,,https://www.brightinvestmentsgroup.com/,PrivateLendersDirectory,https://www.privatelendersdirectory.com/united-states/oklahoma-city/business-lending/bright-investments-group,2026-09-30T03:47:17.242773+00:00,"Public directory listing; current phone ownership, email deliverability, private cash availability, $500K cash threshold, fulfillment financing eligibility and equity willingness have not been verified. We are in developing and implementing tailored financial solutions for clients seeking business loans, equipment financing, term loans & small business financing."
CF-8257F7B6FF93,Brightview Commercial Capital,,,,1-804-715-0114,https://brightviewcommercialcapital.com/,,business_finance,mandate_and_direct_funding_status_unconfirmed,business_finance_mandate_unconfirmed,unverified,20,,,,,,,https://brightviewcommercialcapital.com/contact/,NPLA public private lending directory,https://nplaconference.com/private-lending-directory/page/3/,2026-09-30,"Home - Brightview Commercial Capital Business Loans & Finance Solutions in Richmond, VA Menu Close Home Financial Options Equipment Financing SBA Financing Residential Real Estate Financing Commercial Real Estate Financing Factoring Financing Referral Program Contact Brightview Commercial Capital Business Loans & Finance Solutions in Richmond, VA Home Financial Options Equipment Financing SBA Financing Residential Real Estate Financing Commercial Real Estate Financing Factoring Financing Referral Program Contact Home Flexible Financing, Smarter Growth At Brightview Commercial Capital, we connect businesses with industry-leading funding solutions tailored to their unique needs. Whether you’re buying real estate, acquiring equipment, expanding operations, or optimizing cash flow, our expert network ensures you get the right capital—fast and hassle-free. Partner with us and power your business forward. Explore Financial Options Financial Solutions Equipment Financing Get the tools and machinery your business needs with flexible financing options. SBA Financing Secure low-interest loans backed by the Small Business Administration to fuel your growth. Residential Real Estate Financing Invest in residential properties with customized loan options. Commercial Real Estate Financing Finance or refinance commercial properties with competitive terms. Factoring Financing Secure low-interest loans backed by the Small Business Administration to fuel your growth. LEARN MORE Referral Program Join our referral program and earn commissions when you refer businesses to Brightview Commercial Capital. Our trusted network ensures fast approvals and great funding options for your referrals. Steps to Join: Sign Up – Join our referral network Refer a Business – Connect businesses with us Earn R
Collateral assessment: unknown"
CF-03A38CD20895,BRYCE CATALYST,,,,,https://www.brycecatalyst.com/,CO,business_finance_provider,nonbank_status_unconfirmed,financing_fit_unverified,unverified,20,,,,,,,,PrivateLendersDirectory,https://www.privatelendersdirectory.com/united-states/denver/business-lending/bryce-catalyst,2026-09-30T03:47:17.242773+00:00,"Public directory listing; current phone ownership, email deliverability, private cash availability, $500K cash threshold, fulfillment financing eligibility and equity willingness have not been verified. We are a unique investment company with a focus on high growth sectors in Cyber Security, Legal Technology, and Regulation Technology."
CF-E83EEC9F3DFC,BTS CONSULTANT GROUP,,,,,https://www.btsconsultantgroup.com,CO,business_finance_provider,nonbank_status_unconfirmed,financing_fit_unverified,unverified,20,,,,,,,,PrivateLendersDirectory,https://www.privatelendersdirectory.com/united-states/thornton/business-lending/bts-consultant-group,2026-09-30T03:47:17.242773+00:00,"Public directory listing; current phone ownership, email deliverability, private cash availability, $500K cash threshold, fulfillment financing eligibility and equity willingness have not been verified. A one stop business financing experience to meet your business funding needs. We offer options to cover a wide range of industries for many different uses"
CF-116D9BE39433,BUSINESS CAPITAL ALTERNATIVES,,,,,https://www.buzcapalt.com,TN,business_finance_provider,nonbank_status_unconfirmed,financing_fit_unverified,unverified,20,,,,,,,,PrivateLendersDirectory,https://www.privatelendersdirectory.com/united-states/nashville/business-lending/business-capital-alternatives,2026-09-30T03:47:17.242773+00:00,"Public directory listing; current phone ownership, email deliverability, private cash availability, $500K cash threshold, fulfillment financing eligibility and equity willingness have not been verified. Alternative Business Capital is a private consulting firm that offers customized and unique Strategy & Investment Advisory to the local companies"
CF-D080B1FC07C0,BUSINESS CAPITAL LENDING SOLUTIONS,,,,,https://www.businesscapitallendingsolutions.com,CA,business_finance_provider,nonbank_status_unconfirmed,operations_finance_candidate_unverified,unverified,20,,,,,,,,PrivateLendersDirectory,https://www.privatelendersdirectory.com/united-states/redlands/business-lending/business-capital-lending-solutions,2026-09-30T03:47:17.242773+00:00,"Public directory listing; current phone ownership, email deliverability, private cash availability, $500K cash threshold, fulfillment financing eligibility and equity willingness have not been verified. Small Business Loans Simple. Fast. Convenient. With a small business loan, you will receive a lump sum of working capital to use for your business."
CF-AE7E2B5767A5,BUSINESS CAPITAL SOLUTIONS,,,,,http://www.joinbcs.com/,NY,business_finance_provider,nonbank_status_unconfirmed,operations_finance_candidate_unverified,unverified,20,,,,,,,,PrivateLendersDirectory,https://www.privatelendersdirectory.com/united-states/new-york/business-lending/business-capital-solutions,2026-09-30T03:47:17.242773+00:00,"Public directory listing; current phone ownership, email deliverability, private cash availability, $500K cash threshold, fulfillment financing eligibility and equity willingness have not been verified. Business Capital Solutions LLC is the leading provider for your business’s working capital needs."
CF-DFADA6C279B6,BUSINESS CASH ADVANCE GURU,,,,,https://www.businesscashadvanceguru.com,FL,business_finance_provider,nonbank_status_unconfirmed,financing_fit_unverified,unverified,20,,,,,,,,PrivateLendersDirectory,https://www.privatelendersdirectory.com/united-states/tampa/business-lending/business-cash-advance-guru,2026-09-30T03:47:17.242773+00:00,"Public directory listing; current phone ownership, email deliverability, private cash availability, $500K cash threshold, fulfillment financing eligibility and equity willingness have not been verified. Business cash advance GURU is a leading cash advance consulting company that offers business cash advance loans, merchant cash advance to all business types"
CF-C918C61049AC,BUSINESS CREDIT AMERICA INC,,,,1-888-883-3013,https://www.houstonmcmiller.net,CA,business_finance_provider,nonbank_status_unconfirmed,financing_fit_unverified,unverified,20,,,,,,,https://houstonmcmiller.net/,PrivateLendersDirectory,https://www.privatelendersdirectory.com/united-states/beverly-hills/business-lending/business-credit-america-inc,2026-09-30T03:47:17.242773+00:00,"Public directory listing; current phone ownership, email deliverability, private cash availability, $500K cash threshold, fulfillment financing eligibility and equity willingness have not been verified. Helping Small Business Owner and Entrepreneur Secure Business Credit Cards and Business Funding Thru Our Business Credit Building System."
CF-69ED88628840,BUSINESS FINANCE NETWORK,,,,,https://www.bizfinancenetwork.com,NJ,business_finance_provider,nonbank_status_unconfirmed,financing_fit_unverified,unverified,20,,,,,,,,PrivateLendersDirectory,https://www.privatelendersdirectory.com/united-states/union-city/business-lending/business-finance-network,2026-09-30T03:47:17.242773+00:00,"Public directory listing; current phone ownership, email deliverability, private cash availability, $500K cash threshold, fulfillment financing eligibility and equity willingness have not been verified. We work with hundreds of lending sources throughout the U.S. to match clients with premium products and top companies to meet their financing needs"
CF-F29FB04D7DCC,BUSINESS FINANCING SOLUTIONS,,,,,https://bfscorpusa.com/,CA,business_finance_provider,nonbank_status_unconfirmed,financing_fit_unverified,unverified,20,,,,,,,,PrivateLendersDirectory,https://www.privatelendersdirectory.com/united-states/costa-mesa/business-lending/business-financing-solutions,2026-09-30T03:47:17.242773+00:00,"Public directory listing; current phone ownership, email deliverability, private cash availability, $500K cash threshold, fulfillment financing eligibility and equity willingness have not been verified. Business Financing Solutions Corp is a leading provider of equipment leasing and financing solutions in Costa Mesa, California."
CF-84B5A91FB218,BUSINESS FUNDING CONSULTANTS,,,,1-855-292-9564,https://www.businessfundconsultants.com,NY,business_finance_provider,nonbank_status_unconfirmed,financing_fit_unverified,unverified,20,,,,,,,https://www.businessfundconsultants.com/,PrivateLendersDirectory,https://www.privatelendersdirectory.com/united-states/new-york/business-lending/business-funding-consultants,2026-09-30T03:47:17.242773+00:00,"Public directory listing; current phone ownership, email deliverability, private cash availability, $500K cash threshold, fulfillment financing eligibility and equity willingness have not been verified. Business Funding Consultants is dedicated to helping small businesses secure the alternative funding they need to grow and thrive."
CF-1C5AC3018BB4,BUSINESS FUNDING HERE,,,,,https://www.businessfundinghere.com,GA,business_finance_provider,nonbank_status_unconfirmed,financing_fit_unverified,unverified,20,,,,,,,,PrivateLendersDirectory,https://www.privatelendersdirectory.com/united-states/lithia-springs/business-lending/business-funding-here,2026-09-30T03:47:17.242773+00:00,"Public directory listing; current phone ownership, email deliverability, private cash availability, $500K cash threshold, fulfillment financing eligibility and equity willingness have not been verified. BFH offers a one stop business financing experience to meet your business funding needs. We offer options to cover a wide range of industries for many different uses."
CF-E84576E48C4F,BUSINESS FUNDING ONE,,,,,http://businessfunding.one/,TX,business_finance_provider,nonbank_status_unconfirmed,financing_fit_unverified,unverified,20,,,,,,,,PrivateLendersDirectory,https://www.privatelendersdirectory.com/united-states/houston/business-lending/business-funding-one,2026-09-30T03:47:17.242773+00:00,"Public directory listing; current phone ownership, email deliverability, private cash availability, $500K cash threshold, fulfillment financing eligibility and equity willingness have not been verified. A way to fund a business using personal cash and credit"
CF-D34FFFE4ADC7,BUSINESS FUNDING SECRETS,,,,,http://businessfundingsecrets.com/,CO,business_finance_provider,nonbank_status_unconfirmed,operations_finance_candidate_unverified,unverified,20,,,,,,,,PrivateLendersDirectory,https://www.privatelendersdirectory.com/united-states/colorado-springs/business-lending/business-funding-secrets,2026-09-30T03:47:17.242773+00:00,"Public directory listing; current phone ownership, email deliverability, private cash availability, $500K cash threshold, fulfillment financing eligibility and equity willingness have not been verified. When you’re looking for business loans, venture capital, or cash flow financing and you want to save time and expenses, then we are there."
CF-E16FC0E5CE3B,BUSINESS LOAN BROKER ACADEMY,,,,,http://www.directbusinesslending.com,UT,business_finance_provider,nonbank_status_unconfirmed,financing_fit_unverified,unverified,20,,,,,,,,PrivateLendersDirectory,https://www.privatelendersdirectory.com/united-states/salt-lake-city/business-lending/business-loan-broker-academy,2026-09-30T03:47:17.242773+00:00,"Public directory listing; current phone ownership, email deliverability, private cash availability, $500K cash threshold, fulfillment financing eligibility and equity willingness have not been verified. Our success story at Direct Business Lending, now Finncy.com starts with an understanding of every aspect of the business funding process."
CF-9C6D956D44AA,BUSINESS MASTER CONSULTING INC,,,,,https://bizmasterconsulting.com/,FL,business_finance_provider,nonbank_status_unconfirmed,financing_fit_unverified,unverified,20,,,,,,,,PrivateLendersDirectory,https://www.privatelendersdirectory.com/united-states/sebring/business-lending/business-master-consulting-inc,2026-09-30T03:47:17.242773+00:00,"Public directory listing; current phone ownership, email deliverability, private cash availability, $500K cash threshold, fulfillment financing eligibility and equity willingness have not been verified. Provide loan packaging services for SBA and USDA Loans through United States Business Capital."
CF-3962B7811FF4,BUSINESS SOLUTIONS SPECIALISTS,,,,,https://bssnc.com/,NC,business_finance_provider,nonbank_status_unconfirmed,financing_fit_unverified,unverified,20,,,,,,,,PrivateLendersDirectory,https://www.privatelendersdirectory.com/united-states/charlotte/business-lending/business-solutions-specialists,2026-09-30T03:47:17.242773+00:00,"Public directory listing; current phone ownership, email deliverability, private cash availability, $500K cash threshold, fulfillment financing eligibility and equity willingness have not been verified. BSSNC will help you find solutions for your business lending needs!!"
CF-C1348B8BDF24,BUSINESS TRUST FUND,,,,,https://www.businesstrustfund.org/,FL,business_finance_provider,nonbank_status_unconfirmed,financing_fit_unverified,unverified,20,,,,,,,,PrivateLendersDirectory,https://www.privatelendersdirectory.com/united-states/pompano-beach/business-lending/business-trust-fund,2026-09-30T03:47:17.242773+00:00,"Public directory listing; current phone ownership, email deliverability, private cash availability, $500K cash threshold, fulfillment financing eligibility and equity willingness have not been verified. Business Trust Fund is democratizing small-mid sized business funding"
CF-B82FF9C463CF,BUSINESSLOANS.COM,,,,,http://businessloans.com,SC,business_finance_provider,nonbank_status_unconfirmed,financing_fit_unverified,unverified,20,,,,,,,,PrivateLendersDirectory,https://www.privatelendersdirectory.com/united-states/charleston/business-lending/businessloans-com,2026-09-30T03:47:17.242773+00:00,"Public directory listing; current phone ownership, email deliverability, private cash availability, $500K cash threshold, fulfillment financing eligibility and equity willingness have not been verified. BusinessLoans offers short-term and long-term loan services."
CF-BE8568FEC833,C&M Commercial Mortgage & Business Financing,,,,,https://cmcommercialbusiness.com,,business_finance,mandate_and_direct_funding_status_unconfirmed,business_finance_mandate_unconfirmed,unverified,20,,,,,,,,NPLA public private lending directory,https://nplaconference.com/private-lending-directory/page/3/,2026-09-30,Collateral assessment: unknown
CF-FCCA82A57D57,CAJETAN CAPITAL,,,,,https://www.cajetancapital.com,TN,business_finance_provider,nonbank_status_unconfirmed,financing_fit_unverified,unverified,20,,,,,,,,PrivateLendersDirectory,https://www.privatelendersdirectory.com/united-states/brentwood/business-lending/cajetan-capital,2026-09-30T03:47:17.242773+00:00,"Public directory listing; current phone ownership, email deliverability, private cash availability, $500K cash threshold, fulfillment financing eligibility and equity willingness have not been verified. Cajetan Capital offers a one stop business financing experience to meet your real estate, investing, or small business funding needs."
CF-8348E2C0F7E8,CALIBER CAPITAL SOLUTIONS,,,,,http://calibercapitalsolutions.com/,NY,business_finance_provider,nonbank_status_unconfirmed,financing_fit_unverified,unverified,20,,,,,,,,PrivateLendersDirectory,https://www.privatelendersdirectory.com/united-states/new-york/business-lending/caliber-capital-solutions,2026-09-30T03:47:17.242773+00:00,"Public directory listing; current phone ownership, email deliverability, private cash availability, $500K cash threshold, fulfillment financing eligibility and equity willingness have not been verified. We customize in securing financing that is in fact fast, efficient, and effective."
CF-EE9A8D7B45BE,CAM ALTERNATIVE CAPITAL SOLUTIONS,,,,,https://acsfund.com/,NY,business_finance_provider,nonbank_status_unconfirmed,operations_finance_candidate_unverified,unverified,20,,,,,,,,PrivateLendersDirectory,https://www.privatelendersdirectory.com/united-states/new-york/business-lending/cam-alternative-capital-solutions,2026-09-30T03:47:17.242773+00:00,"Public directory listing; current phone ownership, email deliverability, private cash availability, $500K cash threshold, fulfillment financing eligibility and equity willingness have not been verified. Alternative Capital Solutions (ACS) is an international provider of supplier credit and factoring solutions."
CF-8FCC868DF018,CAMBRIDGE FINANCIAL SERVICES,,,,,http://www.cfss.com/,FL,business_finance_provider,nonbank_status_unconfirmed,financing_fit_unverified,unverified,20,,,,,,,,PrivateLendersDirectory,https://www.privatelendersdirectory.com/united-states/new-port-richey/business-lending/cambridge-financial-services,2026-09-30T03:47:17.242773+00:00,"Public directory listing; current phone ownership, email deliverability, private cash availability, $500K cash threshold, fulfillment financing eligibility and equity willingness have not been verified. Cambridge Financial Services & Software is a financial advisory firm in New Port Richey, Florida."
CF-E9934E5E1B32,CAN CAPITAL,,,,,https://www.cancapital.com/,GA,business_finance_provider,nonbank_status_unconfirmed,operations_finance_candidate_unverified,unverified,20,,,,,,,,PrivateLendersDirectory,https://www.privatelendersdirectory.com/united-states/marietta/business-lending/can-capital,2026-09-30T03:47:17.242773+00:00,"Public directory listing; current phone ownership, email deliverability, private cash availability, $500K cash threshold, fulfillment financing eligibility and equity willingness have not been verified. A financial services company that helps small businesses in Georgia and other states access working capital"
CF-A68390A33D78,CAP SOLUTIONS,,,,,https://jcapsolutions1.com/,NY,business_finance_provider,nonbank_status_unconfirmed,financing_fit_unverified,unverified,20,,,,,,,,PrivateLendersDirectory,https://www.privatelendersdirectory.com/united-states/new-york/business-lending/cap-solutions,2026-09-30T03:47:17.242773+00:00,"Public directory listing; current phone ownership, email deliverability, private cash availability, $500K cash threshold, fulfillment financing eligibility and equity willingness have not been verified. We provide extensive funding solutions to business owners, leveraging our creativity and finance expertise to support small, medium, and large businesses across the USA."
CF-91BB6472F4DC,CAPIFY,,,,,https://capify.com/,NY,business_finance_provider,nonbank_status_unconfirmed,financing_fit_unverified,unverified,20,,,,,,,,PrivateLendersDirectory,https://www.privatelendersdirectory.com/united-states/new-york/business-lending/capify,2026-09-30T03:47:17.242773+00:00,"Public directory listing; current phone ownership, email deliverability, private cash availability, $500K cash threshold, fulfillment financing eligibility and equity willingness have not been verified. Capify provides small business loans and other finance products to companies in the UK, Australia and US."
CF-681949A739D7,CAPITAL BOOST FUNDING,,,,,https://www.capitalboostfunding.com,NY,business_finance_provider,nonbank_status_unconfirmed,financing_fit_unverified,unverified,20,,,,,,,,PrivateLendersDirectory,https://www.privatelendersdirectory.com/united-states/staten-island/business-lending/capital-boost-funding,2026-09-30T03:47:17.242773+00:00,"Public directory listing; current phone ownership, email deliverability, private cash availability, $500K cash threshold, fulfillment financing eligibility and equity willingness have not been verified. We are partnered with leading lenders and investors to come up with an all around solution to small business challenge of financing."
CF-C862E8BE1F7E,CAPITAL CDC,,,,1-512-615-0373,https://www.capitalcdc.com/,TX,business_finance_provider,nonbank_status_unconfirmed,financing_fit_unverified,unverified,20,,,,,,,https://www.capitalcdc.com/contact-us,PrivateLendersDirectory,https://www.privatelendersdirectory.com/united-states/austin/business-lending/capital-cdc,2026-09-30T03:47:17.242773+00:00,"Public directory listing; current phone ownership, email deliverability, private cash availability, $500K cash threshold, fulfillment financing eligibility and equity willingness have not been verified. Capital CDC is a leading, private, non-profit provider of small business financing throughout Texas, New Mexico, and Arkansas."
CF-D6A8C5AB7DBE,CAPITAL CONSULTING SERVICES,,,,1-336-505-8425,https://www.capitalconsultingservices.net,NC,business_finance_provider,nonbank_status_unconfirmed,financing_fit_unverified,unverified,20,,,,,,,https://www.capitalconsultingservices.net/,PrivateLendersDirectory,https://www.privatelendersdirectory.com/united-states/carthage/business-lending/capital-consulting-services,2026-09-30T03:47:17.242773+00:00,"Public directory listing; current phone ownership, email deliverability, private cash availability, $500K cash threshold, fulfillment financing eligibility and equity willingness have not been verified. Capital Consulting Services offers a one stop business financing experience to meet your business funding needs."
CF-D0D3ECE99B6C,CAPITAL FOR BUSINESS,,,,,http://www.cfbfinancing.com/,NY,business_finance_provider,nonbank_status_unconfirmed,financing_fit_unverified,unverified,20,,,,,,,,PrivateLendersDirectory,https://www.privatelendersdirectory.com/united-states/new-york/business-lending/capital-for-business,2026-09-30T03:47:17.242773+00:00,"Public directory listing; current phone ownership, email deliverability, private cash availability, $500K cash threshold, fulfillment financing eligibility and equity willingness have not been verified. Our specialty is non-bank financing programs for privately held small and medium-sized businesses."
CF-E6FB1BED8BDD,CAPITAL FUNDING GROUP,,,,,https://www.capitalfundingbusiness.com,NY,business_finance_provider,nonbank_status_unconfirmed,financing_fit_unverified,unverified,20,,,,,,,,PrivateLendersDirectory,https://www.privatelendersdirectory.com/united-states/rochester/business-lending/capital-funding-group,2026-09-30T03:47:17.242773+00:00,"Public directory listing; current phone ownership, email deliverability, private cash availability, $500K cash threshold, fulfillment financing eligibility and equity willingness have not been verified. With Capital Funding lenders, we want to help you to get the loans you needs. Our loans are available through a fast, simple application."
CF-DE0AB99DF033,CAPITAL PAYMENT ADVISORS,,,,1-662-871-6926,https://www.capitalpaymentadvisors.com,MS,business_finance_provider,nonbank_status_unconfirmed,operations_finance_candidate_unverified,unverified,20,,,,,,,https://capitalpaymentadvisors.com/,PrivateLendersDirectory,https://www.privatelendersdirectory.com/united-states/tupelo/business-lending/capital-payment-advisors,2026-09-30T03:47:17.242773+00:00,"Public directory listing; current phone ownership, email deliverability, private cash availability, $500K cash threshold, fulfillment financing eligibility and equity willingness have not been verified. We help businesses improve cash flow by cutting their credit card processing fees, while offering next day deposits, with easy access to business funding."
CF-ADB7E5C1F0FA,CAPITAL WEALTH MANAGEMENT GROUP,,,,,https://www.capitalwealthmg.com,VA,business_finance_provider,nonbank_status_unconfirmed,financing_fit_unverified,unverified,20,,,,,,,,PrivateLendersDirectory,https://www.privatelendersdirectory.com/united-states/fairfax/business-lending/capital-wealth-management-group,2026-09-30T03:47:17.242773+00:00,"Public directory listing; current phone ownership, email deliverability, private cash availability, $500K cash threshold, fulfillment financing eligibility and equity willingness have not been verified. Welcome to Capital Wealth Management, a leading funding provider for businesses in need."
CF-8E4CE642EFF2,CAPITALIZE: ALTERNATIVE FUNDING SOURCES,,,,,https://www.capitalize.biz/,CA,business_finance_provider,nonbank_status_unconfirmed,financing_fit_unverified,unverified,20,,,,,,,,PrivateLendersDirectory,https://www.privatelendersdirectory.com/united-states/san-mateo/business-lending/capitalize-alternative-funding-sources,2026-09-30T03:47:17.242773+00:00,"Public directory listing; current phone ownership, email deliverability, private cash availability, $500K cash threshold, fulfillment financing eligibility and equity willingness have not been verified. Capitalize: Alternative Funding Sources is built on quality service while providing you with more options and support for your business funding needs."
CF-5BCD2FE568F2,CAPSTONE BUSINESS FUNDING,,,,,https://capstonetrade.com/,FL,business_finance_provider,nonbank_status_unconfirmed,operations_finance_candidate_unverified,unverified,20,,,,,,,,PrivateLendersDirectory,https://www.privatelendersdirectory.com/united-states/fort-myers/business-lending/capstone-business-funding,2026-09-30T03:47:17.242773+00:00,"Public directory listing; current phone ownership, email deliverability, private cash availability, $500K cash threshold, fulfillment financing eligibility and equity willingness have not been verified. Capstone is a private finance company headquartered in New York City providing factoring, purchase order financing and trade financing to our clients."
CF-E92DC9E34FCE,CAPWELL FUNDING,,,,,https://capwellfunding.com/,CA,business_finance_provider,nonbank_status_unconfirmed,financing_fit_unverified,unverified,20,,,,,,,,PrivateLendersDirectory,https://www.privatelendersdirectory.com/united-states/costa-mesa/business-lending/capwell-funding,2026-09-30T03:47:17.242773+00:00,"Public directory listing; current phone ownership, email deliverability, private cash availability, $500K cash threshold, fulfillment financing eligibility and equity willingness have not been verified. Capwell Funding offers a number of funding solutions to help business owners think out of the box and get the funding they need."
CF-20BC8038575B,CARIBBEAN BUSINESS SOLUTIONS,,,,,https://www.caribbeanbusiness-solutions.com/,MA,business_finance_provider,nonbank_status_unconfirmed,financing_fit_unverified,unverified,20,,,,,,,,PrivateLendersDirectory,https://www.privatelendersdirectory.com/united-states/boston/business-lending/caribbean-business-solutions,2026-09-30T03:47:17.242773+00:00,"Public directory listing; current phone ownership, email deliverability, private cash availability, $500K cash threshold, fulfillment financing eligibility and equity willingness have not been verified. Caribbean Business Solutions offers a one stop business financing experience to meet your business funding needs."
CF-CBDE41272B69,CAROLINA BUSINESS CAPITAL CORP,,,,1-704-373-1233,https://cbc504.com/,NC,business_finance_provider,nonbank_status_unconfirmed,financing_fit_unverified,unverified,20,,,,,,,https://cbc504.com/,PrivateLendersDirectory,https://www.privatelendersdirectory.com/united-states/charlotte/business-lending/carolina-business-capital-corp,2026-09-30T03:47:17.242773+00:00,"Public directory listing; current phone ownership, email deliverability, private cash availability, $500K cash threshold, fulfillment financing eligibility and equity willingness have not been verified. We specialize in commercial property financing only for owners of small and mid-sized businesses."
CF-795B1EFCBE21,CARPENTER FINANCIAL SERVICES,,,,,https://www.carpenterfinancialservices.com/,PA,business_finance_provider,nonbank_status_unconfirmed,operations_finance_candidate_unverified,unverified,20,,,,,,,,PrivateLendersDirectory,https://www.privatelendersdirectory.com/united-states/johnstown/business-lending/carpenter-financial-services,2026-09-30T03:47:17.242773+00:00,"Public directory listing; current phone ownership, email deliverability, private cash availability, $500K cash threshold, fulfillment financing eligibility and equity willingness have not been verified. We offer fast unsecured business funding by partnering with several lending companies in order to provide a variety of financial products."
CF-DF898C727421,CASH SOLUTIONS,,,,,https://cashsolutionsinc.com/,TN,business_finance_provider,nonbank_status_unconfirmed,financing_fit_unverified,unverified,20,,,,,,,,PrivateLendersDirectory,https://www.privatelendersdirectory.com/united-states/memphis/business-lending/cash-solutions,2026-09-30T03:47:17.242773+00:00,"Public directory listing; current phone ownership, email deliverability, private cash availability, $500K cash threshold, fulfillment financing eligibility and equity willingness have not been verified. Cash Solutions, Inc. has been in business since 1997 helping businesses with funding."
CF-C5991D0A90C6,CAST CAPITAL,,,,,https://castcapitalfunding.com/,NY,business_finance_provider,nonbank_status_unconfirmed,financing_fit_unverified,unverified,20,,,,,,,,PrivateLendersDirectory,https://www.privatelendersdirectory.com/united-states/new-york/business-lending/cast-capital,2026-09-30T03:47:17.242773+00:00,"Public directory listing; current phone ownership, email deliverability, private cash availability, $500K cash threshold, fulfillment financing eligibility and equity willingness have not been verified. Cast Capital is a Commercial Lender specializing in financing for small to medium-sized businesses."
CF-CF30345DC677,CATCHFIRE FUNDING,,,,1-877-731-3121,https://catchfirefunding.com/,CO,business_finance_provider,nonbank_status_unconfirmed,financing_fit_unverified,unverified,20,,,,,,,https://catchfirefunding.com/,PrivateLendersDirectory,https://www.privatelendersdirectory.com/united-states/parker/business-lending/catchfire-funding,2026-09-30T03:47:17.242773+00:00,"Public directory listing; current phone ownership, email deliverability, private cash availability, $500K cash threshold, fulfillment financing eligibility and equity willingness have not been verified. We specialize in 401k rollover and IRA funding options that aid our clients in achieving financial freedom through long-term, wealth building strategies."
CF-89E398B5B294,CCD BUSINESS DEVELOPMENT CORPORATION,,,info@ccdbusiness.org,,https://www.ccdbusiness.org/,OR,business_finance_provider,nonbank_status_unconfirmed,financing_fit_unverified,unverified,20,,,,,,https://www.ccdbusiness.org/contact/,,PrivateLendersDirectory,https://www.privatelendersdirectory.com/united-states/roseburg/business-lending/ccd-business-development-corporation,2026-09-30T03:47:17.242773+00:00,"Public directory listing; current phone ownership, email deliverability, private cash availability, $500K cash threshold, fulfillment financing eligibility and equity willingness have not been verified. CCD staff has helped Oregon businesses to become the best they can be through loan programs, training and consulting."
CF-56C1EC18D541,CDW FUNDING,,,,,https://www.cdwfunding.com/,PA,business_finance_provider,nonbank_status_unconfirmed,financing_fit_unverified,unverified,20,,,,,,,,PrivateLendersDirectory,https://www.privatelendersdirectory.com/united-states/pittsburgh/business-lending/cdw-funding,2026-09-30T03:47:17.242773+00:00,"Public directory listing; current phone ownership, email deliverability, private cash availability, $500K cash threshold, fulfillment financing eligibility and equity willingness have not been verified. CDW Funding offers a one stop business financing experience to meet your business funding needs."
CF-E0CA2F4BC47F,CELADON FINANCIAL GROUP,,,newaccounts@celadonfinancial.com,,https://celadonfinancial.com/,NJ,business_finance_provider,financing_broker_or_intermediary,financing_fit_unverified,unverified,20,,,,,,https://celadonfinancial.com/,,PrivateLendersDirectory,https://www.privatelendersdirectory.com/united-states/morristown/business-lending/celadon-financial-group,2026-09-30T03:47:17.242773+00:00,"Public directory listing; current phone ownership, email deliverability, private cash availability, $500K cash threshold, fulfillment financing eligibility and equity willingness have not been verified. Celadon delivers the full spectrum of broker-dealer tools and support, enabling institutional and individual investors to maximize investment opportunities."
CF-CDDC76235A09,CENTRAL FUNDING EXCHANGE,,,centralfundingexchange@gmail.com,,https://centralfundingexchange.com/,KS,business_finance_provider,nonbank_status_unconfirmed,financing_fit_unverified,unverified,20,,,,,,https://centralfundingexchange.com/contact/,,PrivateLendersDirectory,https://www.privatelendersdirectory.com/united-states/overland-park/business-lending/central-funding-exchange,2026-09-30T03:47:17.242773+00:00,"Public directory listing; current phone ownership, email deliverability, private cash availability, $500K cash threshold, fulfillment financing eligibility and equity willingness have not been verified. Central Funding Exchange® LLC provides funding solutions and performance services for small to medium size organizations."
CF-31AE92A03A29,CEO CAPITAL CONNECTION,,,,,https://www.ceocapitalconnection.com/,GA,business_finance_provider,nonbank_status_unconfirmed,financing_fit_unverified,unverified,20,,,,,,,,PrivateLendersDirectory,https://www.privatelendersdirectory.com/united-states/milton/business-lending/ceo-capital-connection,2026-09-30T03:47:17.242773+00:00,"Public directory listing; current phone ownership, email deliverability, private cash availability, $500K cash threshold, fulfillment financing eligibility and equity willingness have not been verified. At CEO Capital Connection, we offer more than just business funding – we provide strategic guidance, insider connections, and personalized solutions."
CF-FE9597FAD7EF,CHAMPION EQUIPMENT FINANCE,,,,,https://championef.com/,TX,business_finance_provider,nonbank_status_unconfirmed,financing_fit_unverified,unverified,20,,,,,,,,PrivateLendersDirectory,https://www.privatelendersdirectory.com/united-states/richardson/business-lending/champion-equipment-finance,2026-09-30T03:47:17.242773+00:00,"Public directory listing; current phone ownership, email deliverability, private cash availability, $500K cash threshold, fulfillment financing eligibility and equity willingness have not been verified. Our mission is to help business owners leverage credit markets to get the equipment they need to push profits"
CF-1A792D21132C,CHARTER CAPITAL GROUP,,,,,http://www.chartercapital.com/,CA,business_finance_provider,nonbank_status_unconfirmed,financing_fit_unverified,unverified,20,,,,,,,,PrivateLendersDirectory,https://www.privatelendersdirectory.com/united-states/business-lending/charter-capital-group,2026-09-30T03:47:17.242773+00:00,"Public directory listing; current phone ownership, email deliverability, private cash availability, $500K cash threshold, fulfillment financing eligibility and equity willingness have not been verified. Charter Capital Group is a commercial real estate finance & advisory firm based in Southern California."
CF-F70022680C6E,CHARTER ONE BUSINESS CAPITAL,,,,,https://charteronebank.com,IL,business_finance_provider,nonbank_status_unconfirmed,operations_finance_candidate_unverified,unverified,20,,,,,,,,PrivateLendersDirectory,https://www.privatelendersdirectory.com/united-states/chicago/business-lending/charter-one-business-capital,2026-09-30T03:47:17.242773+00:00,"Public directory listing; current phone ownership, email deliverability, private cash availability, $500K cash threshold, fulfillment financing eligibility and equity willingness have not been verified. This service primarily provided loans to businesses for working capital, equipment financing, and other business needs"
CF-3BF8FBCF2210,CHICAGO RIVER CAPITAL,,,,,https://www.chicagorivercapital.com/,IL,business_finance_provider,nonbank_status_unconfirmed,financing_fit_unverified,unverified,20,,,,,,,,PrivateLendersDirectory,https://www.privatelendersdirectory.com/united-states/chicago/business-lending/chicago-river-capital,2026-09-30T03:47:17.242773+00:00,"Public directory listing; current phone ownership, email deliverability, private cash availability, $500K cash threshold, fulfillment financing eligibility and equity willingness have not been verified. Chicago River Capital (CRC) is an alternative investment manager based in Chicago, Illinois."
CF-19F10E1C27EB,CIMARRON BUSINESS CAPITAL,,,,,http://www.cimarroncapital.com,OK,business_finance_provider,nonbank_status_unconfirmed,financing_fit_unverified,unverified,20,,,,,,,,PrivateLendersDirectory,https://www.privatelendersdirectory.com/united-states/oklahoma-city/business-lending/cimarron-business-capital,2026-09-30T03:47:17.242773+00:00,"Public directory listing; current phone ownership, email deliverability, private cash availability, $500K cash threshold, fulfillment financing eligibility and equity willingness have not been verified. Through this fund, Cimarron provides credit support and subordinated debt to small manufacturers, processors, and service firms."
CF-A2CE71A64BB2,CITYWIDE BUSINESS FUNDING,,,,,https://www.citywidebusinessfunding.com,MD,business_finance_provider,nonbank_status_unconfirmed,financing_fit_unverified,unverified,20,,,,,,,,PrivateLendersDirectory,https://www.privatelendersdirectory.com/united-states/silver-spring/business-lending/citywide-business-funding,2026-09-30T03:47:17.242773+00:00,"Public directory listing; current phone ownership, email deliverability, private cash availability, $500K cash threshold, fulfillment financing eligibility and equity willingness have not been verified. Citywide Business Funding offers a one stop business financing experience to meet your business funding needs."
CF-1CCFEC2CFEF7,CLARITY EPS,,,,,https://clarityeps.com/,FL,business_finance_provider,nonbank_status_unconfirmed,financing_fit_unverified,unverified,20,,,,,,,,PrivateLendersDirectory,https://www.privatelendersdirectory.com/united-states/boca-raton/business-lending/clarity-eps,2026-09-30T03:47:17.242773+00:00,"Public directory listing; current phone ownership, email deliverability, private cash availability, $500K cash threshold, fulfillment financing eligibility and equity willingness have not been verified. Clarity EPS, an industry-leading electronic payments solutions provider."
CF-60D8F416281C,CLEARBRIDGE FINANCIAL SERVICES,,,,,http://www.clearbridgefunding.com/,IN,business_finance_provider,nonbank_status_unconfirmed,financing_fit_unverified,unverified,20,,,,,,,,PrivateLendersDirectory,https://www.privatelendersdirectory.com/united-states/merrillville/business-lending/clearbridge-financial-services,2026-09-30T03:47:17.242773+00:00,"Public directory listing; current phone ownership, email deliverability, private cash availability, $500K cash threshold, fulfillment financing eligibility and equity willingness have not been verified. Clearbridge Financial offers a one stop business financing experience to meet your business funding needs."
CF-F104E0230E86,CLEVERLANE CAPITAL,,,,,https://www.cleverlanecapital.com/,VA,business_finance_provider,nonbank_status_unconfirmed,operations_finance_candidate_unverified,unverified,20,,,,,,,,PrivateLendersDirectory,https://www.privatelendersdirectory.com/united-states/virginia-beach/business-lending/cleverlane-capital,2026-09-30T03:47:17.242773+00:00,"Public directory listing; current phone ownership, email deliverability, private cash availability, $500K cash threshold, fulfillment financing eligibility and equity willingness have not been verified. Multiple Funding Options – Term Loans, Working Capital Advance, Equipment Leasing, SBA Loans, and more"
CF-3B05388599B4,COASTAL BUSINESS CAPITAL CORP.,,,,,https://www.coastalbusinesscapitalcorp.com,LA,business_finance_provider,nonbank_status_unconfirmed,financing_fit_unverified,unverified,20,,,,,,,,PrivateLendersDirectory,https://www.privatelendersdirectory.com/united-states/covington/business-lending/coastal-business-capital-corp,2026-09-30T03:47:17.242773+00:00,"Public directory listing; current phone ownership, email deliverability, private cash availability, $500K cash threshold, fulfillment financing eligibility and equity willingness have not been verified. We help business by financing the equipment they need to remain competitive and productive."
CF-5666FC09E865,COLLER CAPITAL,,,,,https://www.collercapital.com,NY,business_finance_provider,nonbank_status_unconfirmed,financing_fit_unverified,unverified,20,,,,,,,,PrivateLendersDirectory,https://www.privatelendersdirectory.com/united-states/new-york/business-lending/coller-capital,2026-09-30T03:47:17.242773+00:00,"Public directory listing; current phone ownership, email deliverability, private cash availability, $500K cash threshold, fulfillment financing eligibility and equity willingness have not been verified. Coller Capital, founded in 1990, is one of the world's leading investors in the secondary market for private assets and widely acknowledged as an innovator in secondaries"
CF-C7E239144714,COLOSSUS CAPITAL,,,,,https://calendly.com/colossuscapital,AL,business_finance_provider,nonbank_status_unconfirmed,financing_fit_unverified,unverified,20,,,,,,,,PrivateLendersDirectory,https://www.privatelendersdirectory.com/united-states/huntsville/business-lending/colossus-capital,2026-09-30T03:47:17.242773+00:00,"Public directory listing; current phone ownership, email deliverability, private cash availability, $500K cash threshold, fulfillment financing eligibility and equity willingness have not been verified. Colossus Capital Consulting offers a one stop business financing experience to meet your business funding needs. We offer options to cover a wide range of"
CF-40E41FB7F109,COMMERCIAL BUSINESS CAPITAL,,,,,http://cbcapitalpartners.com/,FL,business_finance_provider,nonbank_status_unconfirmed,financing_fit_unverified,unverified,20,,,,,,,,PrivateLendersDirectory,https://www.privatelendersdirectory.com/united-states/coral-springs/business-lending/commercial-business-capital,2026-09-30T03:47:17.242773+00:00,"Public directory listing; current phone ownership, email deliverability, private cash availability, $500K cash threshold, fulfillment financing eligibility and equity willingness have not been verified. Commercial Business Captial takes a new approach to business funding by understanding the balance of focus, need, and capability."
CF-F0E5D214B2D0,COMMERCIAL CREDIT,,,,1-855-893-0700,https://www.commercialcreditgroup.com/,NC,business_finance_provider,nonbank_status_unconfirmed,financing_fit_unverified,unverified,20,,,,,,,https://www.commercialcreditgroup.com/,PrivateLendersDirectory,https://www.privatelendersdirectory.com/united-states/charlotte/business-lending/commercial-credit,2026-09-30T03:47:17.242773+00:00,"Public directory listing; current phone ownership, email deliverability, private cash availability, $500K cash threshold, fulfillment financing eligibility and equity willingness have not been verified. Commercial Credit Group Inc., a wholly-owned subsidiary of Commercial Credit, Inc. is an independent, commercial equipment finance company that provides secured loans"
CF-1AD9FE5EF6E9,COMMERCIAL LOAN FUND,,,,,https://iloanfund.com/,TX,business_finance_provider,nonbank_status_unconfirmed,financing_fit_unverified,unverified,20,,,,,,,,PrivateLendersDirectory,https://www.privatelendersdirectory.com/united-states/college-station/business-lending/commercial-loan-fund,2026-09-30T03:47:17.242773+00:00,"Public directory listing; current phone ownership, email deliverability, private cash availability, $500K cash threshold, fulfillment financing eligibility and equity willingness have not been verified. We Arrange Commercial and Residential Investment Loans Nationwide"
CF-EFF50319FEAA,COMMONWEALTH FINANCIAL GROUP,,,,,https://www.commonwealthfinancialgroup.com/,MA,business_finance_provider,nonbank_status_unconfirmed,financing_fit_unverified,unverified,20,,,,,,,,PrivateLendersDirectory,https://www.privatelendersdirectory.com/united-states/boston/business-lending/commonwealth-financial-group,2026-09-30T03:47:17.242773+00:00,"Public directory listing; current phone ownership, email deliverability, private cash availability, $500K cash threshold, fulfillment financing eligibility and equity willingness have not been verified. At Commonwealth Financial Group (CFG), we are committed to delivering the best-in-class financial planning experience."
CF-7F494963D2C8,COMMUNITY BUSINESS FINANCE,,,,,https://www.communitybusinessfinance.com/,LA,business_finance_provider,nonbank_status_unconfirmed,financing_fit_unverified,unverified,20,,,,,,,,PrivateLendersDirectory,https://www.privatelendersdirectory.com/united-states/gretna/business-lending/community-business-finance,2026-09-30T03:47:17.242773+00:00,"Public directory listing; current phone ownership, email deliverability, private cash availability, $500K cash threshold, fulfillment financing eligibility and equity willingness have not been verified. Community Business Finance has the products, pricing, people, and process in place for the best loan terms, rates, and experience to help small businesses succeed."
CF-49488E79E227,COMMUNITY CAPITAL LENDING,,,,,https://www.communitycapitallend.com,TX,business_finance_provider,nonbank_status_unconfirmed,financing_fit_unverified,unverified,20,,,,,,,,PrivateLendersDirectory,https://www.privatelendersdirectory.com/united-states/houston/business-lending/community-capital-lending,2026-09-30T03:47:17.242773+00:00,"Public directory listing; current phone ownership, email deliverability, private cash availability, $500K cash threshold, fulfillment financing eligibility and equity willingness have not been verified. Community Capital Lending offers a one stop business financing experience to meet your business funding needs."
CF-A9ABA1285DB6,Community Concepts Finance,,,,1-207-743-7716,https://ccimaine.org/,ME,business_finance_provider,nonbank_status_unconfirmed,financing_fit_unverified,unverified,20,,,,,,,https://ccimaine.org/,PrivateLendersDirectory,https://www.privatelendersdirectory.com/united-states/paris/business-lending/community-concepts-finance,2026-09-30T03:47:17.242773+00:00,"Public directory listing; current phone ownership, email deliverability, private cash availability, $500K cash threshold, fulfillment financing eligibility and equity willingness have not been verified. Community Concepts is a Community Action Agency and a 501c(3) non-profit organization that provides resources to move local residents and businesses forward."
CF-A19AB22F27A5,COMMUNITY FUNDING INC,,,,,http://communityfundinginc.com/,NY,business_finance_provider,nonbank_status_unconfirmed,financing_fit_unverified,unverified,20,,,,,,,,PrivateLendersDirectory,https://www.privatelendersdirectory.com/united-states/new-york/business-lending/community-funding-inc,2026-09-30T03:47:17.242773+00:00,"Public directory listing; current phone ownership, email deliverability, private cash availability, $500K cash threshold, fulfillment financing eligibility and equity willingness have not been verified. When Banks Say NO We Say YES"
CF-7FF6B53BB194,Community Ventures,,,wfaw@cvky.org,,https://cvky.org/,KY,business_finance_provider,nonbank_status_unconfirmed,financing_fit_unverified,unverified,20,,,,,,https://cvky.org/about/,,PrivateLendersDirectory,https://www.privatelendersdirectory.com/united-states/lexington/business-lending/community-ventures,2026-09-30T03:47:17.242773+00:00,"Public directory listing; current phone ownership, email deliverability, private cash availability, $500K cash threshold, fulfillment financing eligibility and equity willingness have not been verified. Your Dream, Our Mission. Community Ventures works to strengthen communities by helping people achieve their dreams through greater economic opportunity."
CF-02B33E750119,COMPLETE GREEN CAPITAL ACCESS MW,,,,,https://www.completegreencapitalaccessmw.com,MD,business_finance_provider,nonbank_status_unconfirmed,financing_fit_unverified,unverified,20,,,,,,,,PrivateLendersDirectory,https://www.privatelendersdirectory.com/united-states/hagerstown/business-lending/complete-green-capital-access-mw,2026-09-30T03:47:17.242773+00:00,"Public directory listing; current phone ownership, email deliverability, private cash availability, $500K cash threshold, fulfillment financing eligibility and equity willingness have not been verified. Business Funding Solutions: We have the best & most affordable options to help you grow your business."
CF-9141B0DAF3A9,CONCRETE FINANCIAL INSIGHTS,,,,,https://concretefinancialinsights.com/,FL,business_finance_provider,nonbank_status_unconfirmed,financing_fit_unverified,unverified,20,,,,,,,,PrivateLendersDirectory,https://www.privatelendersdirectory.com/united-states/parkland/business-lending/concrete-financial-insights,2026-09-30T03:47:17.242773+00:00,"Public directory listing; current phone ownership, email deliverability, private cash availability, $500K cash threshold, fulfillment financing eligibility and equity willingness have not been verified. At your service providing concrete financial insights and expert support"
CF-EDCB3C631F24,CONNEX,,,ralph@connexweb.com,,http://www.connexweb.com/,WA,business_finance_provider,nonbank_status_unconfirmed,financing_fit_unverified,unverified,20,,,,,,https://www.connexweb.com/contact.html,,PrivateLendersDirectory,https://www.privatelendersdirectory.com/united-states/kingston/business-lending/connex,2026-09-30T03:47:17.242773+00:00,"Public directory listing; current phone ownership, email deliverability, private cash availability, $500K cash threshold, fulfillment financing eligibility and equity willingness have not been verified. ConneX is a Banking, and Finance company located in Kingston, Washington"
CF-2572FA0E1E5D,CONSULTANDFUND.COM,,,,,http://www.consultandfund.com/,TX,business_finance_provider,nonbank_status_unconfirmed,financing_fit_unverified,unverified,20,,,,,,,,PrivateLendersDirectory,https://www.privatelendersdirectory.com/united-states/katy/business-lending/consultandfund-com,2026-09-30T03:47:17.242773+00:00,"Public directory listing; current phone ownership, email deliverability, private cash availability, $500K cash threshold, fulfillment financing eligibility and equity willingness have not been verified. We provide consulting and funding solutions for small businesses, start ups, and entrepreneurs."
CF-16F7989D98C1,CONSUMER CREDIT BUREAU,,,,,http://consumercreditbureau.org/,CA,business_finance_provider,nonbank_status_unconfirmed,financing_fit_unverified,unverified,20,,,,,,,,PrivateLendersDirectory,https://www.privatelendersdirectory.com/united-states/nice/business-lending/consumer-credit-bureau,2026-09-30T03:47:17.242773+00:00,"Public directory listing; current phone ownership, email deliverability, private cash availability, $500K cash threshold, fulfillment financing eligibility and equity willingness have not been verified. We have assisted thousands of clients in educating consumers with their credit needs and challenges by improving their scores to be able to qualify."
CF-CFFBEDC87302,CONTINENTAL BUSINESS CREDIT,,,,,http://www.cbcredit.com,CA,business_finance_provider,nonbank_status_unconfirmed,operations_finance_candidate_unverified,unverified,20,,,,,,,,PrivateLendersDirectory,https://www.privatelendersdirectory.com/united-states/los-angeles/business-lending/continental-business-credit,2026-09-30T03:47:17.242773+00:00,"Public directory listing; current phone ownership, email deliverability, private cash availability, $500K cash threshold, fulfillment financing eligibility and equity willingness have not been verified. Continental Business Credit is a  factoring/commercial finance company that provides working capital financing to small to medium sized companies."
CF-BF38BEA51587,Cookware,,,,,https://artarium.com/collections/cookware,N/A,business_finance_provider,nonbank_status_unconfirmed,financing_fit_unverified,unverified,20,,,,,,,,PrivateLendersDirectory,https://www.privatelendersdirectory.com/gurgaon/business-lending/cookware,2026-09-30T03:47:17.242773+00:00,"Public directory listing; current phone ownership, email deliverability, private cash availability, $500K cash threshold, fulfillment financing eligibility and equity willingness have not been verified."
CF-38B657BBBF5B,CORELINK CAPITAL,,,,1-704-655-7054,https://corelinkcapital.com/,NC,business_finance_provider,nonbank_status_unconfirmed,financing_fit_unverified,unverified,20,,,,,,https://corelinkcapital.com/,https://corelinkcapital.com/,PrivateLendersDirectory,https://www.privatelendersdirectory.com/united-states/charlotte/business-lending/corelink-capital,2026-09-30T03:47:17.242773+00:00,"Public directory listing; current phone ownership, email deliverability, private cash availability, $500K cash threshold, fulfillment financing eligibility and equity willingness have not been verified. CoreLink Capital, a private lending firm, we lend on Fix and Flip projects, new construction, long-term residential properties, as well as investing in Real Estate notes."
CF-E192305F22B6,CORNELL CONSULTING TECHNOLOGIES,,,,,https://www.cornellconsultingnow.com,FL,business_finance_provider,nonbank_status_unconfirmed,financing_fit_unverified,unverified,20,,,,,,,,PrivateLendersDirectory,https://www.privatelendersdirectory.com/united-states/largo/business-lending/cornell-consulting-technologies,2026-09-30T03:47:17.242773+00:00,"Public directory listing; current phone ownership, email deliverability, private cash availability, $500K cash threshold, fulfillment financing eligibility and equity willingness have not been verified. Cornell Consulting Technologies LLC offers a one stop business financing experience to meet your business funding needs."
CF-065BDD1981D3,CORPORATE CAPITAL,,,,,http://corporatecapitalpro.com/,NY,business_finance_provider,nonbank_status_unconfirmed,financing_fit_unverified,unverified,20,,,,,,,,PrivateLendersDirectory,https://www.privatelendersdirectory.com/united-states/new-york/business-lending/corporate-capital,2026-09-30T03:47:17.242773+00:00,"Public directory listing; current phone ownership, email deliverability, private cash availability, $500K cash threshold, fulfillment financing eligibility and equity willingness have not been verified. Experienced Business Development Officer with a demonstrated history of working in the financial services industry"
CF-127F3F680D88,CORPORATE CAPITAL STRATEGIES,,,,,https://www.corporatecapitalstrategies.com,PA,business_finance_provider,nonbank_status_unconfirmed,financing_fit_unverified,unverified,20,,,,,,,,PrivateLendersDirectory,https://www.privatelendersdirectory.com/united-states/pittsburgh/business-lending/corporate-capital-strategies,2026-09-30T03:47:17.242773+00:00,"Public directory listing; current phone ownership, email deliverability, private cash availability, $500K cash threshold, fulfillment financing eligibility and equity willingness have not been verified. Corporate Capital Strategies offers a one stop business financing experience to meet your business funding needs."
CF-97D488BCC31F,CORPORATE FUNDING,,,,,https://corporatefunding.com/,GA,business_finance_provider,nonbank_status_unconfirmed,operations_finance_candidate_unverified,unverified,20,,,,,,,,PrivateLendersDirectory,https://www.privatelendersdirectory.com/united-states/atlanta/business-lending/corporate-funding,2026-09-30T03:47:17.242773+00:00,"Public directory listing; current phone ownership, email deliverability, private cash availability, $500K cash threshold, fulfillment financing eligibility and equity willingness have not been verified. Commercial Funding That Fits Your Needs, Not Ours. When your business needs a boost of working capital, you want to find a business loan that fits into your business."
CF-9E4C7CD83DBB,Council for Native Hawaiian Advancement,,,info@hawaiiancouncil.org,,https://www.hawaiiancouncil.org/,HI,business_finance_provider,nonbank_status_unconfirmed,financing_fit_unverified,unverified,20,,,,,,https://www.hawaiiancouncil.org/,,PrivateLendersDirectory,https://www.privatelendersdirectory.com/united-states/kapolei/business-lending/council-for-native-hawaiian-advancement,2026-09-30T03:47:17.242773+00:00,"Public directory listing; current phone ownership, email deliverability, private cash availability, $500K cash threshold, fulfillment financing eligibility and equity willingness have not been verified. CNHA is a member-based 501(c)3 non-profit organization with a mission to enhance the cultural, economic, political, and community development of Native Hawaiians."
CF-B9EF999A7548,CRANBERRY COVE CAPITAL,,,,,http://www.crancove.com,PA,business_finance_provider,nonbank_status_unconfirmed,financing_fit_unverified,unverified,20,,,,,,,,PrivateLendersDirectory,https://www.privatelendersdirectory.com/united-states/red-lion/business-lending/cranberry-cove-capital,2026-09-30T03:47:17.242773+00:00,"Public directory listing; current phone ownership, email deliverability, private cash availability, $500K cash threshold, fulfillment financing eligibility and equity willingness have not been verified. Cranberry Cove Capital specializes to funding Small Businesses which use Commercial Real Estate as their primary collateral."
CF-2CF48A6CADD3,CREDIT CARD SYSTEMS SERVICES - CCSS,,,info@ccssusa.com,,http://ccssusa.com,NY,business_finance_provider,nonbank_status_unconfirmed,financing_fit_unverified,unverified,20,,,,,,https://ccssusa.com/,,PrivateLendersDirectory,https://www.privatelendersdirectory.com/united-states/the-bronx/business-lending/credit-card-systems-services-ccss,2026-09-30T03:47:17.242773+00:00,"Public directory listing; current phone ownership, email deliverability, private cash availability, $500K cash threshold, fulfillment financing eligibility and equity willingness have not been verified. CCSS provides an array of electronic processing options to retail, restaurant, mail order, telephone order, and Internet businesses."
CF-E2C95D24B531,CRYSTALFI,,,info@crystalfi.com,,https://www.crystalfi.com,FL,business_finance_provider,nonbank_status_unconfirmed,financing_fit_unverified,unverified,20,,,,,,https://crystalfi.com/,,PrivateLendersDirectory,https://www.privatelendersdirectory.com/united-states/miami/business-lending/crystalfi,2026-09-30T03:47:17.242773+00:00,"Public directory listing; current phone ownership, email deliverability, private cash availability, $500K cash threshold, fulfillment financing eligibility and equity willingness have not been verified. We offer a diverse range of financial service for consumers, small & medium sized businesses."
CF-535E4F51F493,CRÉDITO REAL USA - BUSINESS CAPITAL,,,,,https://www.crealusabc.com/,TX,business_finance_provider,nonbank_status_unconfirmed,financing_fit_unverified,unverified,20,,,,,,,,PrivateLendersDirectory,https://www.privatelendersdirectory.com/united-states/san-antonio/business-lending/crédito-real-usa-business-capital,2026-09-30T03:47:17.242773+00:00,"Public directory listing; current phone ownership, email deliverability, private cash availability, $500K cash threshold, fulfillment financing eligibility and equity willingness have not been verified. Crédito Real USA Business Capital is a financial services company based in San Antonio, TX, specializing in providing capital solutions for businesses."
CF-CCBCB46DB535,CULTIVA FINANCIAL,,,,1-210-777-1373,https://www.cultivafinancial.com/,TX,business_finance_provider,nonbank_status_unconfirmed,financing_fit_unverified,unverified,20,,,,,,,https://www.cultivafinancial.com/,PrivateLendersDirectory,https://www.privatelendersdirectory.com/united-states/san-antonio/business-lending/cultiva-financial,2026-09-30T03:47:17.242773+00:00,"Public directory listing; current phone ownership, email deliverability, private cash availability, $500K cash threshold, fulfillment financing eligibility and equity willingness have not been verified. Cultiva Financial offers fast and flexible financing for businesses around the globe looking to grow."
CF-6501A3C7DD72,CW GLOBAL FINANCE,,,,,https://www.cwglobalfinance.com/,NJ,business_finance_provider,nonbank_status_unconfirmed,financing_fit_unverified,unverified,20,,,,,,,,PrivateLendersDirectory,https://www.privatelendersdirectory.com/united-states/bound-brook/business-lending/cw-global-finance,2026-09-30T03:47:17.242773+00:00,"Public directory listing; current phone ownership, email deliverability, private cash availability, $500K cash threshold, fulfillment financing eligibility and equity willingness have not been verified. CW offers a one stop business financing experience to meet your business funding needs."
CF-CB2A7AB6F3D2,DAL FUNDING,,,,,https://www.dal-funding.com/,MD,business_finance_provider,nonbank_status_unconfirmed,financing_fit_unverified,unverified,20,,,,,,,,PrivateLendersDirectory,https://www.privatelendersdirectory.com/united-states/baltimore/business-lending/dal-funding,2026-09-30T03:47:17.242773+00:00,"Public directory listing; current phone ownership, email deliverability, private cash availability, $500K cash threshold, fulfillment financing eligibility and equity willingness have not been verified. DAL Funding offers a one stop business financing experience to meet your business funding needs."
CF-CB8AE7B90C86,DAWNS FINANCIAL,,,,,https://dawn.financial/,FL,business_finance_provider,nonbank_status_unconfirmed,financing_fit_unverified,unverified,20,,,,,,,,PrivateLendersDirectory,https://www.privatelendersdirectory.com/united-states/miami/business-lending/dawns-financial,2026-09-30T03:47:17.242773+00:00,"Public directory listing; current phone ownership, email deliverability, private cash availability, $500K cash threshold, fulfillment financing eligibility and equity willingness have not been verified. Dawn Financial provides new solutions to the biggest problems facing small businesses such as employee retention, employee benefits, business funding and reducing taxes."
CF-C6CCDE1BD5B2,DAZZLE CAPITAL FUNDING,,,info@dazzleincorporated.com,,https://www.dazzleincorporated.com/,GA,business_finance_provider,nonbank_status_unconfirmed,financing_fit_unverified,unverified,20,,,,,,https://www.dazzleincorporated.com/,,PrivateLendersDirectory,https://www.privatelendersdirectory.com/united-states/atlanta/business-lending/dazzle-capital-funding,2026-09-30T03:47:17.242773+00:00,"Public directory listing; current phone ownership, email deliverability, private cash availability, $500K cash threshold, fulfillment financing eligibility and equity willingness have not been verified. Dazzle Capital Funding, is a Nationwide Business Loan Consultant that assist Business Owners and Real Estate Investors with financial solutions."
CF-3F28B3845BB7,DEAL STREAM,,,,,https://dealstream.com/,MA,business_finance_provider,nonbank_status_unconfirmed,financing_fit_unverified,unverified,20,,,,,,,,PrivateLendersDirectory,https://www.privatelendersdirectory.com/united-states/cambridge/business-lending/deal-stream,2026-09-30T03:47:17.242773+00:00,"Public directory listing; current phone ownership, email deliverability, private cash availability, $500K cash threshold, fulfillment financing eligibility and equity willingness have not been verified. DealStream helps people source and market deals, including businesses for sale, investment opportunities, real estate, and more."
CF-56A160828320,DEBRA R. DUNSTON & ASSOCIATES,,,,1-240-392-5838,https://fundingthevisions.com/,NC,business_finance_provider,nonbank_status_unconfirmed,financing_fit_unverified,unverified,20,,,,,,,https://fundingthevisions.com/,PrivateLendersDirectory,https://www.privatelendersdirectory.com/united-states/charlotte/business-lending/debra-r-dunston-associates,2026-09-30T03:47:17.242773+00:00,"Public directory listing; current phone ownership, email deliverability, private cash availability, $500K cash threshold, fulfillment financing eligibility and equity willingness have not been verified. Helping nonprofits, social enterprises, and faith organizations devise a diverse revenue budget to secure the funding they need to sustain their vision."
CF-0BBEBE418AFD,DEEP OCEAN PARTNERS,,,solutions@deepoceanpartners.com,,https://deepoceanpartners.com/,NY,business_finance_provider,nonbank_status_unconfirmed,financing_fit_unverified,unverified,20,,,,,,https://www.deepoceanpartners.com/,,PrivateLendersDirectory,https://www.privatelendersdirectory.com/united-states/new-york/business-lending/deep-ocean-partners,2026-09-30T03:47:17.242773+00:00,"Public directory listing; current phone ownership, email deliverability, private cash availability, $500K cash threshold, fulfillment financing eligibility and equity willingness have not been verified. Deep Ocean Partners is a New York-based financial firm founded in 2023, offering custom credit solutions"
CF-1D259130216A,DEL MORGAN & CO.,,,,,https://delmorganco.com,CA,business_finance_provider,nonbank_status_unconfirmed,financing_fit_unverified,unverified,20,,,,,,,,PrivateLendersDirectory,https://www.privatelendersdirectory.com/united-states/santa-monica/business-lending/del-morgan-co,2026-09-30T03:47:17.242773+00:00,"Public directory listing; current phone ownership, email deliverability, private cash availability, $500K cash threshold, fulfillment financing eligibility and equity willingness have not been verified. A leading global investment bank with over $300 billion of successful transactions in over 80 countries."
CF-6E99002AA29B,DEVELOPMENT CAPITAL NETWORKS,,,,,http://dcnteam.com,OR,business_finance_provider,nonbank_status_unconfirmed,financing_fit_unverified,unverified,20,,,,,,,,PrivateLendersDirectory,https://www.privatelendersdirectory.com/united-states/salem/business-lending/development-capital-networks,2026-09-30T03:47:17.242773+00:00,"Public directory listing; current phone ownership, email deliverability, private cash availability, $500K cash threshold, fulfillment financing eligibility and equity willingness have not been verified. Specializing in the creation and administration of SSBCI funds for states and municipal consortiums."
CF-C7E48CCD5936,DEXTER FINANCIAL GROUP,,,,,https://www.dexterfinancialgroup.com/,TN,business_finance_provider,nonbank_status_unconfirmed,financing_fit_unverified,unverified,20,,,,,,,,PrivateLendersDirectory,https://www.privatelendersdirectory.com/united-states/knoxville/business-lending/dexter-financial-group,2026-09-30T03:47:17.242773+00:00,"Public directory listing; current phone ownership, email deliverability, private cash availability, $500K cash threshold, fulfillment financing eligibility and equity willingness have not been verified. Dexter Financial Group offers a one stop business financing experience to meet your business funding needs."
CF-2F411A5E4886,DIAMOND BUSINESS CREDIT,,,,,https://diamondbc.com/,MA,business_finance_provider,nonbank_status_unconfirmed,operations_finance_candidate_unverified,unverified,20,,,,,,,,PrivateLendersDirectory,https://www.privatelendersdirectory.com/united-states/rockland/business-lending/diamond-business-credit,2026-09-30T03:47:17.242773+00:00,"Public directory listing; current phone ownership, email deliverability, private cash availability, $500K cash threshold, fulfillment financing eligibility and equity willingness have not been verified. Diamond provides working capital financing to non-bankable businesses throughout the Northeast and beyond."
CF-9F02D73AB39F,DIRECT FUNDING NOW,,,,,https://www.directfundingnow.com/,CA,business_finance_provider,nonbank_status_unconfirmed,financing_fit_unverified,unverified,20,,,,,,,,PrivateLendersDirectory,https://www.privatelendersdirectory.com/united-states/irvine/business-lending/direct-funding-now,2026-09-30T03:47:17.242773+00:00,"Public directory listing; current phone ownership, email deliverability, private cash availability, $500K cash threshold, fulfillment financing eligibility and equity willingness have not been verified. At Direct Funding Now, we approach small business financing differently by offering tailored options, minimal stress, and expert guidance."
CF-4858A1801965,DIVERSIFIED BUSINESS FUNDING INC,,,,,http://www.divers-funding.com/,AZ,business_finance_provider,nonbank_status_unconfirmed,operations_finance_candidate_unverified,unverified,20,,,,,,,,PrivateLendersDirectory,https://www.privatelendersdirectory.com/united-states/phoenix/business-lending/diversified-business-funding-inc,2026-09-30T03:47:17.242773+00:00,"Public directory listing; current phone ownership, email deliverability, private cash availability, $500K cash threshold, fulfillment financing eligibility and equity willingness have not been verified. Diversified Business Funding, Inc. (DBFI) offers a variety of financial services for businesses, including loans, working capital advances, and receivable factoring."
CF-CE794A77821F,DIVERSIFIED FUNDING SERVICES,,,,,https://diversifiedfundingservices.com/,OH,business_finance_provider,nonbank_status_unconfirmed,financing_fit_unverified,unverified,20,,,,,,,,PrivateLendersDirectory,https://www.privatelendersdirectory.com/united-states/toledo/business-lending/diversified-funding-services,2026-09-30T03:47:17.242773+00:00,"Public directory listing; current phone ownership, email deliverability, private cash availability, $500K cash threshold, fulfillment financing eligibility and equity willingness have not been verified. Diversified Funding Services is a financial services company based in Toledo, OH"
CF-B882B06E8648,DIVINE BUSINESS CONNECTION,,,,,http://www.divinebizconnection.com/,TX,business_finance_provider,nonbank_status_unconfirmed,financing_fit_unverified,unverified,20,,,,,,,,PrivateLendersDirectory,https://www.privatelendersdirectory.com/united-states/houston/business-lending/divine-business-connection,2026-09-30T03:47:17.242773+00:00,"Public directory listing; current phone ownership, email deliverability, private cash availability, $500K cash threshold, fulfillment financing eligibility and equity willingness have not been verified. Divine Business Connection offers a one stop business financing experience to meet your business funding needs."
CF-6DAE7EA5B89B,DJAHUTY CAPITAL,,,,,http://www.djahutycapital.com/,OH,business_finance_provider,nonbank_status_unconfirmed,financing_fit_unverified,unverified,20,,,,,,,,PrivateLendersDirectory,https://www.privatelendersdirectory.com/united-states/columbus/business-lending/djahuty-capital,2026-09-30T03:47:17.242773+00:00,"Public directory listing; current phone ownership, email deliverability, private cash availability, $500K cash threshold, fulfillment financing eligibility and equity willingness have not been verified. Djahuty provides the wisdom needed to help fund any small business and the power to do so through funding, credit, and or leasing."
CF-2FDE86139B02,DMBA BUSINESS FUNDING,,,,,https://dmbabusinessfunding.com/,AZ,business_finance_provider,nonbank_status_unconfirmed,financing_fit_unverified,unverified,20,,,,,,,,PrivateLendersDirectory,https://www.privatelendersdirectory.com/united-states/phoenix/business-lending/dmba-business-funding,2026-09-30T03:47:17.242773+00:00,"Public directory listing; current phone ownership, email deliverability, private cash availability, $500K cash threshold, fulfillment financing eligibility and equity willingness have not been verified. DMBA Business Funding offers debt financing solutions as unique as your needs"
CF-DC9D380ACF20,DOLIN INTERNATIONAL TRADE & CAPITAL,,,,,http://www.dolininternational.com/,NY,business_finance_provider,nonbank_status_unconfirmed,financing_fit_unverified,unverified,20,,,,,,,,PrivateLendersDirectory,https://www.privatelendersdirectory.com/united-states/scarsdale/business-lending/dolin-international-trade-capital,2026-09-30T03:47:17.242773+00:00,"Public directory listing; current phone ownership, email deliverability, private cash availability, $500K cash threshold, fulfillment financing eligibility and equity willingness have not been verified. Accomplished financier specializing in implementing creative solutions for Global Industrial Partnerships."
CF-45AACA80C084,DPAI CAPITAL,,,,,http://dpaicapital.com/,MD,business_finance_provider,nonbank_status_unconfirmed,financing_fit_unverified,unverified,20,,,,,,,,PrivateLendersDirectory,https://www.privatelendersdirectory.com/united-states/baltimore/business-lending/dpai-capital,2026-09-30T03:47:17.242773+00:00,"Public directory listing; current phone ownership, email deliverability, private cash availability, $500K cash threshold, fulfillment financing eligibility and equity willingness have not been verified. DPAI Capital offers a one stop business financing experience to meet your business funding needs."
CF-1954180FD4A8,DREAMSPRING,,,,1-800-508-7624,https://www.dreamspring.org/,NM,business_finance_provider,nonbank_status_unconfirmed,financing_fit_unverified,unverified,20,,,,,,,https://www.dreamspring.org/,PrivateLendersDirectory,https://www.privatelendersdirectory.com/united-states/albuquerque/business-lending/dreamspring,2026-09-30T03:47:17.242773+00:00,"Public directory listing; current phone ownership, email deliverability, private cash availability, $500K cash threshold, fulfillment financing eligibility and equity willingness have not been verified. DreamSpring is an award-winning nonprofit organization that increases access to credit, makes loans, and provides a community of support to help entrepreneurs"
CF-DC6230E11754,DSL FUNDING,,,,,https://dslfunding.com/,AL,business_finance_provider,nonbank_status_unconfirmed,operations_finance_candidate_unverified,unverified,20,,,,,,,,PrivateLendersDirectory,https://www.privatelendersdirectory.com/united-states/decatur/business-lending/dsl-funding,2026-09-30T03:47:17.242773+00:00,"Public directory listing; current phone ownership, email deliverability, private cash availability, $500K cash threshold, fulfillment financing eligibility and equity willingness have not been verified. DSL Funding provides fast, easy access to Working Capital for businesses, even when traditional lending sources say NO!"
CF-EF6CCB62ACCD,E1G BUSINESS CONSULTING,,,,,http://www.e1gbusinessconsulting.com/,NY,business_finance_provider,nonbank_status_unconfirmed,financing_fit_unverified,unverified,20,,,,,,,,PrivateLendersDirectory,https://www.privatelendersdirectory.com/united-states/new-york/business-lending/e1g-business-consulting,2026-09-30T03:47:17.242773+00:00,"Public directory listing; current phone ownership, email deliverability, private cash availability, $500K cash threshold, fulfillment financing eligibility and equity willingness have not been verified. We can provide funding for startups, small and medium-sized companies."
CF-CACB1BB64EA3,EAST PASS FUNDING,,,,,https://epfnow.com/,AL,business_finance_provider,nonbank_status_unconfirmed,financing_fit_unverified,unverified,20,,,,,,,,PrivateLendersDirectory,https://www.privatelendersdirectory.com/united-states/gulf-shores/business-lending/east-pass-funding,2026-09-30T03:47:17.242773+00:00,"Public directory listing; current phone ownership, email deliverability, private cash availability, $500K cash threshold, fulfillment financing eligibility and equity willingness have not been verified. Help our clients nationwide with all aspects of Business funding, Equipment finance, Commercial Real estate funding, ERC and Credit card processing."
CF-C5A481127474,EASY FUNDING GROUP,,,,,http://www.easyfundinggroup.com/,CA,business_finance_provider,nonbank_status_unconfirmed,financing_fit_unverified,unverified,20,,,,,,,,PrivateLendersDirectory,https://www.privatelendersdirectory.com/united-states/san-diego/business-lending/easy-funding-group,2026-09-30T03:47:17.242773+00:00,"Public directory listing; current phone ownership, email deliverability, private cash availability, $500K cash threshold, fulfillment financing eligibility and equity willingness have not been verified. We Fund All Types of Businesses"
CF-AEC7331E4E2F,EBM SMOOTH CONSULTING,,,,,http://ebmsmoothconsulting.com/,FL,business_finance_provider,nonbank_status_unconfirmed,financing_fit_unverified,unverified,20,,,,,,,,PrivateLendersDirectory,https://www.privatelendersdirectory.com/united-states/pompano-beach/business-lending/ebm-smooth-consulting,2026-09-30T03:47:17.242773+00:00,"Public directory listing; current phone ownership, email deliverability, private cash availability, $500K cash threshold, fulfillment financing eligibility and equity willingness have not been verified. EBM Smooth Consulting offers a one stop business financing experience to meet your business funding needs."
CF-5B8A6F935DB1,EDOM CAPITAL,,,,,https://edomcapital.com/,NY,business_finance_provider,nonbank_status_unconfirmed,financing_fit_unverified,unverified,20,,,,,,,,PrivateLendersDirectory,https://www.privatelendersdirectory.com/united-states/great-river/business-lending/edom-capital,2026-09-30T03:47:17.242773+00:00,"Public directory listing; current phone ownership, email deliverability, private cash availability, $500K cash threshold, fulfillment financing eligibility and equity willingness have not been verified. We offer a range of loans designed for your business operations or expansion purposes."
CF-458D68500A59,EFB BUSINESS SOLUTIONS,,,info@efbbusinesssolutions.com,,https://efbbusinesssolutions.com/,FL,business_finance_provider,nonbank_status_unconfirmed,financing_fit_unverified,unverified,20,,,,,,https://efbbusinesssolutions.com/,,PrivateLendersDirectory,https://www.privatelendersdirectory.com/united-states/hialeah/business-lending/efb-business-solutions,2026-09-30T03:47:17.242773+00:00,"Public directory listing; current phone ownership, email deliverability, private cash availability, $500K cash threshold, fulfillment financing eligibility and equity willingness have not been verified. Business Funding: EFB Business Solutions is dedicated to providing a comprehensive suite of financial services designed to support businesses in achieving their goals."
CF-F40288DDF513,ELECTRA CAPITAL,,,,,https://www.electracapital.com/,FL,business_finance_provider,nonbank_status_unconfirmed,financing_fit_unverified,unverified,20,,,,,,,,PrivateLendersDirectory,https://www.privatelendersdirectory.com/united-states/west-palm-beach/business-lending/electra-capital,2026-09-30T03:47:17.242773+00:00,"Public directory listing; current phone ownership, email deliverability, private cash availability, $500K cash threshold, fulfillment financing eligibility and equity willingness have not been verified. Electra Capital is an alternative lender specializing in multifamily financing solutions"
CF-280241BAB0A2,ELITE BUSINESS CONCIERGE,,,,,https://teelynnae.com/,MD,business_finance_provider,nonbank_status_unconfirmed,financing_fit_unverified,unverified,20,,,,,,,,PrivateLendersDirectory,https://www.privatelendersdirectory.com/united-states/baltimore/business-lending/elite-business-concierge,2026-09-30T03:47:17.242773+00:00,"Public directory listing; current phone ownership, email deliverability, private cash availability, $500K cash threshold, fulfillment financing eligibility and equity willingness have not been verified. Elite Business Concierge provides premium virtual and local concierge services for busy business owners"
CF-390219C583D8,ELITE FINANCE TEAM,,,,,https://www.elitefinanceteam.com/contact/,NJ,business_finance_provider,nonbank_status_unconfirmed,financing_fit_unverified,unverified,20,,,,,,,,PrivateLendersDirectory,https://www.privatelendersdirectory.com/united-states/red-bank/business-lending/elite-finance-team,2026-09-30T03:47:17.242773+00:00,"Public directory listing; current phone ownership, email deliverability, private cash availability, $500K cash threshold, fulfillment financing eligibility and equity willingness have not been verified. Experience elite financial solutions and exceptional customer service tailored exclusively for small businesses."
CF-6C64C36FD90E,EMPIRE CAPITAL FUNDING,,,info@empirecapfund.com,,https://www.empirecapfund.com/,NY,business_finance_provider,nonbank_status_unconfirmed,financing_fit_unverified,unverified,20,,,,,,https://www.empirecapfund.com/,,PrivateLendersDirectory,https://www.privatelendersdirectory.com/united-states/business-lending/empire-capital-funding,2026-09-30T03:47:17.242773+00:00,"Public directory listing; current phone ownership, email deliverability, private cash availability, $500K cash threshold, fulfillment financing eligibility and equity willingness have not been verified. Empire Capital Funding offers a variety of Small Business Loans for business owners."
CF-63D5D85E13FF,EMPOWERED FINANCIAL CONSULTING,,,,,http://www.empoweredfinancialconsulting.com/,FL,business_finance_provider,nonbank_status_unconfirmed,financing_fit_unverified,unverified,20,,,,,,,,PrivateLendersDirectory,https://www.privatelendersdirectory.com/united-states/clearwater/business-lending/empowered-financial-consulting,2026-09-30T03:47:17.242773+00:00,"Public directory listing; current phone ownership, email deliverability, private cash availability, $500K cash threshold, fulfillment financing eligibility and equity willingness have not been verified. Empowered Financial Consulting offers a one stop business financing experience to meet your business funding needs."
CF-2603B3F7F6E2,ENCINA PRIVATE CREDIT,,,,,http://www.encinacapital.com,CT,business_finance_provider,nonbank_status_unconfirmed,financing_fit_unverified,unverified,20,,,,,,,,PrivateLendersDirectory,https://www.privatelendersdirectory.com/united-states/norwalk/business-lending/encina-private-credit,2026-09-30T03:47:17.242773+00:00,"Public directory listing; current phone ownership, email deliverability, private cash availability, $500K cash threshold, fulfillment financing eligibility and equity willingness have not been verified. We are a non-bank specialty finance company that partners with direct lenders to provide bespoke financing solutions to middle-market borrowers in the U.S. and Canada."
CF-9C391BC8E46C,ENTRE CAPITAL,,,,,https://www.entrecapital.com/,TX,business_finance_provider,nonbank_status_unconfirmed,financing_fit_unverified,unverified,20,,,,,,,,PrivateLendersDirectory,https://www.privatelendersdirectory.com/united-states/dallas/business-lending/entre-capital,2026-09-30T03:47:17.242773+00:00,"Public directory listing; current phone ownership, email deliverability, private cash availability, $500K cash threshold, fulfillment financing eligibility and equity willingness have not been verified. Entre Capital is the first and only CDFI providing affordable commercial loans and developmental services exclusively for returning citizens in Texas."
CF-2501E4B06AC8,EPIC CAPITOL,,,,,https://www.epiccapitol.com,GA,business_finance_provider,nonbank_status_unconfirmed,financing_fit_unverified,unverified,20,,,,,,,,PrivateLendersDirectory,https://www.privatelendersdirectory.com/united-states/powder-springs/business-lending/epic-capitol,2026-09-30T03:47:17.242773+00:00,"Public directory listing; current phone ownership, email deliverability, private cash availability, $500K cash threshold, fulfillment financing eligibility and equity willingness have not been verified. Epic Capitol offers a one stop business financing experience to meet your business funding needs."
CF-EC66A8DB0847,EPPSTONE CAPITAL,,,,,https://www.eppstone.com,FL,business_finance_provider,nonbank_status_unconfirmed,financing_fit_unverified,unverified,20,,,,,,,,PrivateLendersDirectory,https://www.privatelendersdirectory.com/united-states/boca-raton/business-lending/eppstone-capital,2026-09-30T03:47:17.242773+00:00,"Public directory listing; current phone ownership, email deliverability, private cash availability, $500K cash threshold, fulfillment financing eligibility and equity willingness have not been verified. We offer senior debt, lines of credit, bridge and mezzanine financing, SBA loans, EB-5 financing and JV equity in amounts of $2 million to $150 million."
CF-159B1E135FC4,EQUILEASE ONE,,,equileaseone@gmail.com,,http://equileaseone.com/,TX,business_finance_provider,nonbank_status_unconfirmed,financing_fit_unverified,unverified,20,,,,,,https://equileaseone.com/,,PrivateLendersDirectory,https://www.privatelendersdirectory.com/united-states/mckinney/business-lending/equilease-one,2026-09-30T03:47:17.242773+00:00,"Public directory listing; current phone ownership, email deliverability, private cash availability, $500K cash threshold, fulfillment financing eligibility and equity willingness have not been verified. EquiLease One provides innovative funding solutions."
CF-406B9D1772B5,EQUITABLE QUICK CAPITAL,,,,,https://www.equitablequickcapital.com,CA,business_finance_provider,nonbank_status_unconfirmed,financing_fit_unverified,unverified,20,,,,,,,,PrivateLendersDirectory,https://www.privatelendersdirectory.com/united-states/los-angeles/business-lending/equitable-quick-capital,2026-09-30T03:47:17.242773+00:00,"Public directory listing; current phone ownership, email deliverability, private cash availability, $500K cash threshold, fulfillment financing eligibility and equity willingness have not been verified. Equitable Quick Loans Funding offers a one stop business financing experience to meet your business funding needs."
CF-827CD8AD11F4,ERC FUNDING,,,support@ercfunding.us,,https://www.ercfunding.us,FL,business_finance_provider,nonbank_status_unconfirmed,financing_fit_unverified,unverified,20,,,,,,https://www.ercfunding.us/,,PrivateLendersDirectory,https://www.privatelendersdirectory.com/united-states/sarasota/business-lending/erc-funding,2026-09-30T03:47:17.242773+00:00,"Public directory listing; current phone ownership, email deliverability, private cash availability, $500K cash threshold, fulfillment financing eligibility and equity willingness have not been verified. We evaluate the opportunity for each client, provide a personalized plan to maximize the credit, and generate the necessary documentation."
CF-8EE4F6DBEF38,EVERGREEN FREEDOM FINANCE,,,,,https://www.evergreenfree.com,IN,business_finance_provider,nonbank_status_unconfirmed,financing_fit_unverified,unverified,20,,,,,,,,PrivateLendersDirectory,https://www.privatelendersdirectory.com/united-states/bloomington/business-lending/evergreen-freedom-finance,2026-09-30T03:47:17.242773+00:00,"Public directory listing; current phone ownership, email deliverability, private cash availability, $500K cash threshold, fulfillment financing eligibility and equity willingness have not been verified. We offer a one stop business financing experience to meet your business funding needs. We offer options to cover a wide range of industries for many different uses."
CF-8B767F4EBBB1,EVERSTREAM CAPITAL,,,,,https://everstreamcapital.net/,TX,business_finance_provider,nonbank_status_unconfirmed,financing_fit_unverified,unverified,20,,,,,,,,PrivateLendersDirectory,https://www.privatelendersdirectory.com/united-states/new-braunfels/business-lending/everstream-capital,2026-09-30T03:47:17.242773+00:00,"Public directory listing; current phone ownership, email deliverability, private cash availability, $500K cash threshold, fulfillment financing eligibility and equity willingness have not been verified. Everstream Capital provides business financial consultation services to entrepreneurs in all 50 states in most cases."
CF-54B02F387F3D,EXECUTIVE MERCHANT SERVICES,,,,,https://www.executivetalk.net/,CO,business_finance_provider,nonbank_status_unconfirmed,financing_fit_unverified,unverified,20,,,,,,,,PrivateLendersDirectory,https://www.privatelendersdirectory.com/united-states/englewood/business-lending/executive-merchant-services,2026-09-30T03:47:17.242773+00:00,"Public directory listing; current phone ownership, email deliverability, private cash availability, $500K cash threshold, fulfillment financing eligibility and equity willingness have not been verified. Executive Merchant Services strive to be a business partner to help you grow and market your business"
CF-E181DFA6D6AD,EZ FUNDING SOLUTIONS,,,,,https://www.ezfundingsolutions.com/,NJ,business_finance_provider,nonbank_status_unconfirmed,financing_fit_unverified,unverified,20,,,,,,,,PrivateLendersDirectory,https://www.privatelendersdirectory.com/united-states/new-brunswick/business-lending/ez-funding-solutions,2026-09-30T03:47:17.242773+00:00,"Public directory listing; current phone ownership, email deliverability, private cash availability, $500K cash threshold, fulfillment financing eligibility and equity willingness have not been verified. EZ Funding Solutions is your premier partner in unlocking the potential of your business through strategic funding solutions"
CF-E8B36AE83F81,F.O.C.U.S. RESOURCES,,,info@focusresourcesinc.com,,https://www.focusresourcesinc.com/,NC,business_finance_provider,nonbank_status_unconfirmed,financing_fit_unverified,unverified,20,,,,,,https://www.focusresourcesinc.com/,,PrivateLendersDirectory,https://www.privatelendersdirectory.com/united-states/cary/business-lending/f-o-c-u-s-resources,2026-09-30T03:47:17.242773+00:00,"Public directory listing; current phone ownership, email deliverability, private cash availability, $500K cash threshold, fulfillment financing eligibility and equity willingness have not been verified. F.O.C.U.S. Resources commits to developing our clients’ internal business expertise, we work with to solve ongoing and new challenges and pursue business opportunities"
CF-475307F01B97,FARM BUREAU FINANCIAL SERVICES,,,,1-877-860-2904,https://www.fbfs.com/,IA,business_finance_provider,nonbank_status_unconfirmed,financing_fit_unverified,unverified,20,,,,,,,https://www.fbfs.com/,PrivateLendersDirectory,https://www.privatelendersdirectory.com/united-states/west-des-moines/business-lending/farm-bureau-financial-services,2026-09-30T03:47:17.242773+00:00,"Public directory listing; current phone ownership, email deliverability, private cash availability, $500K cash threshold, fulfillment financing eligibility and equity willingness have not been verified. Farm Bureau Financial Services offers a full suite of insurance and financial services products to client/members in 14 Western and Midwestern states."
CF-163CCF5D8A0A,FAST BUSINESS FUNDING,,,,,http://www.fastbusinessfunding.net,GA,business_finance_provider,nonbank_status_unconfirmed,financing_fit_unverified,unverified,20,,,,,,,,PrivateLendersDirectory,https://www.privatelendersdirectory.com/united-states/lawrenceville/business-lending/fast-business-funding,2026-09-30T03:47:17.242773+00:00,"Public directory listing; current phone ownership, email deliverability, private cash availability, $500K cash threshold, fulfillment financing eligibility and equity willingness have not been verified. Offer businesses fast loans via online applications by going to http://www.fastbusinessfunding.net/1314 and completing a short simple application."
CF-25A62EF3FFC5,FAST TRAK LENDING,,,,,https://www.fasttraklending.com,OH,business_finance_provider,nonbank_status_unconfirmed,financing_fit_unverified,unverified,20,,,,,,,,PrivateLendersDirectory,https://www.privatelendersdirectory.com/united-states/perrysburg/business-lending/fast-trak-lending,2026-09-30T03:47:17.242773+00:00,"Public directory listing; current phone ownership, email deliverability, private cash availability, $500K cash threshold, fulfillment financing eligibility and equity willingness have not been verified. Business Funding Consulting for Small to Mid-Sized Business Owners"
CF-354EC29BEB3C,FAVORED SOURCE BUSINESS SOLUTIONS,,,,,http://www.favoredsource.com/,TX,business_finance_provider,nonbank_status_unconfirmed,financing_fit_unverified,unverified,20,,,,,,,,PrivateLendersDirectory,https://www.privatelendersdirectory.com/united-states/san-antonio/business-lending/favored-source-business-solutions,2026-09-30T03:47:17.242773+00:00,"Public directory listing; current phone ownership, email deliverability, private cash availability, $500K cash threshold, fulfillment financing eligibility and equity willingness have not been verified. Favored Source offers a one stop business financing experience to meet your business funding needs."
CF-219B37FD0795,FERMAT CAPITAL MANAGEMENT,,,,1-203-454-6800,https://www.fcm.com/,CT,business_finance_provider,nonbank_status_unconfirmed,financing_fit_unverified,unverified,20,,,,,,,https://www.fcm.com/contact.html,PrivateLendersDirectory,https://www.privatelendersdirectory.com/united-states/westport/business-lending/fermat-capital-management,2026-09-30T03:47:17.242773+00:00,"Public directory listing; current phone ownership, email deliverability, private cash availability, $500K cash threshold, fulfillment financing eligibility and equity willingness have not been verified. Fermat Capital Management provides insurance-linked securities, trade finance, risk management, and asset management solutions."
CF-F9E7CC672F09,FINANCE PROS,,,,,https://financing-marketplace.com/,GA,business_finance_provider,nonbank_status_unconfirmed,financing_fit_unverified,unverified,20,,,,,,,,PrivateLendersDirectory,https://www.privatelendersdirectory.com/united-states/atlanta/business-lending/finance-pros,2026-09-30T03:47:17.242773+00:00,"Public directory listing; current phone ownership, email deliverability, private cash availability, $500K cash threshold, fulfillment financing eligibility and equity willingness have not been verified. We specialize in connecting individuals and businesses with tailored financial solutions."
CF-2FA3829F2307,FINANCIAL CORP SBA EXPRESS,,,,,https://financialcorpsbaexpress.com/,FL,business_finance_provider,nonbank_status_unconfirmed,financing_fit_unverified,unverified,20,,,,,,,,PrivateLendersDirectory,https://www.privatelendersdirectory.com/united-states/hollywood/business-lending/financial-corp-sba-express,2026-09-30T03:47:17.242773+00:00,"Public directory listing; current phone ownership, email deliverability, private cash availability, $500K cash threshold, fulfillment financing eligibility and equity willingness have not been verified. As small business financing experts, we specialize in helping entrepreneurs and startups secure the funding they need to succeed."
CF-C4107D739087,FINANCIAL RESOURCE GROUP,,,,,http://www.financial-resource-group-inc.com/,TN,business_finance_provider,nonbank_status_unconfirmed,financing_fit_unverified,unverified,20,,,,,,,,PrivateLendersDirectory,https://www.privatelendersdirectory.com/united-states/nashville/business-lending/financial-resource-group,2026-09-30T03:47:17.242773+00:00,"Public directory listing; current phone ownership, email deliverability, private cash availability, $500K cash threshold, fulfillment financing eligibility and equity willingness have not been verified. Financial Resource Group LLC offers a one stop business financing experience to meet your business funding needs."
CF-2BB56F8DDEE2,FINTECH4GOOD,,,info@fintech4good.co,,https://www.fintech4good.co/,IL,business_finance_provider,nonbank_status_unconfirmed,financing_fit_unverified,unverified,20,,,,,,https://www.fintech4good.co/,,PrivateLendersDirectory,https://www.privatelendersdirectory.com/united-states/chicago/business-lending/fintech4good,2026-09-30T03:47:17.242773+00:00,"Public directory listing; current phone ownership, email deliverability, private cash availability, $500K cash threshold, fulfillment financing eligibility and equity willingness have not been verified. VENTURE UNIVERSITY"
CF-C036425A8FA2,FIRST CHOICE CAPITAL,,,,,https://www.yourfirstchoicecapital.com/,IL,business_finance_provider,nonbank_status_unconfirmed,financing_fit_unverified,unverified,20,,,,,,,,PrivateLendersDirectory,https://www.privatelendersdirectory.com/united-states/chicago/business-lending/first-choice-capital,2026-09-30T03:47:17.242773+00:00,"Public directory listing; current phone ownership, email deliverability, private cash availability, $500K cash threshold, fulfillment financing eligibility and equity willingness have not been verified. A family-run business funding brokerage helping small, minority owned & startups secure business funding."
CF-5D0AF13B7AEC,FIRST SEED FUNDING,,,,,https://firstseedfund.com/,NE,business_finance_provider,nonbank_status_unconfirmed,financing_fit_unverified,unverified,20,,,,,,,,PrivateLendersDirectory,https://www.privatelendersdirectory.com/united-states/valparaiso/business-lending/first-seed-funding,2026-09-30T03:47:17.242773+00:00,"Public directory listing; current phone ownership, email deliverability, private cash availability, $500K cash threshold, fulfillment financing eligibility and equity willingness have not been verified. First Seed is a unique and tailored platform designed specifically to facilitate individual fundraising efforts within their personal network"
CF-7E985CE8B59B,FIVE MINUTES CASH,,,,,https://fiveminutescash.com/,FL,business_finance_provider,nonbank_status_unconfirmed,financing_fit_unverified,unverified,20,,,,,,,,PrivateLendersDirectory,https://www.privatelendersdirectory.com/united-states/hollywood/business-lending/five-minutes-cash,2026-09-30T03:47:17.242773+00:00,"Public directory listing; current phone ownership, email deliverability, private cash availability, $500K cash threshold, fulfillment financing eligibility and equity willingness have not been verified. FiveMinutesCash helps business owners like you get funding for any business need"
CF-94DC73EA0463,FJW INC,,,,,https://www.utahbizconsult.com/,UT,business_finance_provider,nonbank_status_unconfirmed,financing_fit_unverified,unverified,20,,,,,,,,PrivateLendersDirectory,https://www.privatelendersdirectory.com/united-states/ogden/business-lending/fjw-inc,2026-09-30T03:47:17.242773+00:00,"Public directory listing; current phone ownership, email deliverability, private cash availability, $500K cash threshold, fulfillment financing eligibility and equity willingness have not been verified. We want to help you cut through the red tape to get the funding you need."
CF-01EA8DE3F71A,FLAT FEE BUSINESS SERVICES,,,,,https://flatfeemerchantservices.com/,GA,business_finance_provider,nonbank_status_unconfirmed,financing_fit_unverified,unverified,20,,,,,,,,PrivateLendersDirectory,https://www.privatelendersdirectory.com/united-states/norcross/business-lending/flat-fee-business-services,2026-09-30T03:47:17.242773+00:00,"Public directory listing; current phone ownership, email deliverability, private cash availability, $500K cash threshold, fulfillment financing eligibility and equity willingness have not been verified. Flat Fee Merchant Services provides card processing, business marketing, and consumer finance services."
CF-8116A003BC3F,FLORIDA FUNDING,,,,,http://www.florida-funding.com/,FL,business_finance_provider,nonbank_status_unconfirmed,financing_fit_unverified,unverified,20,,,,,,,,PrivateLendersDirectory,https://www.privatelendersdirectory.com/united-states/orlando/business-lending/florida-funding,2026-09-30T03:47:17.242773+00:00,"Public directory listing; current phone ownership, email deliverability, private cash availability, $500K cash threshold, fulfillment financing eligibility and equity willingness have not been verified. We offer a wide range of loan options with flexible access tailored to your needs."
CF-CB0A55598DB7,FNBCC SMALL BUSINESS LENDING,,,,1-833-281-5626,https://fnbccsmallbusiness.com/,FL,business_finance_provider,nonbank_status_unconfirmed,financing_fit_unverified,unverified,20,,,,,,,https://fnbccsmallbusiness.com/,PrivateLendersDirectory,https://www.privatelendersdirectory.com/united-states/jacksonville/business-lending/fnbcc-small-business-lending,2026-09-30T03:47:17.242773+00:00,"Public directory listing; current phone ownership, email deliverability, private cash availability, $500K cash threshold, fulfillment financing eligibility and equity willingness have not been verified. FNBCC Small Business Lending specializes in funding SBA 7a loans, SBA 504 loans, and USDA B&I loans to a wide variety of industries."
CF-FCB64BE6B062,FOOTHILLS BUSINESS SOLUTIONS,,,,,https://www.foothillsbiz.com/,WA,business_finance_provider,nonbank_status_unconfirmed,financing_fit_unverified,unverified,20,,,,,,,,PrivateLendersDirectory,https://www.privatelendersdirectory.com/united-states/issaquah/business-lending/foothills-business-solutions,2026-09-30T03:47:17.242773+00:00,"Public directory listing; current phone ownership, email deliverability, private cash availability, $500K cash threshold, fulfillment financing eligibility and equity willingness have not been verified. Foothills Business Solutions LLC is a company that operates in the Holding Companies industry"
CF-A0863B1803F0,FORESIGHT BUSINESS FUNDING,,,,,https://www.bizfundfirst.com/,IN,business_finance_provider,nonbank_status_unconfirmed,financing_fit_unverified,unverified,20,,,,,,,,PrivateLendersDirectory,https://www.privatelendersdirectory.com/united-states/indianapolis/business-lending/foresight-business-funding-5146,2026-09-30T03:47:17.242773+00:00,"Public directory listing; current phone ownership, email deliverability, private cash availability, $500K cash threshold, fulfillment financing eligibility and equity willingness have not been verified. Foresight Funding provides business loans and real estate loans to small businesses."
CF-346684ACB3AE,FORTITUDE FINANCIAL CONSULTING,,,,,https://www.fortitudefinc.com/,TX,business_finance_provider,nonbank_status_unconfirmed,financing_fit_unverified,unverified,20,,,,,,,,PrivateLendersDirectory,https://www.privatelendersdirectory.com/united-states/frisco/business-lending/fortitude-financial-consulting,2026-09-30T03:47:17.242773+00:00,"Public directory listing; current phone ownership, email deliverability, private cash availability, $500K cash threshold, fulfillment financing eligibility and equity willingness have not been verified. We provide strategic professional Business Advisory Consulting Services and Financial Coaching Services."
CF-07AB9D30FF11,FOX BUSINESS FUNDING,,,,1-800-895-4424,https://foxbusinessfunding.com/,FL,business_finance_provider,nonbank_status_unconfirmed,financing_fit_unverified,unverified,20,,,,,,,https://foxbusinessfunding.com/,PrivateLendersDirectory,https://www.privatelendersdirectory.com/united-states/hollywood/business-lending/fox-business-funding,2026-09-30T03:47:17.242773+00:00,"Public directory listing; current phone ownership, email deliverability, private cash availability, $500K cash threshold, fulfillment financing eligibility and equity willingness have not been verified. Fox Business Funding provides a variety of sustained funding options for small and mid-size businesses."
CF-7393185DA4B6,FREEDOM LEGACY LENDING - INVESTMENT,,,,1-949-329-0900,https://www.freedomlegacylending.com/,CA,business_finance_provider,nonbank_status_unconfirmed,financing_fit_unverified,unverified,20,,,,,,,https://www.freedomlegacylending.com/,PrivateLendersDirectory,https://www.privatelendersdirectory.com/united-states/irvine/business-lending/freedom-legacy-lending-investment,2026-09-30T03:47:17.242773+00:00,"Public directory listing; current phone ownership, email deliverability, private cash availability, $500K cash threshold, fulfillment financing eligibility and equity willingness have not been verified. Freedom Legacy Lending is a full service Mortgage Brokerage. We specialize in Orange County jumbo loans."
CF-9B748D94A708,FRONTIER CAPITAL MANAGEMENT INC.,,,,,https://frcap.com/,WY,business_finance_provider,nonbank_status_unconfirmed,financing_fit_unverified,unverified,20,,,,,,,,PrivateLendersDirectory,https://www.privatelendersdirectory.com/united-states/wilson/business-lending/frontier-capital-management-inc,2026-09-30T03:47:17.242773+00:00,"Public directory listing; current phone ownership, email deliverability, private cash availability, $500K cash threshold, fulfillment financing eligibility and equity willingness have not been verified."
CF-082F0E4E631D,FUNDAMENTAL ADVISORS,,,,,https://www.fundamental.com/,NY,business_finance_provider,nonbank_status_unconfirmed,financing_fit_unverified,unverified,20,,,,,,https://www.fundamental.com/,,PrivateLendersDirectory,https://www.privatelendersdirectory.com/united-states/new-york/business-lending/fundamental-advisors,2026-09-30T03:47:17.242773+00:00,"Public directory listing; current phone ownership, email deliverability, private cash availability, $500K cash threshold, fulfillment financing eligibility and equity willingness have not been verified. Our firm operates at the intersection of municipal finance, community assets and special situations.
HR, employment, webmaster, privacy, legal or press-only inbox is not a financing inquiry contact."
CF-5310627A0154,FUNDFI MERCHANT FUNDING,,,,1-929-277-0182,https://www.fundfimerchantfunding.com/,NY,business_finance_provider,nonbank_status_unconfirmed,financing_fit_unverified,unverified,20,,,,,,,https://www.fundfimerchantfunding.com/,PrivateLendersDirectory,https://www.privatelendersdirectory.com/united-states/new-york/business-lending/fundfi-merchant-funding,2026-09-30T03:47:17.242773+00:00,"Public directory listing; current phone ownership, email deliverability, private cash availability, $500K cash threshold, fulfillment financing eligibility and equity willingness have not been verified. FundFi provides alternative financing solutions for small to mid-size businesses across the US and Canada."
CF-E2768332C719,FUNDING APE,,,,,http://www.fundingape.com/,FL,business_finance_provider,nonbank_status_unconfirmed,financing_fit_unverified,unverified,20,,,,,,,,PrivateLendersDirectory,https://www.privatelendersdirectory.com/united-states/north-redington-beach/business-lending/funding-ape,2026-09-30T03:47:17.242773+00:00,"Public directory listing; current phone ownership, email deliverability, private cash availability, $500K cash threshold, fulfillment financing eligibility and equity willingness have not been verified. Funding Ape provides personal service and will strive to get you the best rate and term possible for your business funding."
CF-7B436F1D2A9E,FUNDING CONSULTANTS,,,,,https://www.fundingconsultantsinc.com,LA,business_finance_provider,nonbank_status_unconfirmed,financing_fit_unverified,unverified,20,,,,,,,,PrivateLendersDirectory,https://www.privatelendersdirectory.com/united-states/baton-rouge/business-lending/funding-consultants,2026-09-30T03:47:17.242773+00:00,"Public directory listing; current phone ownership, email deliverability, private cash availability, $500K cash threshold, fulfillment financing eligibility and equity willingness have not been verified. We help people obtain funding for a variety of purposes such as individual home buying, starting a business, or expanding an existing enterprise."
CF-BD25347BFE24,FUNDING GROWTH,,,,,https://www.fundinggrowth.com,UT,business_finance_provider,nonbank_status_unconfirmed,financing_fit_unverified,unverified,20,,,,,,,,PrivateLendersDirectory,https://www.privatelendersdirectory.com/united-states/west-jordan/business-lending/funding-growth,2026-09-30T03:47:17.242773+00:00,"Public directory listing; current phone ownership, email deliverability, private cash availability, $500K cash threshold, fulfillment financing eligibility and equity willingness have not been verified. Funding Growth is not just another funding company; we're the accelerant for established companies and the launchpad for startups - even if you're ""pre-revenue"""
CF-8415352488D8,FUNDING MERCHANT SOURCE,,,,,http://www.fundingmerchantsource.com,CA,business_finance_provider,nonbank_status_unconfirmed,financing_fit_unverified,unverified,20,,,,,,,,PrivateLendersDirectory,https://www.privatelendersdirectory.com/united-states/manhattan-beach/business-lending/funding-merchant-source,2026-09-30T03:47:17.242773+00:00,"Public directory listing; current phone ownership, email deliverability, private cash availability, $500K cash threshold, fulfillment financing eligibility and equity willingness have not been verified. A business consulting firm that offers merchant cash advances to businesses"
CF-C5971856E881,FUNDING SOLUTION SERVICES,,,,,https://www.fundingsolutionservices.com,MI,business_finance_provider,nonbank_status_unconfirmed,financing_fit_unverified,unverified,20,,,,,,,,PrivateLendersDirectory,https://www.privatelendersdirectory.com/united-states/bloomfield-hills/business-lending/funding-solution-services,2026-09-30T03:47:17.242773+00:00,"Public directory listing; current phone ownership, email deliverability, private cash availability, $500K cash threshold, fulfillment financing eligibility and equity willingness have not been verified. FSS offers a one stop business financing experience to meet your business funding needs."
CF-07D5D312E74E,FUNDING THE DREAMS,,,,,http://www.fundingthedreams.com/,FL,business_finance_provider,nonbank_status_unconfirmed,financing_fit_unverified,unverified,20,,,,,,,,PrivateLendersDirectory,https://www.privatelendersdirectory.com/united-states/business-lending/funding-the-dreams,2026-09-30T03:47:17.242773+00:00,"Public directory listing; current phone ownership, email deliverability, private cash availability, $500K cash threshold, fulfillment financing eligibility and equity willingness have not been verified. We provide individualized funding for businesses of all sizes and entrepreneurs who are tired of jumping through hoops just to get some simple funding."
CF-0FC2A3F670EF,FUNDIT&SCALE,,,,,http://www.funditandscale.com/,PA,business_finance_provider,nonbank_status_unconfirmed,financing_fit_unverified,unverified,20,,,,,,,,PrivateLendersDirectory,https://www.privatelendersdirectory.com/united-states/king-of-prussia/business-lending/fundit-scale,2026-09-30T03:47:17.242773+00:00,"Public directory listing; current phone ownership, email deliverability, private cash availability, $500K cash threshold, fulfillment financing eligibility and equity willingness have not been verified. At Fundit&Scale, we’re passionate about helping entrepreneurs, real estate investors, and business owners secure the funding they need to bring their dreams to life."
CF-74AFD85FFEDF,FUNDMAX,,,,,https://fund-max.com/,FL,business_finance_provider,nonbank_status_unconfirmed,financing_fit_unverified,unverified,20,,,,,,,,PrivateLendersDirectory,https://www.privatelendersdirectory.com/united-states/boca-raton/business-lending/fundmax,2026-09-30T03:47:17.242773+00:00,"Public directory listing; current phone ownership, email deliverability, private cash availability, $500K cash threshold, fulfillment financing eligibility and equity willingness have not been verified. At FundMax, we’re more than just a funding provider—we’re your trusted partner in growth."
CF-60D6DA0F4722,FUNDOMATE,,,,,https://www.fundomate.com,CA,business_finance_provider,nonbank_status_unconfirmed,financing_fit_unverified,unverified,20,,,,,,,,PrivateLendersDirectory,https://www.privatelendersdirectory.com/united-states/el-segundo/business-lending/fundomate,2026-09-30T03:47:17.242773+00:00,"Public directory listing; current phone ownership, email deliverability, private cash availability, $500K cash threshold, fulfillment financing eligibility and equity willingness have not been verified. It is our mission to empower business owners to achieve their goals by providing fast and affordable financing at key moments in the business lifecycle."
CF-ED889BEA871E,G2 CAPITAL ADVISORS,,,,,https://g2capitaladvisors.com/,MA,business_finance_provider,nonbank_status_unconfirmed,financing_fit_unverified,unverified,20,,,,,,,,PrivateLendersDirectory,https://www.privatelendersdirectory.com/united-states/boston/business-lending/g2-capital-advisors,2026-09-30T03:47:17.242773+00:00,"Public directory listing; current phone ownership, email deliverability, private cash availability, $500K cash threshold, fulfillment financing eligibility and equity willingness have not been verified. G2 is a multi-product, industry-focused investment bank delivering bespoke operational and financial advisory solutions."
CF-0694764DD995,GARRINGTON CAPITAL,,,,,https://garringtoncapital.com/,IL,business_finance_provider,nonbank_status_unconfirmed,financing_fit_unverified,unverified,20,,,,,,,,PrivateLendersDirectory,https://www.privatelendersdirectory.com/united-states/deerfield/business-lending/garrington-capital,2026-09-30T03:47:17.242773+00:00,"Public directory listing; current phone ownership, email deliverability, private cash availability, $500K cash threshold, fulfillment financing eligibility and equity willingness have not been verified. We provide creative and optimal financing solutions to support business development across the US and Canada."
CF-D8B6AB82C87F,GC CAPITAL FUNDING,,,,,http://www.gccapitalfunding.com/,FL,business_finance_provider,nonbank_status_unconfirmed,financing_fit_unverified,unverified,20,,,,,,,,PrivateLendersDirectory,https://www.privatelendersdirectory.com/united-states/pompano-beach/business-lending/gc-capital-funding,2026-09-30T03:47:17.242773+00:00,"Public directory listing; current phone ownership, email deliverability, private cash availability, $500K cash threshold, fulfillment financing eligibility and equity willingness have not been verified. We Offer our clients the number 1 Funding, Capital and Business Credit Solution today."
CF-0493FE1F7080,GEM CAPITAL FUNDING,,,,,https://gemcapitalfunding.com,NY,business_finance_provider,nonbank_status_unconfirmed,financing_fit_unverified,unverified,20,,,,,,,,PrivateLendersDirectory,https://www.privatelendersdirectory.com/united-states/new-york/business-lending/gem-capital-funding,2026-09-30T03:47:17.242773+00:00,"Public directory listing; current phone ownership, email deliverability, private cash availability, $500K cash threshold, fulfillment financing eligibility and equity willingness have not been verified. We offer a suite of quality Lending that will help you get there quickly and smoothly."
CF-47244F6B34B4,GENIUS BUSINESS CREDIT,,,,,https://geniusbusinesscredit.com/,MD,business_finance_provider,nonbank_status_unconfirmed,financing_fit_unverified,unverified,20,,,,,,,,PrivateLendersDirectory,https://www.privatelendersdirectory.com/united-states/bethesda/business-lending/genius-business-credit,2026-09-30T03:47:17.242773+00:00,"Public directory listing; current phone ownership, email deliverability, private cash availability, $500K cash threshold, fulfillment financing eligibility and equity willingness have not been verified. Helping Business Owners with Funding, Growth and Exit Planning."
CF-FF7273E6A983,GET BUSINESS FUNDING,,,,,https://www.getbusinessfunding.com/,PA,business_finance_provider,nonbank_status_unconfirmed,financing_fit_unverified,unverified,20,,,,,,,,PrivateLendersDirectory,https://www.privatelendersdirectory.com/united-states/butler/business-lending/get-business-funding,2026-09-30T03:47:17.242773+00:00,"Public directory listing; current phone ownership, email deliverability, private cash availability, $500K cash threshold, fulfillment financing eligibility and equity willingness have not been verified. We help small businesses obtain funding so they can grow, scale, and succeed!"
CF-AE7BF4725737,GIGGLE FINANCE,,,,,https://gigglefinance.com/,FL,business_finance_provider,nonbank_status_unconfirmed,financing_fit_unverified,unverified,20,,,,,,,,PrivateLendersDirectory,https://www.privatelendersdirectory.com/united-states/miami/business-lending/giggle-finance,2026-09-30T03:47:17.242773+00:00,"Public directory listing; current phone ownership, email deliverability, private cash availability, $500K cash threshold, fulfillment financing eligibility and equity willingness have not been verified. Giggle provides fast and transparent financing to the Gig Economy."
CF-729A25876991,GIPSON COMMERCIAL SOLUTIONS,,,,,https://gipsoncommercialsolutions.com/,FL,business_finance_provider,nonbank_status_unconfirmed,financing_fit_unverified,unverified,20,,,,,,,,PrivateLendersDirectory,https://www.privatelendersdirectory.com/united-states/freeport/business-lending/gipson-commercial-solutions,2026-09-30T03:47:17.242773+00:00,"Public directory listing; current phone ownership, email deliverability, private cash availability, $500K cash threshold, fulfillment financing eligibility and equity willingness have not been verified. The experts at Gipson Commercial Solutions have a wealth of experience with commercial lending"
CF-BE255610AC96,GOGO FUNDING SB,,,,,http://www.gogofundingsb.com/,FL,business_finance_provider,nonbank_status_unconfirmed,financing_fit_unverified,unverified,20,,,,,,,,PrivateLendersDirectory,https://www.privatelendersdirectory.com/united-states/fort-lauderdale/business-lending/gogo-funding-sb,2026-09-30T03:47:17.242773+00:00,"Public directory listing; current phone ownership, email deliverability, private cash availability, $500K cash threshold, fulfillment financing eligibility and equity willingness have not been verified. GoGo offers a one stop business financing experience to meet your business funding needs."
CF-536922BFBC9F,GOLDEN STATE BUSINESS FUNDING,,,,,https://goldenstatefunding.com/,CA,business_finance_provider,nonbank_status_unconfirmed,financing_fit_unverified,unverified,20,,,,,,,,PrivateLendersDirectory,https://www.privatelendersdirectory.com/united-states/davis/business-lending/golden-state-business-funding,2026-09-30T03:47:17.242773+00:00,"Public directory listing; current phone ownership, email deliverability, private cash availability, $500K cash threshold, fulfillment financing eligibility and equity willingness have not been verified. Golden State Funding is a business consulting firm that offers merchant credit card processing and cash advance financing services."
CF-4CB12FCF6EA1,GOLDSTAR FUNDING,,,,,http://www.goldstarfundingllc.com/,GA,business_finance_provider,nonbank_status_unconfirmed,financing_fit_unverified,unverified,20,,,,,,,,PrivateLendersDirectory,https://www.privatelendersdirectory.com/united-states/fayetteville/business-lending/goldstar-funding,2026-09-30T03:47:17.242773+00:00,"Public directory listing; current phone ownership, email deliverability, private cash availability, $500K cash threshold, fulfillment financing eligibility and equity willingness have not been verified. Goldstar offers a one stop business financing experience to meet your business funding needs."
CF-E622F04E5CF0,GOODMAN CAPITAL FINANCE,,,,1-877-446-6362,https://www.goodmancapitalfinance.com/,TX,business_finance_provider,nonbank_status_unconfirmed,financing_fit_unverified,unverified,20,,,,,,,https://www.goodmancapitalfinance.com/,PrivateLendersDirectory,https://www.privatelendersdirectory.com/united-states/dallas/business-lending/goodman-capital-finance,2026-09-30T03:47:17.242773+00:00,"Public directory listing; current phone ownership, email deliverability, private cash availability, $500K cash threshold, fulfillment financing eligibility and equity willingness have not been verified. Goodman Capital Finance, based in Dallas, Texas, is one of the oldest privately-owned specialty lenders in the United States"
CF-CA5D3C388AB5,GREAT BUSINESS CREDIT,,,,,https://greatbusinesscredit.com/,HI,business_finance_provider,nonbank_status_unconfirmed,financing_fit_unverified,unverified,20,,,,,,,,PrivateLendersDirectory,https://www.privatelendersdirectory.com/united-states/kapolei/business-lending/great-business-credit,2026-09-30T03:47:17.242773+00:00,"Public directory listing; current phone ownership, email deliverability, private cash availability, $500K cash threshold, fulfillment financing eligibility and equity willingness have not been verified. Our expert business advising and finance team help you through all aspects of obtaining corporate credit and acquiring business loans."
CF-C076117C3704,GREEN ANGEL FINANCIAL,,,,,https://www.greenangelfinancial.com,WA,business_finance_provider,nonbank_status_unconfirmed,financing_fit_unverified,unverified,20,,,,,,,,PrivateLendersDirectory,https://www.privatelendersdirectory.com/united-states/seattle/business-lending/green-angel-financial,2026-09-30T03:47:17.242773+00:00,"Public directory listing; current phone ownership, email deliverability, private cash availability, $500K cash threshold, fulfillment financing eligibility and equity willingness have not been verified. Green Angel offers a one stop business financing experience to meet your business funding needs."
CF-39F7E308AB89,GREEN INK CAPITAL,,,,,https://greeninkcapital.com/,TX,business_finance_provider,nonbank_status_unconfirmed,financing_fit_unverified,unverified,20,,,,,,,,PrivateLendersDirectory,https://www.privatelendersdirectory.com/united-states/houston/business-lending/green-ink-capital,2026-09-30T03:47:17.242773+00:00,"Public directory listing; current phone ownership, email deliverability, private cash availability, $500K cash threshold, fulfillment financing eligibility and equity willingness have not been verified. Green Ink Capital specializes in providing commercial loans to owners, investors, builders, and developers."
CF-A5C0546EEC9D,GREEN WING COMMERCIAL CAPITAL,,,winni@greenwingcc.com,,https://greenwingcc.com/,LA,business_finance_provider,nonbank_status_unconfirmed,financing_fit_unverified,unverified,20,,,,,,https://greenwingcc.com/,,PrivateLendersDirectory,https://www.privatelendersdirectory.com/united-states/baton-rouge/business-lending/green-wing-commercial-capital,2026-09-30T03:47:17.242773+00:00,"Public directory listing; current phone ownership, email deliverability, private cash availability, $500K cash threshold, fulfillment financing eligibility and equity willingness have not been verified. BATON ROUGE, LA PRIVATE REAL ESTATE LENDER	We specialize in commercial real estate, equipment financing and asset based lending."
CF-44858499764A,GROUP ISO MERCHANT SERVICES,,,,1-800-960-0135,http://groupiso.com/,CA,business_finance_provider,nonbank_status_unconfirmed,financing_fit_unverified,unverified,20,,,,,,,https://www.groupiso.com/,PrivateLendersDirectory,https://www.privatelendersdirectory.com/united-states/newport-beach/business-lending/group-iso-merchant-services,2026-09-30T03:47:17.242773+00:00,"Public directory listing; current phone ownership, email deliverability, private cash availability, $500K cash threshold, fulfillment financing eligibility and equity willingness have not been verified. We’ve been in business for over 20 years and our customers trust us to offer outstanding payments and funding solutions that help them level up their businesses."
CF-3B17322AA8A5,GRYPHON BUSINESS LENDING SOURCE,,,,,https://gryphonbizlendingsource.com/,NC,business_finance_provider,nonbank_status_unconfirmed,financing_fit_unverified,unverified,20,,,,,,,,PrivateLendersDirectory,https://www.privatelendersdirectory.com/united-states/pinehurst/business-lending/gryphon-business-lending-source,2026-09-30T03:47:17.242773+00:00,"Public directory listing; current phone ownership, email deliverability, private cash availability, $500K cash threshold, fulfillment financing eligibility and equity willingness have not been verified. No matter the type of funding - even if you’re a startup, I can match you to a lender with generous repayment terms and save you time and money in the process"
CF-2C4526889CA6,GUARDIAN LENDING,,,,,https://www.guardian-lending.com/,NY,business_finance_provider,nonbank_status_unconfirmed,financing_fit_unverified,unverified,20,,,,,,,,PrivateLendersDirectory,https://www.privatelendersdirectory.com/united-states/queens/business-lending/guardian-lending,2026-09-30T03:47:17.242773+00:00,"Public directory listing; current phone ownership, email deliverability, private cash availability, $500K cash threshold, fulfillment financing eligibility and equity willingness have not been verified. Guardian Lending offers a one stop business financing experience to meet your business funding needs."
CF-BC3A3E6DB17A,GUILIN FUNDING,,,,,https://guilinfunding.com/,RI,business_finance_provider,nonbank_status_unconfirmed,operations_finance_candidate_unverified,unverified,20,,,,,,,,PrivateLendersDirectory,https://www.privatelendersdirectory.com/united-states/business-lending/guilin-funding,2026-09-30T03:47:17.242773+00:00,"Public directory listing; current phone ownership, email deliverability, private cash availability, $500K cash threshold, fulfillment financing eligibility and equity willingness have not been verified. We work with businesses in all industries to provide steady cash flow, regardless of size or time in business."
CF-9D063A067826,GULF COAST SMALL BUSINESS LENDING,,,,,https://gulfcoastsba.com/,NC,business_finance_provider,nonbank_status_unconfirmed,financing_fit_unverified,unverified,20,,,,,,,,PrivateLendersDirectory,https://www.privatelendersdirectory.com/united-states/raleigh/business-lending/gulf-coast-small-business-lending,2026-09-30T03:47:17.242773+00:00,"Public directory listing; current phone ownership, email deliverability, private cash availability, $500K cash threshold, fulfillment financing eligibility and equity willingness have not been verified. We are direct, nationwide SBA lenders offering customized loan solutions to America’s small businesses."
CF-3CC5552F29BD,HALO BUSINESS FUNDING,,,,,https://www.halobizfunding.com/,FL,business_finance_provider,nonbank_status_unconfirmed,financing_fit_unverified,unverified,20,,,,,,,,PrivateLendersDirectory,https://www.privatelendersdirectory.com/united-states/miami/business-lending/halo-business-funding,2026-09-30T03:47:17.242773+00:00,"Public directory listing; current phone ownership, email deliverability, private cash availability, $500K cash threshold, fulfillment financing eligibility and equity willingness have not been verified. Halo Business Funding offers a one stop business financing experience to meet your business funding needs."
CF-D7EF5FFE3DF0,HAPPY BUSINESS LOANS,,,,,http://happybusinessloans.com/,CA,business_finance_provider,nonbank_status_unconfirmed,financing_fit_unverified,unverified,20,,,,,,,,PrivateLendersDirectory,https://www.privatelendersdirectory.com/united-states/los-angeles/business-lending/happy-business-loans,2026-09-30T03:47:17.242773+00:00,"Public directory listing; current phone ownership, email deliverability, private cash availability, $500K cash threshold, fulfillment financing eligibility and equity willingness have not been verified. Funding for ALL industries- we have no restrictions."
CF-17DC2BA3397F,HASZ FUND CONTROL,,,,1-818-999-0906,https://haszcompanies.com/,CA,business_finance_provider,nonbank_status_unconfirmed,financing_fit_unverified,unverified,20,,,,,,,https://haszcompanies.com/,PrivateLendersDirectory,https://www.privatelendersdirectory.com/united-states/los-angeles/business-lending/hasz-fund-control,2026-09-30T03:47:17.242773+00:00,"Public directory listing; current phone ownership, email deliverability, private cash availability, $500K cash threshold, fulfillment financing eligibility and equity willingness have not been verified. Hasz Fund Control, Inc has been helping banks and private money construction lenders mitigate risk and monitor new and existing construction loans for over 35 years."
CF-866E8DDB9B47,HEALTHCARE CAPITAL SERVICES,,,filaski@healthcarecapitalservices.com,,https://healthcarecapitalservices.com/,NJ,business_finance_provider,nonbank_status_unconfirmed,financing_fit_unverified,unverified,20,,,,,,https://healthcarecapitalservices.com/contact,,PrivateLendersDirectory,https://www.privatelendersdirectory.com/united-states/mahwah/business-lending/healthcare-capital-services,2026-09-30T03:47:17.242773+00:00,"Public directory listing; current phone ownership, email deliverability, private cash availability, $500K cash threshold, fulfillment financing eligibility and equity willingness have not been verified. We offer a full range of Capital Financing Products to match the technology and term to your funding needs."
CF-FA5D275486DD,HENRY INVESTMENT GROUP,,,info@henryinvestmentgroup.com,,https://henryinvestmentgroup.com/,TX,business_finance_provider,nonbank_status_unconfirmed,financing_fit_unverified,unverified,20,,,,,,https://henryinvestmentgroup.com/contact-us.html,,PrivateLendersDirectory,https://www.privatelendersdirectory.com/united-states/flower-mound/business-lending/henry-investment-group,2026-09-30T03:47:17.242773+00:00,"Public directory listing; current phone ownership, email deliverability, private cash availability, $500K cash threshold, fulfillment financing eligibility and equity willingness have not been verified. We provide a full range of structured financing solutions on a direct basis."
CF-C922D3FFF494,HH FINANCIAL SOLUTIONS,,,,,https://hhfsolutions.com/,MA,business_finance_provider,nonbank_status_unconfirmed,financing_fit_unverified,unverified,20,,,,,,,,PrivateLendersDirectory,https://www.privatelendersdirectory.com/united-states/boston/business-lending/hh-financial-solutions,2026-09-30T03:47:17.242773+00:00,"Public directory listing; current phone ownership, email deliverability, private cash availability, $500K cash threshold, fulfillment financing eligibility and equity willingness have not been verified. HH Financial Solutions offers a wide range of financial solutions, that will help you with your comp"
CF-6C744A2BF6CC,HILLCREST PRIVATE CREDIT,,,,,https://hillcrestpc.com/,TX,business_finance_provider,nonbank_status_unconfirmed,financing_fit_unverified,unverified,20,,,,,,,,PrivateLendersDirectory,https://www.privatelendersdirectory.com/united-states/dallas/business-lending/hillcrest-private-credit,2026-09-30T03:47:17.242773+00:00,"Public directory listing; current phone ownership, email deliverability, private cash availability, $500K cash threshold, fulfillment financing eligibility and equity willingness have not been verified. We provide financing to non-prime lenders."
CF-DE9A9AE365D0,HMF CAPITAL,,,,,https://hmfcapitalgroup.com/,NY,business_finance_provider,nonbank_status_unconfirmed,financing_fit_unverified,unverified,20,,,,,,,,PrivateLendersDirectory,https://www.privatelendersdirectory.com/united-states/new-city/business-lending/hmf-capital,2026-09-30T03:47:17.242773+00:00,"Public directory listing; current phone ownership, email deliverability, private cash availability, $500K cash threshold, fulfillment financing eligibility and equity willingness have not been verified. HMF Capital Group is a company that operates in the Finance industry."
CF-CCCCAB587B61,HOPE USA,,,info@hope4usa.com,,https://www.hope4usa.com/,NC,business_finance_provider,nonbank_status_unconfirmed,financing_fit_unverified,unverified,20,,,,,,https://www.hope4usa.com/,,PrivateLendersDirectory,https://www.privatelendersdirectory.com/united-states/charlotte/business-lending/hope-usa,2026-09-30T03:47:17.242773+00:00,"Public directory listing; current phone ownership, email deliverability, private cash availability, $500K cash threshold, fulfillment financing eligibility and equity willingness have not been verified. HOPE4USA is the perfect solution for your personal and business credit needs!"
CF-5582950CEA98,HOTEL FUNDING GROUP,,,,,https://www.hotelfundinggroup.com,NC,business_finance_provider,nonbank_status_unconfirmed,financing_fit_unverified,unverified,20,,,,,,,,PrivateLendersDirectory,https://www.privatelendersdirectory.com/united-states/clayton/business-lending/hotel-funding-group,2026-09-30T03:47:17.242773+00:00,"Public directory listing; current phone ownership, email deliverability, private cash availability, $500K cash threshold, fulfillment financing eligibility and equity willingness have not been verified. Hotel Funding Group is a company that focuses on providing funding solutions for the hospitality sector."
CF-EF329FAC88EF,HQ  FUNDING,,,,,http://www.hqfundingllc.com/,AR,business_finance_provider,nonbank_status_unconfirmed,financing_fit_unverified,unverified,20,,,,,,,,PrivateLendersDirectory,https://www.privatelendersdirectory.com/united-states/little-rock/business-lending/hq-funding,2026-09-30T03:47:17.242773+00:00,"Public directory listing; current phone ownership, email deliverability, private cash availability, $500K cash threshold, fulfillment financing eligibility and equity willingness have not been verified. Funding Solutions You Can Count On!"
CF-96C0DAC2E05A,HUDSON AVENUE PARTNERS,,,info@hudsonavepartners.com,,https://hudsonavepartners.com/,MI,business_finance_provider,nonbank_status_unconfirmed,financing_fit_unverified,unverified,20,,,,,,https://hudsonavepartners.com/contact-us/,,PrivateLendersDirectory,https://www.privatelendersdirectory.com/united-states/birmingham/business-lending/hudson-avenue-partners,2026-09-30T03:47:17.242773+00:00,"Public directory listing; current phone ownership, email deliverability, private cash availability, $500K cash threshold, fulfillment financing eligibility and equity willingness have not been verified. Hudson Avenue Partners specializes in designing, structuring and raising debt and equity capital facilities in support of acquisition, refinancing"
CF-1B5E157BCAF1,HUNDREDFOLD MERCHANT CASH ADVANCE,,,,,https://www.hundredfoldmerchantcashadvance.com/,AZ,business_finance_provider,nonbank_status_unconfirmed,financing_fit_unverified,unverified,20,,,,,,,,PrivateLendersDirectory,https://www.privatelendersdirectory.com/united-states/mesa/business-lending/hundredfold-merchant-cash-advance,2026-09-30T03:47:17.242773+00:00,"Public directory listing; current phone ownership, email deliverability, private cash availability, $500K cash threshold, fulfillment financing eligibility and equity willingness have not been verified. Hundredfold Merchant Cash Advance specializes in providing Small Business Loans and a variety of financial products to individuals and small to medium business owners."
CF-30446960C5D3,ICARUS FUND,,,,,https://www.icarus-fund.com/,NY,business_finance_provider,nonbank_status_unconfirmed,financing_fit_unverified,unverified,20,,,,,,,,PrivateLendersDirectory,https://www.privatelendersdirectory.com/united-states/new-york/business-lending/icarus-fund,2026-09-30T03:47:17.242773+00:00,"Public directory listing; current phone ownership, email deliverability, private cash availability, $500K cash threshold, fulfillment financing eligibility and equity willingness have not been verified. Icarus Fund LLC. is a licensed and experienced Alternative Investment Advisor and educator. With decades of financial services experience"
CF-081D2DAF0365,ICON FUNDING,,,,,https://www.iconfundingllc.com/,CA,business_finance_provider,nonbank_status_unconfirmed,financing_fit_unverified,unverified,20,,,,,,,,PrivateLendersDirectory,https://www.privatelendersdirectory.com/united-states/anaheim/business-lending/icon-funding,2026-09-30T03:47:17.242773+00:00,"Public directory listing; current phone ownership, email deliverability, private cash availability, $500K cash threshold, fulfillment financing eligibility and equity willingness have not been verified. ICON FUNDING LLC offers a one stop business financing experience to meet your business funding needs."
CF-2333D5E89369,IDEATION CAPITAL,,,,,http://www.ideationcap.com/,NY,business_finance_provider,nonbank_status_unconfirmed,financing_fit_unverified,unverified,20,,,,,,,,PrivateLendersDirectory,https://www.privatelendersdirectory.com/united-states/new-york/business-lending/ideation-capital,2026-09-30T03:47:17.242773+00:00,"Public directory listing; current phone ownership, email deliverability, private cash availability, $500K cash threshold, fulfillment financing eligibility and equity willingness have not been verified. Ideation Capital combines over 20 years of successful Relationship Management and Commercial Lending experience, with a unique, outside the box mindset."
CF-0BE07027697E,IJK CAPITAL,,,,,http://ijkcapital.net/,NC,business_finance_provider,nonbank_status_unconfirmed,financing_fit_unverified,unverified,20,,,,,,,,PrivateLendersDirectory,https://www.privatelendersdirectory.com/united-states/nashville/business-lending/ijk-capital,2026-09-30T03:47:17.242773+00:00,"Public directory listing; current phone ownership, email deliverability, private cash availability, $500K cash threshold, fulfillment financing eligibility and equity willingness have not been verified. We help small business and real estate investors secure funding."
CF-6C8835422D1E,INCHARGE DEBT SOLUTIONS,,,,,https://www.incharge.org/,FL,business_finance_provider,nonbank_status_unconfirmed,financing_fit_unverified,unverified,20,,,,,,,,PrivateLendersDirectory,https://www.privatelendersdirectory.com/united-states/orlando/business-lending/incharge-debt-solutions,2026-09-30T03:47:17.242773+00:00,"Public directory listing; current phone ownership, email deliverability, private cash availability, $500K cash threshold, fulfillment financing eligibility and equity willingness have not been verified. Helping people change their lives through financial counseling and education"
CF-48F6E9DB1152,INERTIA FUNDING,,,info@inertiafunding.com,,http://inertiafunding.com/,VA,business_finance_provider,nonbank_status_unconfirmed,financing_fit_unverified,unverified,20,,,,,,https://inertiafunding.com/,,PrivateLendersDirectory,https://www.privatelendersdirectory.com/united-states/norfolk/business-lending/inertia-funding,2026-09-30T03:47:17.242773+00:00,"Public directory listing; current phone ownership, email deliverability, private cash availability, $500K cash threshold, fulfillment financing eligibility and equity willingness have not been verified. We understand that you need funding as soon as possible with no headaches!"
CF-9875442361F6,INNERCITY NETWORKING,,,,,https://innercitynetworking.com/,FL,business_finance_provider,nonbank_status_unconfirmed,financing_fit_unverified,unverified,20,,,,,,,,PrivateLendersDirectory,https://www.privatelendersdirectory.com/united-states/pembroke-pines/business-lending/innercity-networking,2026-09-30T03:47:17.242773+00:00,"Public directory listing; current phone ownership, email deliverability, private cash availability, $500K cash threshold, fulfillment financing eligibility and equity willingness have not been verified. Innercity Networking offers a one stop business financing experience to meet your business funding needs."
CF-AD92E2FF67A3,INNOVATIVE BUSINESS FUNDING,,,,,https://innovative-businessfunding.com/,CA,business_finance_provider,nonbank_status_unconfirmed,operations_finance_candidate_unverified,unverified,20,,,,,,,,PrivateLendersDirectory,https://www.privatelendersdirectory.com/united-states/costa-mesa/business-lending/innovative-business-funding,2026-09-30T03:47:17.242773+00:00,"Public directory listing; current phone ownership, email deliverability, private cash availability, $500K cash threshold, fulfillment financing eligibility and equity willingness have not been verified. We are committed to helping you gain access to additional working capital when you need it most."
CF-4A62A9B1F0F9,INNOVENT SERVICES,,,,,http://www.innoventservices.com/,TX,business_finance_provider,nonbank_status_unconfirmed,financing_fit_unverified,unverified,20,,,,,,,,PrivateLendersDirectory,https://www.privatelendersdirectory.com/united-states/houston/business-lending/innovent-services,2026-09-30T03:47:17.242773+00:00,"Public directory listing; current phone ownership, email deliverability, private cash availability, $500K cash threshold, fulfillment financing eligibility and equity willingness have not been verified. Innovent Services specializes in business development, coaching and funding strategies to help early stage startups translate discoveries from the lab to market (L2M)."
CF-0C38B86C4FD1,INTEGRAL CAPITAL PARTNERS,,,,,http://www.icp.com/,MD,business_finance_provider,nonbank_status_unconfirmed,financing_fit_unverified,unverified,20,,,,,,,,PrivateLendersDirectory,https://www.privatelendersdirectory.com/united-states/baltimore/business-lending/integral-capital-partners,2026-09-30T03:47:17.242773+00:00,"Public directory listing; current phone ownership, email deliverability, private cash availability, $500K cash threshold, fulfillment financing eligibility and equity willingness have not been verified. Integral Capital Partners manages a family of technology centric crossover investment funds."
CF-AB86B261ED34,INTELLIGENT FUNDING SOLAR SOLUTIONS,,,,,http://www.intelligentfunding.com/,MT,business_finance_provider,financing_broker_or_intermediary,financing_fit_unverified,unverified,20,,,,,,,,PrivateLendersDirectory,https://www.privatelendersdirectory.com/united-states/helena/business-lending/intelligent-funding-solar-solutions,2026-09-30T03:47:17.242773+00:00,"Public directory listing; current phone ownership, email deliverability, private cash availability, $500K cash threshold, fulfillment financing eligibility and equity willingness have not been verified. Business Funding: I am a commercial loan and equity broker. Whether you're a start-up or an existing business, I can help get you the funding you need to build success."
CF-961486D899AF,INTERLINK CAPITAL STRATEGIES,,,,,https://interlinkdc.com/,VA,business_finance_provider,nonbank_status_unconfirmed,financing_fit_unverified,unverified,20,,,,,,,,PrivateLendersDirectory,https://www.privatelendersdirectory.com/united-states/alexandria/business-lending/interlink-capital-strategies,2026-09-30T03:47:17.242773+00:00,"Public directory listing; current phone ownership, email deliverability, private cash availability, $500K cash threshold, fulfillment financing eligibility and equity willingness have not been verified. Interlink Capital Strategies is a management consulting and financial advisory firm, as well as a private equity fund manager focused on emerging markets."
CF-F8589002A352,INTERSTATE CAPITAL,,,,,http://interstatecapital.com/,NM,business_finance_provider,nonbank_status_unconfirmed,operations_finance_candidate_unverified,unverified,20,,,,,,,,PrivateLendersDirectory,https://www.privatelendersdirectory.com/united-states/santa-teresa/business-lending/interstate-capital,2026-09-30T03:47:17.242773+00:00,"Public directory listing; current phone ownership, email deliverability, private cash availability, $500K cash threshold, fulfillment financing eligibility and equity willingness have not been verified. ""Interstate Capital Corp. saves you time and money by speeding up your cash flow, increasing your profitability, and growing your business."""
CF-EA9BC01E43F8,INVEST ATLANTA,,,,,http://www.investatlanta.com,GA,business_finance_provider,nonbank_status_unconfirmed,financing_fit_unverified,unverified,20,,,,,,,,PrivateLendersDirectory,https://www.privatelendersdirectory.com/united-states/atlanta/business-lending/invest-atlanta,2026-09-30T03:47:17.242773+00:00,"Public directory listing; current phone ownership, email deliverability, private cash availability, $500K cash threshold, fulfillment financing eligibility and equity willingness have not been verified. Research, design and implement small business funding programs. Analyze and evaluate the credit worthiness of small businesses seeking funding."
CF-39AEF18D228C,INVESTOR FRIENDLY FUNDING,,,,,http://www.investorfriendlyfunding.com/,CO,business_finance_provider,nonbank_status_unconfirmed,financing_fit_unverified,unverified,20,,,,,,,,PrivateLendersDirectory,https://www.privatelendersdirectory.com/united-states/englewood/business-lending/investor-friendly-funding,2026-09-30T03:47:17.242773+00:00,"Public directory listing; current phone ownership, email deliverability, private cash availability, $500K cash threshold, fulfillment financing eligibility and equity willingness have not been verified. Investor Friendly Funding LLC offers a one stop business financing experience to meet your business funding needs."
CF-E599769FC3C1,IRA ANGEL FUNDING,,,,,http://www.iraangelfunding.com/,WA,business_finance_provider,nonbank_status_unconfirmed,financing_fit_unverified,unverified,20,,,,,,,,PrivateLendersDirectory,https://www.privatelendersdirectory.com/united-states/seattle/business-lending/ira-angel-funding,2026-09-30T03:47:17.242773+00:00,"Public directory listing; current phone ownership, email deliverability, private cash availability, $500K cash threshold, fulfillment financing eligibility and equity willingness have not been verified. Funding a business, startup or franchise using your eligible retirement accounts, no tax, no penalty and no payment."
CF-95EDCDF3B91E,J180ONE CONSULTING,,,,,https://www.j180one.com,AZ,business_finance_provider,nonbank_status_unconfirmed,financing_fit_unverified,unverified,20,,,,,,,,PrivateLendersDirectory,https://www.privatelendersdirectory.com/united-states/chandler/business-lending/j180one-consulting,2026-09-30T03:47:17.242773+00:00,"Public directory listing; current phone ownership, email deliverability, private cash availability, $500K cash threshold, fulfillment financing eligibility and equity willingness have not been verified. We want to help you cut through the red tape to get the loan you need. Our loans are available through a fast, simple application."
CF-3A8168AD0EE8,JACKSON BUSINESS FUNDING,,,,,https://jacksonsbfc.com/,GA,business_finance_provider,nonbank_status_unconfirmed,financing_fit_unverified,unverified,20,,,,,,,,PrivateLendersDirectory,https://www.privatelendersdirectory.com/united-states/atlanta/business-lending/jackson-business-funding,2026-09-30T03:47:17.242773+00:00,"Public directory listing; current phone ownership, email deliverability, private cash availability, $500K cash threshold, fulfillment financing eligibility and equity willingness have not been verified. Get Approved for $50k-$500k at 0% by Leveraging Our Network of 'Premium Relationships' with the Top Banks in The World."
CF-A9E86F2FAA7F,JAJA FINANCIAL GROUP,,,,,http://www.jajafinancialgroup.com/,SC,business_finance_provider,nonbank_status_unconfirmed,financing_fit_unverified,unverified,20,,,,,,,,PrivateLendersDirectory,https://www.privatelendersdirectory.com/united-states/bluffton/business-lending/jaja-financial-group,2026-09-30T03:47:17.242773+00:00,"Public directory listing; current phone ownership, email deliverability, private cash availability, $500K cash threshold, fulfillment financing eligibility and equity willingness have not been verified. Financial Services Professional with 10 years experience partnering with small businesses to provide safe vehicles for asset and income protection"
CF-CD0324890277,JASANGAS FUNDING GROUP,,,,,https://www.jasangas.com,NV,business_finance_provider,nonbank_status_unconfirmed,financing_fit_unverified,unverified,20,,,,,,,,PrivateLendersDirectory,https://www.privatelendersdirectory.com/united-states/las-vegas/business-lending/jasangas-funding-group,2026-09-30T03:47:17.242773+00:00,"Public directory listing; current phone ownership, email deliverability, private cash availability, $500K cash threshold, fulfillment financing eligibility and equity willingness have not been verified. Today, I take immense pride in aiding small to medium-sized businesses in securing funding and fostering growth."
CF-93C382D5AA6C,JB RAPID FUNDING,,,,,http://www.jbrapidfunding.com/,NV,business_finance_provider,nonbank_status_unconfirmed,financing_fit_unverified,unverified,20,,,,,,,,PrivateLendersDirectory,https://www.privatelendersdirectory.com/united-states/henderson/business-lending/jb-rapid-funding,2026-09-30T03:47:17.242773+00:00,"Public directory listing; current phone ownership, email deliverability, private cash availability, $500K cash threshold, fulfillment financing eligibility and equity willingness have not been verified. JBRapid Funding offers a one stop business financing experience to meet your business funding needs."
CF-B31386369289,JIL SOLUTIONS,,,,,http://www.jilsolutions.net/,CA,business_finance_provider,nonbank_status_unconfirmed,financing_fit_unverified,unverified,20,,,,,,,,PrivateLendersDirectory,https://www.privatelendersdirectory.com/united-states/marysville/business-lending/jil-solutions,2026-09-30T03:47:17.242773+00:00,"Public directory listing; current phone ownership, email deliverability, private cash availability, $500K cash threshold, fulfillment financing eligibility and equity willingness have not been verified. JIL Solutions offers a one stop business financing experience to meet your business funding needs."
CF-0728F39BF3E7,JNJ CAPITAL RESOURCES CONSULTANTS,,,,,https://jnj-capital.com/,GA,business_finance_provider,financing_broker_or_intermediary,financing_fit_unverified,unverified,20,,,,,,,,PrivateLendersDirectory,https://www.privatelendersdirectory.com/united-states/snellville/business-lending/jnj-capital-resources-consultants,2026-09-30T03:47:17.242773+00:00,"Public directory listing; current phone ownership, email deliverability, private cash availability, $500K cash threshold, fulfillment financing eligibility and equity willingness have not been verified. Funding Consultant and Broker specializing in marketing and sales to small and medium size (B2B & B2C) commercial businesses, and government prim & subprime contractors."
CF-DC26D89481F6,JOYOUS BUSINESS FUNDS,,,,,https://joyousbusinessfunds.com/,IL,business_finance_provider,nonbank_status_unconfirmed,financing_fit_unverified,unverified,20,,,,,,,,PrivateLendersDirectory,https://www.privatelendersdirectory.com/united-states/chicago/business-lending/joyous-business-funds,2026-09-30T03:47:17.242773+00:00,"Public directory listing; current phone ownership, email deliverability, private cash availability, $500K cash threshold, fulfillment financing eligibility and equity willingness have not been verified. I am enabled to provide solid funding solutions as it relates to your unique goals. In short, I am here to serve you and your business for success through our services."
CF-650F5D8C3495,JR ALTERNATIVE FUNDING,,,,,http://www.jralternativefunding.com/,NY,business_finance_provider,nonbank_status_unconfirmed,financing_fit_unverified,unverified,20,,,,,,,,PrivateLendersDirectory,https://www.privatelendersdirectory.com/united-states/jamestown/business-lending/jr-alternative-funding,2026-09-30T03:47:17.242773+00:00,"Public directory listing; current phone ownership, email deliverability, private cash availability, $500K cash threshold, fulfillment financing eligibility and equity willingness have not been verified. We provide individualized funding and financial funding advice for businesses of any size."
CF-9BFC1767437E,JUDAH CAPITAL SOLUTIONS,,,,,http://www.judahcapitalsolution.com/,FL,business_finance_provider,nonbank_status_unconfirmed,financing_fit_unverified,unverified,20,,,,,,,,PrivateLendersDirectory,https://www.privatelendersdirectory.com/united-states/miami/business-lending/judah-capital-solutions,2026-09-30T03:47:17.242773+00:00,"Public directory listing; current phone ownership, email deliverability, private cash availability, $500K cash threshold, fulfillment financing eligibility and equity willingness have not been verified. Judah Capital Solutions is an alternative commercial finance firm, located in the metro Miami Florida area."
CF-F869E24818C2,K-WAM FINANCIAL SOLUTIONS,,,,,https://k-wamfs.com/,FL,business_finance_provider,nonbank_status_unconfirmed,financing_fit_unverified,unverified,20,,,,,,,,PrivateLendersDirectory,https://www.privatelendersdirectory.com/united-states/jacksonville/business-lending/k-wam-financial-solutions,2026-09-30T03:47:17.242773+00:00,"Public directory listing; current phone ownership, email deliverability, private cash availability, $500K cash threshold, fulfillment financing eligibility and equity willingness have not been verified. K-WAM Financial Solutions is a ten-year-old year asset-based lending firm with an expertise in creative real estate financing and business lending."
CF-5CD118927EDB,KAYEE BUSINESS CAPITAL,,,,,https://kayeebusinesscapital.com/,CA,business_finance_provider,nonbank_status_unconfirmed,financing_fit_unverified,unverified,20,,,,,,,,PrivateLendersDirectory,https://www.privatelendersdirectory.com/united-states/tracy/business-lending/kayee-business-capital,2026-09-30T03:47:17.242773+00:00,"Public directory listing; current phone ownership, email deliverability, private cash availability, $500K cash threshold, fulfillment financing eligibility and equity willingness have not been verified. We bring together lenders and businesses that need funding."
CF-03ADEC91F0E4,KELLIAN BUSINESS FINANCE,,,,,https://kellianfinance.com/,WA,business_finance_provider,nonbank_status_unconfirmed,financing_fit_unverified,unverified,20,,,,,,,,PrivateLendersDirectory,https://www.privatelendersdirectory.com/united-states/spokane/business-lending/kellian-business-finance,2026-09-30T03:47:17.242773+00:00,"Public directory listing; current phone ownership, email deliverability, private cash availability, $500K cash threshold, fulfillment financing eligibility and equity willingness have not been verified. Our company has a background in business funding, small business lending, financing, and alternative funding."
CF-6064397A8EE8,KENS BUSINESS CONSULTING,,,,,https://www.kensbusinessconsulting.com/,GA,business_finance_provider,nonbank_status_unconfirmed,financing_fit_unverified,unverified,20,,,,,,,,PrivateLendersDirectory,https://www.privatelendersdirectory.com/united-states/gainesville/business-lending/kens-business-consulting,2026-09-30T03:47:17.242773+00:00,"Public directory listing; current phone ownership, email deliverability, private cash availability, $500K cash threshold, fulfillment financing eligibility and equity willingness have not been verified. Kens Business Consulting offers a one stop business financing experience to meet your business funding needs."
CF-A231DBBCE1D5,KEVIN'S EXECUTIVE FUNDING,,,,,https://kevinsexecutivefunding.com/,CA,business_finance_provider,nonbank_status_unconfirmed,financing_fit_unverified,unverified,20,,,,,,,,PrivateLendersDirectory,https://www.privatelendersdirectory.com/united-states/anaheim/business-lending/kevin-s-executive-funding,2026-09-30T03:47:17.242773+00:00,"Public directory listing; current phone ownership, email deliverability, private cash availability, $500K cash threshold, fulfillment financing eligibility and equity willingness have not been verified. Kevinsexecutivefunding.com is funding businesses left and right and you can now get that Tax credit money for everyone you have employed."
CF-C21903DBA750,KILEY CAPITAL CONSULTING,,,,,https://kileycap.com/,CA,business_finance_provider,nonbank_status_unconfirmed,financing_fit_unverified,unverified,20,,,,,,,,PrivateLendersDirectory,https://www.privatelendersdirectory.com/united-states/san-francisco/business-lending/kiley-capital-consulting-6904,2026-09-30T03:47:17.242773+00:00,"Public directory listing; current phone ownership, email deliverability, private cash availability, $500K cash threshold, fulfillment financing eligibility and equity willingness have not been verified. Engagements are tailored to our clients' needs. Most commonly we're an outsourced head of capital markets."
CF-D1D5CA806DE1,KJV CAPITAL FUNDING,,,,,https://www.kjvcapitallending.com/,NJ,business_finance_provider,nonbank_status_unconfirmed,financing_fit_unverified,unverified,20,,,,,,,,PrivateLendersDirectory,https://www.privatelendersdirectory.com/united-states/newark/business-lending/kjv-capital-funding,2026-09-30T03:47:17.242773+00:00,"Public directory listing; current phone ownership, email deliverability, private cash availability, $500K cash threshold, fulfillment financing eligibility and equity willingness have not been verified. KJV Capital Funding offers a one stop business financing experience to meet your business funding needs."
CF-46C6519870B0,KLC FINANCIAL,,,,,https://klcfinancial.com/,MN,business_finance_provider,nonbank_status_unconfirmed,financing_fit_unverified,unverified,20,,,,,,,,PrivateLendersDirectory,https://www.privatelendersdirectory.com/united-states/minnetonka/business-lending/klc-financial-10519,2026-09-30T03:47:17.242773+00:00,"Public directory listing; current phone ownership, email deliverability, private cash availability, $500K cash threshold, fulfillment financing eligibility and equity willingness have not been verified. KLC Financial is a market leader in providing finance solutions on transaction between $5,000 and $5,000,000+ for all types of businesses"
CF-7B3570A558CF,KNFG,,,,,https://www.theknfg.com/,NV,business_finance_provider,nonbank_status_unconfirmed,financing_fit_unverified,unverified,20,,,,,,,,PrivateLendersDirectory,https://www.privatelendersdirectory.com/united-states/las-vegas/business-lending/knfg,2026-09-30T03:47:17.242773+00:00,"Public directory listing; current phone ownership, email deliverability, private cash availability, $500K cash threshold, fulfillment financing eligibility and equity willingness have not been verified. Industry leading approval process that is easy and less intensive. Get the capital you need to allow your business to grow, today!"
CF-AC106657BD29,KOAL BUSINESS CAPITAL SOLUTIONS,,,,,https://www.813cashbuyers.com/,FL,business_finance_provider,nonbank_status_unconfirmed,financing_fit_unverified,unverified,20,,,,,,,,PrivateLendersDirectory,https://www.privatelendersdirectory.com/united-states/tampa/business-lending/koal-business-capital-solutions,2026-09-30T03:47:17.242773+00:00,"Public directory listing; current phone ownership, email deliverability, private cash availability, $500K cash threshold, fulfillment financing eligibility and equity willingness have not been verified. ""We Can Make You A Fair Cash Offer On Your Property, Close Quickly in 7 to 10 days, And Help You Solve"
CF-2C6B4F761914,L BRADLEY SOLUTIONS,,,,1-806-410-0231,https://www.lbradleysolutions.com/,TX,business_finance_provider,nonbank_status_unconfirmed,financing_fit_unverified,unverified,20,,,,,,,https://www.lbradleysolutions.com/,PrivateLendersDirectory,https://www.privatelendersdirectory.com/united-states/dumas/business-lending/l-bradley-solutions,2026-09-30T03:47:17.242773+00:00,"Public directory listing; current phone ownership, email deliverability, private cash availability, $500K cash threshold, fulfillment financing eligibility and equity willingness have not been verified. We are able to provide strategic solutions and personalized consulting services that help businesses navigate the complexities of financial management and gaining funding"
CF-DA0E86479FD9,L&F CAPITAL GROUP,,,,,https://landfcapitalgroup.com/,IL,business_finance_provider,nonbank_status_unconfirmed,financing_fit_unverified,unverified,20,,,,,,,,PrivateLendersDirectory,https://www.privatelendersdirectory.com/united-states/burr-ridge/business-lending/l-f-capital-group,2026-09-30T03:47:17.242773+00:00,"Public directory listing; current phone ownership, email deliverability, private cash availability, $500K cash threshold, fulfillment financing eligibility and equity willingness have not been verified. Commercial Real Estate Lending Advisors, bringing significant value to property owners by offering a full suite of commercial finance options."
CF-2AFFD0368FCF,LAMBERT SPECIAL SITUATIONS,,,,,https://eqcho.com/,CA,business_finance_provider,nonbank_status_unconfirmed,financing_fit_unverified,unverified,20,,,,,,,,PrivateLendersDirectory,https://www.privatelendersdirectory.com/united-states/solvang/business-lending/lambert-special-situations,2026-09-30T03:47:17.242773+00:00,"Public directory listing; current phone ownership, email deliverability, private cash availability, $500K cash threshold, fulfillment financing eligibility and equity willingness have not been verified. BUSINESS FUNDING"
CF-CC682F7AEFA9,LANTERN CAPITAL PARTNERS,,,,,https://www.lanterncp.com/lander,TX,business_finance_provider,nonbank_status_unconfirmed,financing_fit_unverified,unverified,20,,,,,,,,PrivateLendersDirectory,https://www.privatelendersdirectory.com/united-states/dallas/business-lending/lantern-capital-partners,2026-09-30T03:47:17.242773+00:00,"Public directory listing; current phone ownership, email deliverability, private cash availability, $500K cash threshold, fulfillment financing eligibility and equity willingness have not been verified. Lantern Capital Partners is a private equity firm providing equity and credit solutions."
CF-63771BDDE58E,Latino Economic Development Corp,,,,1-202-540-7400,https://www.ledcmetro.org/,DC,business_finance_provider,nonbank_status_unconfirmed,financing_fit_unverified,unverified,20,,,,,,,https://www.ledcmetro.org/,PrivateLendersDirectory,https://www.privatelendersdirectory.com/united-states/washington/business-lending/latino-economic-development-corp,2026-09-30T03:47:17.242773+00:00,"Public directory listing; current phone ownership, email deliverability, private cash availability, $500K cash threshold, fulfillment financing eligibility and equity willingness have not been verified. Our goal is to drive the economic and social advancement of low to moderate income Latinos and other underserved communities in DC."
CF-815C463E4DC6,LDC FUNDING,,,,1-816-704-7676,https://ldcfunding.com/,CA,business_finance_provider,nonbank_status_unconfirmed,financing_fit_unverified,unverified,20,,,,,,,https://ldcfunding.com/,PrivateLendersDirectory,https://www.privatelendersdirectory.com/united-states/escondido/business-lending/ldc-funding,2026-09-30T03:47:17.242773+00:00,"Public directory listing; current phone ownership, email deliverability, private cash availability, $500K cash threshold, fulfillment financing eligibility and equity willingness have not been verified. We are here to help you grow your business with funding options to start, grow or expand your operations."
CF-D0932B25303C,LEADING EDGE CORPORATE FINANCING INC.,,,,,http://www.lecfi.com/,CA,business_finance_provider,nonbank_status_unconfirmed,financing_fit_unverified,unverified,20,,,,,,,,PrivateLendersDirectory,https://www.privatelendersdirectory.com/united-states/san-diego/business-lending/leading-edge-corporate-financing-inc,2026-09-30T03:47:17.242773+00:00,"Public directory listing; current phone ownership, email deliverability, private cash availability, $500K cash threshold, fulfillment financing eligibility and equity willingness have not been verified. Leading Edge offers a one stop business financing experience to meet your business funding needs."
CF-D052CE0BE843,LEGACY PARTNERS FINANCIAL NETWORK,,,,,https://www.nationalcorporatecredit.com/,IL,business_finance_provider,nonbank_status_unconfirmed,financing_fit_unverified,unverified,20,,,,,,,,PrivateLendersDirectory,https://www.privatelendersdirectory.com/united-states/st-charles/business-lending/legacy-partners-financial-network,2026-09-30T03:47:17.242773+00:00,"Public directory listing; current phone ownership, email deliverability, private cash availability, $500K cash threshold, fulfillment financing eligibility and equity willingness have not been verified. We raise capital for startups, small businesses, and large businesses, expertise ranges from raising capital for real estate projects, establishing start-up funding"
CF-573B7CB8B9C8,LEMURIA CAPITAL GROUP,,,,,http://www.lemuriacapitalgroup.com/,TX,business_finance_provider,nonbank_status_unconfirmed,financing_fit_unverified,unverified,20,,,,,,,,PrivateLendersDirectory,https://www.privatelendersdirectory.com/united-states/houston/business-lending/lemuria-capital-group,2026-09-30T03:47:17.242773+00:00,"Public directory listing; current phone ownership, email deliverability, private cash availability, $500K cash threshold, fulfillment financing eligibility and equity willingness have not been verified. Lemuria Capital Group offers a one stop business financing experience to meet your business funding needs."
CF-2A57CC3AB269,LENDERS AND LIFTERS CONSULTANTS,,,,,https://www.lendersandliftersconsulting.com/,CA,business_finance_provider,nonbank_status_unconfirmed,financing_fit_unverified,unverified,20,,,,,,,,PrivateLendersDirectory,https://www.privatelendersdirectory.com/united-states/los-angeles/business-lending/lenders-and-lifters-consultants,2026-09-30T03:47:17.242773+00:00,"Public directory listing; current phone ownership, email deliverability, private cash availability, $500K cash threshold, fulfillment financing eligibility and equity willingness have not been verified. Lenders and Lifters Consultants offers a one stop business financing experience to meet your business funding needs."
CF-72C6F30C7F0F,LENDING FOR MERCHANTS,,,,1-954-394-5387,https://lending-for-merchants.northmiamibeachdirect.us/,FL,business_finance_provider,nonbank_status_unconfirmed,financing_fit_unverified,unverified,20,,,,,,,https://lending-for-merchants.northmiamibeachdirect.us/,PrivateLendersDirectory,https://www.privatelendersdirectory.com/united-states/fort-lauderdale/business-lending/lending-for-merchants,2026-09-30T03:47:17.242773+00:00,"Public directory listing; current phone ownership, email deliverability, private cash availability, $500K cash threshold, fulfillment financing eligibility and equity willingness have not been verified. We are dedicated to providing cost-effective, customized financial solutions that meet the needs of growing companies."
CF-FC3938019841,LENDINGCLUB,,,,1-888-596-3157,https://www.lendingclub.com/,MA,business_finance_provider,nonbank_status_unconfirmed,financing_fit_unverified,unverified,20,,,,,,,https://www.happen.com/?b=lc,PrivateLendersDirectory,https://www.privatelendersdirectory.com/united-states/boston/business-lending/lendingclub,2026-09-30T03:47:17.242773+00:00,"Public directory listing; current phone ownership, email deliverability, private cash availability, $500K cash threshold, fulfillment financing eligibility and equity willingness have not been verified. We have transformed the banking industry by bringing a traditional credit product - the installment loan - online and we’ve been on the fast track ever since."
CF-64F9799172FC,LENDIOR,,,,,http://www.lendior.com/,TX,business_finance_provider,nonbank_status_unconfirmed,financing_fit_unverified,unverified,20,,,,,,,,PrivateLendersDirectory,https://www.privatelendersdirectory.com/united-states/spring/business-lending/lendior,2026-09-30T03:47:17.242773+00:00,"Public directory listing; current phone ownership, email deliverability, private cash availability, $500K cash threshold, fulfillment financing eligibility and equity willingness have not been verified. We provide all our customers with award-winning service and dependable access to funds backed by reliable financing."
CF-390C6AE17198,LENDSMART CAPITAL,,,,,https://www.lendsmartcapital.com/,CA,business_finance_provider,nonbank_status_unconfirmed,financing_fit_unverified,unverified,20,,,,,,,,PrivateLendersDirectory,https://www.privatelendersdirectory.com/united-states/san-diego/business-lending/lendsmart-capital,2026-09-30T03:47:17.242773+00:00,"Public directory listing; current phone ownership, email deliverability, private cash availability, $500K cash threshold, fulfillment financing eligibility and equity willingness have not been verified. LendSmart offers a one stop business financing experience to meet your business funding needs."
CF-518051FE8997,LEVEL 7 CAPITAL PARTNERS,,,,,https://www.level7capitalpartners.com.com/,MD,business_finance_provider,nonbank_status_unconfirmed,financing_fit_unverified,unverified,20,,,,,,,,PrivateLendersDirectory,https://www.privatelendersdirectory.com/united-states/fulton/business-lending/level-7-capital-partners,2026-09-30T03:47:17.242773+00:00,"Public directory listing; current phone ownership, email deliverability, private cash availability, $500K cash threshold, fulfillment financing eligibility and equity willingness have not been verified. We originate alternative business financing and facilitate payment processing services."
CF-478043E8A177,LIGHTHOUSE BUSINESS CAPITAL,,,,,https://lighthousebizcapital.com/#app,FL,business_finance_provider,nonbank_status_unconfirmed,financing_fit_unverified,unverified,20,,,,,,,,PrivateLendersDirectory,https://www.privatelendersdirectory.com/united-states/miami/business-lending/lighthouse-business-capital,2026-09-30T03:47:17.242773+00:00,"Public directory listing; current phone ownership, email deliverability, private cash availability, $500K cash threshold, fulfillment financing eligibility and equity willingness have not been verified. Our mission is to help you achieve the financial freedom that you once had in the past."
CF-2A8350357114,LION TECHNOLOGY FINANCE,,,,,https://liontechfinance.com/,CA,business_finance_provider,nonbank_status_unconfirmed,financing_fit_unverified,unverified,20,,,,,,,,PrivateLendersDirectory,https://www.privatelendersdirectory.com/united-states/santa-ana/business-lending/lion-technology-finance,2026-09-30T03:47:17.242773+00:00,"Public directory listing; current phone ownership, email deliverability, private cash availability, $500K cash threshold, fulfillment financing eligibility and equity willingness have not been verified. Lion Technology Finance is a finance company that provides financing solutions to help maximize value for the manufacturing industry."
CF-A792C4805F0B,LLZ FINANCIALS,,,,,http://www.llzfinancials.com/,FL,business_finance_provider,nonbank_status_unconfirmed,financing_fit_unverified,unverified,20,,,,,,,,PrivateLendersDirectory,https://www.privatelendersdirectory.com/united-states/dade-city/business-lending/llz-financials,2026-09-30T03:47:17.242773+00:00,"Public directory listing; current phone ownership, email deliverability, private cash availability, $500K cash threshold, fulfillment financing eligibility and equity willingness have not been verified. LLZ Financials offers a one stop business financing experience to meet your business funding needs."
CF-33C1BA528D0E,LOAN CODE,,,,,https://loancode.com/,MI,business_finance_provider,nonbank_status_unconfirmed,financing_fit_unverified,unverified,20,,,,,,,,PrivateLendersDirectory,https://www.privatelendersdirectory.com/united-states/troy/business-lending/loan-code,2026-09-30T03:47:17.242773+00:00,"Public directory listing; current phone ownership, email deliverability, private cash availability, $500K cash threshold, fulfillment financing eligibility and equity willingness have not been verified. Loan Code is a mid-size financial firm that helps small businesses find the right loan product for their needs."
CF-ED284DF19A09,LOANSTREAM COMMERCIAL,,,,,https://loanstreamcommercial.com/,CA,business_finance_provider,nonbank_status_unconfirmed,financing_fit_unverified,unverified,20,,,,,,,,PrivateLendersDirectory,https://www.privatelendersdirectory.com/united-states/irvine/business-lending/loanstream-commercial,2026-09-30T03:47:17.242773+00:00,"Public directory listing; current phone ownership, email deliverability, private cash availability, $500K cash threshold, fulfillment financing eligibility and equity willingness have not been verified. The ONE Lender for commercial real estate lending for commercial brokers. Offering a streamlined process, consistent approvals, and competitive pricing."
CF-2C3CE2D96D88,LSF FINANCIAL GROUP,,,,,http://lsffinancialgroup.com/,PA,business_finance_provider,nonbank_status_unconfirmed,financing_fit_unverified,unverified,20,,,,,,,,PrivateLendersDirectory,https://www.privatelendersdirectory.com/united-states/mechanicsburg/business-lending/lsf-financial-group,2026-09-30T03:47:17.242773+00:00,"Public directory listing; current phone ownership, email deliverability, private cash availability, $500K cash threshold, fulfillment financing eligibility and equity willingness have not been verified. Langan Financial Group is a financial planning firm in Mechanicsburg, Pennsylvania."
CF-6A2B8A3407F9,LUCIDA FUNDING CORP,,,,,http://lucidafundingcorp.com/,TX,business_finance_provider,nonbank_status_unconfirmed,financing_fit_unverified,unverified,20,,,,,,,,PrivateLendersDirectory,https://www.privatelendersdirectory.com/united-states/dallas/business-lending/lucida-funding-corp,2026-09-30T03:47:17.242773+00:00,"Public directory listing; current phone ownership, email deliverability, private cash availability, $500K cash threshold, fulfillment financing eligibility and equity willingness have not been verified. I help business owners of all stages secure the funding and financing their business needs"
CF-D4CADDC0D1F0,M R CAPITAL ADVISORS,,,,,http://mrcapitaladvisors.com/,MO,business_finance_provider,nonbank_status_unconfirmed,financing_fit_unverified,unverified,20,,,,,,,,PrivateLendersDirectory,https://www.privatelendersdirectory.com/united-states/kansas-city/business-lending/m-r-capital-advisors,2026-09-30T03:47:17.242773+00:00,"Public directory listing; current phone ownership, email deliverability, private cash availability, $500K cash threshold, fulfillment financing eligibility and equity willingness have not been verified. M R Capital Advisors has expertise in economic development analysis, tax incentives, private loan placement and real estate development."
CF-E620EDDA3D0D,MANSFIELD CAPITAL STRATEGIES,,,,,https://www.mansfieldcapitalfunding.com,GA,business_finance_provider,nonbank_status_unconfirmed,operations_finance_candidate_unverified,unverified,20,,,,,,,,PrivateLendersDirectory,https://www.privatelendersdirectory.com/united-states/fayetteville/business-lending/mansfield-capital-strategies,2026-09-30T03:47:17.242773+00:00,"Public directory listing; current phone ownership, email deliverability, private cash availability, $500K cash threshold, fulfillment financing eligibility and equity willingness have not been verified. Our company specializes in providing unsecured working capital for small business owners."
CF-57DE5D28A046,MARI-LOU LENDING GROUP,,,,,http://www.mari-loulendinggroup.com/,NJ,business_finance_provider,nonbank_status_unconfirmed,financing_fit_unverified,unverified,20,,,,,,,,PrivateLendersDirectory,https://www.privatelendersdirectory.com/united-states/jersey-city/business-lending/mari-lou-lending-group,2026-09-30T03:47:17.242773+00:00,"Public directory listing; current phone ownership, email deliverability, private cash availability, $500K cash threshold, fulfillment financing eligibility and equity willingness have not been verified. Mari-Lou Lending Group offers a one stop business financing experience to meet your business funding needs."
CF-7C2B66BD1BCD,MARINER FINANCE,,,,1-877-310-2373,https://www.marinerfinance.com/,NC,business_finance_provider,private_nonbank_lender_directory_claim,financing_fit_unverified,unverified,20,,,,,,,https://www.marinerfinance.com/,PrivateLendersDirectory,https://www.privatelendersdirectory.com/united-states/indian-trail/business-lending/mariner-finance,2026-09-30T03:47:17.242773+00:00,"Public directory listing; current phone ownership, email deliverability, private cash availability, $500K cash threshold, fulfillment financing eligibility and equity willingness have not been verified. INDIAN TRAIL, NC PRIVATE LENDERWe pride ourselves in delivering the variety of loans offered by our competitors with an enhanced focus on exceptional service."
CF-88528841806A,Match Factors,,,admin@matchfactors.com,1-800-738-9591,https://www.matchfactors.com/contact/,,factoring_receivables,mandate_and_direct_funding_status_unconfirmed,trucking_receivables_industry_mismatch,unverified,20,,,,,,https://www.matchfactors.com/contact/,https://www.matchfactors.com/contact/,Official public commercial finance website,https://www.matchfactors.com/contact/,2026-09-30,"Contact - Match Factors | Freight Truck Factoring MENU × About Us About Testimonials FAQs Blog Refer a Friend Features Back Office Support Fuel Cards with Discounts Fast Funding Competitive Pricing Factoring Made Simple Transportation Specialists One Stop Transportation Shop MatchPay MatchPay MatchPay Wallet Apply Contact Call 843.669.9895 Login New to Factoring & Have Questions Before You Apply? Contact Us. Phone Toll Free Number: 800.738.9591 Local Number: 843.669.9895 Fax Toll Free Fax: 800.738.9591 Local Fax: 843.678.3675 Email Admin@MatchFactors.com Mail Address Match Factors, Inc. PO Box 13259 Florence, SC 29504 Physical Address Match Factors, Inc. 2736 TV Road Florence, SC 29501 Office Hours 8am - 5pm, Monday - Friday "" * "" indicates required fields Email This field is for validation purposes and should be left unchanged. Submit the Contact Form below and we'll be in touch as soon as possible. Name * Company Name Email * Phone Contact Preference * Select your preference Email Phone I'd like to know more about... MatchPay Back Office Support Fuel Cards with Discounts Same Day Funding High Cash Advance with Low Flat Fees One Stop Transportation Shop Question/Comment This site is protected by reCAPTCHA and the Google Privacy Policy and Terms of Service apply. Submit 800.738.9591 Privacy Policy Terms & Conditions Copyright © 2026 Match Factors.  All Rights Reserved. Website Design and Digital Marketing by
Collateral assessment: no_property_collateral_mandate_unconfirmed"
CF-19541AFC2A02,Parikh Financial,,,admin@parikhfinancial.com,1-832-649-8275,https://parikhfinancial.com/,,factoring_receivables,mandate_and_direct_funding_status_unconfirmed,trucking_receivables_industry_mismatch,unverified,20,,,,,,https://parikhfinancial.com/,https://parikhfinancial.com/,Official public commercial finance website,https://parikhfinancial.com/,2026-09-30,"Parikh Financial × Disclaimer: Parikh Financial LLC operates exclusively through the following domains: 1. www.parikhfinancial.com 2. www.parikhfinancial.net We do not operate through or recognize any other domains. Any transactions or communications, including factoring, outside these domains are not our responsibility. Please report any suspicious activity to us immediately. Important Note: The domains parikh-financial.com, parikhifinancial.com and parikhnfinancial.com have been reported to us as potential scams. Please exercise caution and avoid engaging with these or any other unauthorized domains. Call Our Office 832-649-8275 8727 Leycrest Rd Houston, Texas 77028 Our Working Hours Mon - Fri : 8:30 am - 5:00 pm CST Sat : 8:00 am - 1:00 pm CST Home About Us Why Choose Us? Application Contact Us Locate Us Client Login Contact Info Address : 8727 Leycrest Rd Houston, Texas 77028 Phone: 832-649-8275 Email : admin@parikhfinancial.com Discover your maximum potential Fast, Simple and Great Factoring Service Get an immediate advance on your freight bills No reserves, Flat Fee Quick Funding Discover your maximum potential Fast, Simple and Great Factoring Service Get an immediate advance on your freight bills No reserves, Flat Fee Quick Funding Discover your maximum potential Fast, Simple and Great Factoring Service Get an immediate advance on your freight bills No reserves, Flat Fee Quick Funding PARIKH FINANCIAL LLC Full Service Invoice Factoring To Growing Companies QUICK EASY PROCESS PERSONAL TOUCH Benefits Simplicity Transform your invoices into Cash within minutes Quick Why wait for 30 days? Get paid within minutes Smart Factoring Scan and upload your invoices using your Smart phone Personal Touch Excellent customer service Flexibility Easy transfer from another Factori
Collateral assessment: no_property_collateral_mandate_unconfirmed"
CF-AF15CBA04BE2,Sunset Portfolios,,,contact@sunsetportfolios.com,,https://www.sunsetportfolios.com/,,business_finance,mandate_and_direct_funding_status_unconfirmed,business_finance_mandate_unconfirmed,unverified,20,,,,,,https://www.sunsetportfolios.com#footer,,NPLA public private lending directory,https://nplaconference.com/private-lending-directory/page/16/,2026-09-30,"Home | Sunset Portfolios, LLC top of pageHomeServicesTruck Insurance FinanceCredit LinesSupplier CreditBusiness LoansReal EstateEquipment FinancingConsultationReferral PartnersFunded DealsAboutMoreUse tab to navigate through the menu items.1-833-SUNSET-5SUNSET PORTFOLIOS, LLCSunset Portfolios, LLC is a firm specializing in small business finance & growth. Our focus is in fueling American business expansion and stabilizing the front line of the U.S. Economy. Our firm supports a wide range of financial services with the necessary tools and expertise to help grow your business. We partner with our clients from start to finish, focusing on their working capital needs while producing new ideas and developing effective strategic solutions. Contact us to learn more.GET FUNDED!Grow your businessREFERRAL PARTNERSAssist your clientsCONSULTATIONProfessional Financial AdviceFOOTERSUBMITThanks! Message sent.© 2023 Sunset Portfolios, LLCEnergy Conservation Solutions""Simon at Sunset Portfolios was able to procure capital for our company when we were in a cash crunch and he turned the loan around from application to funding in only 24hrs. Simon is very responsive and he is up front about his fees and he does what he says he will do.""-Shane Matteson, GA500 E Broward Ave, Suite 900 Fort Lauderdale, FL 33329Call: 1-833-SUNSET-5Contact@SunsetPortfolios.combottom of page
Collateral assessment: unknown"
CF-1535E18352B3,Haversine Funding,,,info@haversinefunding.com,,https://www.haversinefunding.com/contact,,factoring_receivables,mandate_and_direct_funding_status_unconfirmed,specialty_lender_finance_mismatch,unverified,10,,,,,,https://www.haversinefunding.com/contact,,Official public commercial finance website,https://www.haversinefunding.com/contact,2026-09-30,"Official site says it finances specialty lenders, not borrowers; potential capital network referral only. Contact | Haversine Funding Contact Us Home Services Insights For Investors Fundings Media Podcast Blog News About FAQs Contact Search the site Get In Touch Contact us below for further information Haversine Funding 5001 Spring Valley Road Suite 625E Dallas, Texas 75244 Chicago • Dallas • Naples • West Palm Beach info@haversinefunding.com Leave us a message Thank you! Your submission has been received! Oops! Something went wrong while submitting the form. Our goal is to become your true partner Work with our industry experts through your business cycles and stages, and gain new connections for growth and access to lower cost of funds. Meet the team Providing fast, fair, and flexible funding solutions. We finance specialty lenders — not borrowers. Resources Fundings Blog News Podcast FAQs Services Lender Finance (Senior/Junior Lines of Credit) Participation Program Platform Capital & Partnerships │ Vector Lead Line (Partner Referrals) Portfolio Assessments Company Home Services For Investors About Contact © 2024 Haversine Funding
Collateral assessment: no_property_collateral_mandate_unconfirmed"
